1759434473792769584 8 10 
1759435154108066168 47 
1759435154108100040 17 
1759435154136915352 22 
1759435154176915368 22 
1759435154188706176 47 
1759435154188706408 46 
1759435154216915384 22 
1759435154256915400 22 
1759435154269346184 47 
1759435154269346416 46 
1759435154296915416 22 
1759435154336915432 22 
1759435154349986192 47 
1759435154349986424 46 
1759435154376915448 22 
1759435154416915464 22 
1759435154430626200 47 
1759435154430626432 46 
1759435154456915480 22 
1759435154496915496 22 
1759435154511266208 47 
1759435154511266440 46 
1759435154536915512 22 
1759435154576915528 22 
1759435154591906216 47 
1759435154591906448 46 
1759435154616915544 22 
1759435154656915560 22 
1759435154672546224 47 
1759435154672546456 46 
1759435154696915576 22 
1759435154736915592 22 
1759435154738930992 1 
1759435154753186232 47 
1759435154753186464 46 
1759435154775212880 3 
1759435154776915608 22 
1759435154805578040 1 
1759435154805578048 9 
1759435154805578064 14 
1759435154805592048 2 
1759435154805679808 8 10 
1759435154805910248 37 
1759435154805911424 6 
1759435154805911432 7 
1759435154805913424 5 
1759435154805913432 6 
1759435154805914248 38 
1759435154805915432 7 
1759435154816915624 22 
1759435154833826240 47 
1759435154833826472 46 
1759435154841859152 3 
1759435154856915640 22 
1759435154872224312 1 
1759435154872224320 9 
1759435154872224336 14 
1759435154872238320 2 
1759435154872326080 8 10 
1759435154872556520 37 
1759435154872557696 6 
1759435154872557704 7 
1759435154872559696 5 
1759435154872559704 6 
1759435154872560520 38 
1759435154872561704 7 
1759435154896915656 22 
1759435154908505416 3 
1759435154914466248 47 
1759435154914466480 46 
1759435154936915672 22 
1759435154938870584 1 
1759435154938870592 9 
1759435154938870608 14 
1759435154938884592 2 
1759435154938972352 8 10 
1759435154939202792 37 
1759435154939203968 6 
1759435154939203976 7 
1759435154939205968 5 
1759435154939205976 6 
1759435154939206792 38 
1759435154939207976 7 
1759435154976915688 22 
1759435154995106256 47 
1759435154995106488 46 
1759435155000000016 32 
1759435155000019960 34 
1759435155016915704 22 
1759435155056915720 22 
1759435155075746264 47 
1759435155075746496 46 
1759435155096915736 22 
1759435155136915752 22 
1759435155156386272 47 
1759435155156386504 46 
1759435155176915768 22 
1759435155216915784 22 
1759435155228174840 19 
1759435155228174848 12 
1759435155228174864 15 
1759435155228177176 11 13 
1759435155237026280 47 
1759435155237026512 46 
1759435155256915800 22 
1759435155296915816 22 
1759435155317666288 47 
1759435155317666520 46 
1759435155336915832 22 
1759435155376915848 22 
1759435155398306296 47 
1759435155398306528 46 
1759435155416915864 22 
1759435155456915880 22 
1759435155478946304 47 
1759435155478946536 46 
1759435155496915896 22 
1759435155536915912 22 
1759435155559586312 47 
1759435155559586544 46 
1759435155576915928 22 
1759435155616915944 22 
1759435155640226320 47 
1759435155640226552 46 
1759435155656915960 22 
1759435155696915976 22 
1759435155720866328 47 
1759435155720866560 46 
1759435155736915992 22 
1759435155738590632 1 
1759435155774875416 3 
1759435155776916008 22 
1759435155801506336 47 
1759435155801506568 46 
1759435155805240576 1 
1759435155805240584 9 
1759435155805240600 14 
1759435155805254584 2 
1759435155805342344 8 10 
1759435155805572784 37 
1759435155805573960 6 
1759435155805573968 7 
1759435155805575960 5 
1759435155805575968 6 
1759435155805576784 38 
1759435155805577968 7 
1759435155816916024 22 
1759435155841517680 3 
1759435155856916040 22 
1759435155871882856 1 
1759435155871882864 9 
1759435155871882880 14 
1759435155871896856 2 
1759435155871984624 8 10 
1759435155872215064 37 
1759435155872216240 6 
1759435155872216248 7 
1759435155872218240 5 
1759435155872218248 6 
1759435155872219064 38 
1759435155872220248 7 
1759435155882146344 47 
1759435155882146576 46 
1759435155896916056 22 
1759435155908160048 3 
1759435155936916072 22 
1759435155938525232 1 
1759435155938525240 9 
1759435155938525256 14 
1759435155938539224 2 
1759435155938627000 8 10 
1759435155938857440 37 
1759435155938858616 6 
1759435155938858624 7 
1759435155938860616 5 
1759435155938860624 6 
1759435155938861440 38 
1759435155938862624 7 
1759435155962786352 47 
1759435155962786584 46 
1759435155976916088 22 
1759435156000000016 32 
1759435156000019992 34 
1759435156016916104 22 
1759435156043426360 47 
1759435156043426592 46 
1759435156056916120 22 
1759435156096916136 22 
1759435156124066368 47 
1759435156124066600 46 
1759435156136916152 22 
1759435156176916168 22 
1759435156204706376 47 
1759435156204706608 46 
1759435156216916184 22 
1759435156256916200 22 
1759435156285346384 47 
1759435156285346616 46 
1759435156296916216 22 
1759435156336916232 22 
1759435156365986392 47 
1759435156365986624 46 
1759435156376916248 22 
1759435156416916264 22 
1759435156446626400 47 
1759435156446626632 46 
1759435156456916280 22 
1759435156496916296 22 
1759435156527266408 47 
1759435156527266640 46 
1759435156536916312 22 
1759435156576916328 22 
1759435156607906416 47 
1759435156607906648 46 
1759435156616916344 22 
1759435156656916360 22 
1759435156671587912 1 
1759435156688546424 47 
1759435156688546656 46 
1759435156696916376 22 
1759435156736916392 22 
1759435156738233856 1 
1759435156738247848 2 
1759435156769186432 47 
1759435156769186664 46 
1759435156774511944 3 
1759435156776916408 22 
1759435156804877120 1 
1759435156804877128 9 
1759435156804877144 14 
1759435156804891120 2 
1759435156804978888 8 10 
1759435156805209328 37 
1759435156805210504 6 
1759435156805210512 7 
1759435156805212504 5 
1759435156805212512 6 
1759435156805213328 38 
1759435156805214512 7 
1759435156816916424 22 
1759435156841156320 3 
1759435156849826440 47 
1759435156849826672 46 
1759435156856916440 22 
1759435156871521496 1 
1759435156871521504 9 
1759435156871521520 14 
1759435156871535488 2 
1759435156871623264 8 10 
1759435156871853704 37 
1759435156871854880 6 
1759435156871854888 7 
1759435156871856880 5 
1759435156871856888 6 
1759435156871857704 38 
1759435156871858888 7 
1759435156896916456 22 
1759435156907801584 3 
1759435156930466448 47 
1759435156930466680 46 
1759435156936916472 22 
1759435156938166760 1 
1759435156938166768 9 
1759435156938166784 14 
1759435156938180760 2 
1759435156938268528 8 10 
1759435156938498968 37 
1759435156938500144 6 
1759435156938500152 7 
1759435156938502144 5 
1759435156938502152 6 
1759435156938502968 38 
1759435156938504152 7 
1759435156976916488 22 
1759435157000000016 32 
1759435157000020032 34 
1759435157011106456 47 
1759435157011106688 46 
1759435157016916504 22 
1759435157056916520 22 
1759435157091746464 47 
1759435157091746696 46 
1759435157096916536 22 
1759435157136916552 22 
1759435157172386472 47 
1759435157172386704 46 
1759435157176916568 22 
1759435157216916584 22 
1759435157253026480 47 
1759435157253026712 46 
1759435157256916600 22 
1759435157296916616 22 
1759435157333666488 47 
1759435157333666720 46 
1759435157336916632 22 
1759435157376916648 22 
1759435157414306496 47 
1759435157414306728 46 
1759435157416916664 22 
1759435157456916680 22 
1759435157494946504 47 
1759435157494946736 46 
1759435157496916696 22 
1759435157536916712 22 
1759435157575586512 47 
1759435157575586744 46 
1759435157576916728 22 
1759435157616916744 22 
1759435157656226520 47 
1759435157656226752 46 
1759435157656916760 22 
1759435157696916776 22 
1759435157736866528 47 
1759435157736866760 46 
1759435157736916792 22 
1759435157737883704 1 
1759435157774163584 3 
1759435157776916808 22 
1759435157804528744 1 
1759435157804528752 9 
1759435157804528768 14 
1759435157804542752 2 
1759435157804630512 8 10 
1759435157804860952 37 
1759435157804862128 6 
1759435157804862136 7 
1759435157804864128 5 
1759435157804864136 6 
1759435157804864952 38 
1759435157804866136 7 
1759435157816916824 22 
1759435157817506536 47 
1759435157817506768 46 
1759435157840806848 3 
1759435157856916840 22 
1759435157871172016 1 
1759435157871172024 9 
1759435157871172040 14 
1759435157871186024 2 
1759435157871273784 8 10 
1759435157871504224 37 
1759435157871505400 6 
1759435157871505408 7 
1759435157871507400 5 
1759435157871507408 6 
1759435157871508224 38 
1759435157871509408 7 
1759435157896916856 22 
1759435157898146544 47 
1759435157898146776 46 
1759435157907452224 3 
1759435157936916872 22 
1759435157937817384 1 
1759435157937817392 9 
1759435157937817408 14 
1759435157937831392 2 
1759435157937919152 8 10 
1759435157938149592 37 
1759435157938150768 6 
1759435157938150776 7 
1759435157938152768 5 
1759435157938152776 6 
1759435157938153592 38 
1759435157938154776 7 
1759435157976916888 22 
1759435157978786552 47 
1759435157978786784 46 
1759435158000000016 32 
1759435158000019960 34 
1759435158016916904 22 
1759435158056916920 22 
1759435158059426560 47 
1759435158059426792 46 
1759435158096916936 22 
1759435158136916952 22 
1759435158140066568 47 
1759435158140066800 46 
1759435158176916968 22 
1759435158216916984 22 
1759435158220706576 47 
1759435158220706808 46 
1759435158256917000 22 
1759435158296917016 22 
1759435158301346584 47 
1759435158301346816 46 
1759435158336917032 22 
1759435158376917048 22 
1759435158381986592 47 
1759435158381986824 46 
1759435158416917064 22 
1759435158456917080 22 
1759435158462626600 47 
1759435158462626832 46 
1759435158496917096 22 
1759435158536917112 22 
1759435158543266608 47 
1759435158543266840 46 
1759435158576917128 22 
1759435158616917144 22 
1759435158623906616 47 
1759435158623906848 46 
1759435158656917160 22 
1759435158696917176 22 
1759435158704546624 47 
1759435158704546856 46 
1759435158736917192 22 
1759435158737516344 1 
1759435158773795120 3 
1759435158776917208 22 
1759435158785186632 47 
1759435158785186864 46 
1759435158804160288 1 
1759435158804160296 9 
1759435158804160312 14 
1759435158804174288 2 
1759435158804262056 8 10 
1759435158804492496 37 
1759435158804493672 6 
1759435158804493680 7 
1759435158804495672 5 
1759435158804495680 6 
1759435158804496496 38 
1759435158804497680 7 
1759435158816917224 22 
1759435158840439488 3 
1759435158856917240 22 
1759435158865826640 47 
1759435158865826872 46 
1759435158870804656 1 
1759435158870804664 9 
1759435158870804680 14 
1759435158870818656 2 
1759435158870906424 8 10 
1759435158871136864 37 
1759435158871138040 6 
1759435158871138048 7 
1759435158871140040 5 
1759435158871140048 6 
1759435158871140864 38 
1759435158871142048 7 
1759435158896917256 22 
1759435158907081760 3 
1759435158936917272 22 
1759435158937446920 1 
1759435158937446928 9 
1759435158937446944 14 
1759435158937460928 2 
1759435158937548688 8 10 
1759435158937779128 37 
1759435158937780304 6 
1759435158937780312 7 
1759435158937782304 5 
1759435158937782312 6 
1759435158937783128 38 
1759435158937784312 7 
1759435158946466648 47 
1759435158946466880 46 
1759435158976917288 22 
1759435159000000016 32 
1759435159000020000 34 
1759435159016917304 22 
1759435159027106656 47 
1759435159027106888 46 
1759435159056917320 22 
1759435159096917336 22 
1759435159107746664 47 
1759435159107746896 46 
1759435159136917352 22 
1759435159176917368 22 
1759435159188386672 47 
1759435159188386904 46 
1759435159216917384 22 
1759435159256917400 22 
1759435159269026680 47 
1759435159269026912 46 
1759435159296917416 22 
1759435159336917432 22 
1759435159349666688 47 
1759435159349666920 46 
1759435159376917448 22 
1759435159416917464 22 
1759435159430306696 47 
1759435159430306928 46 
1759435159456917480 22 
1759435159496917496 22 
1759435159510946704 47 
1759435159510946936 46 
1759435159536917512 22 
1759435159576917528 22 
1759435159591586712 47 
1759435159591586944 46 
1759435159616917544 22 
1759435159656917560 22 
1759435159672226720 47 
1759435159672226952 46 
1759435159696917576 22 
1759435159736917592 22 
1759435159737145888 1 
1759435159752866728 47 
1759435159752866960 46 
1759435159773429752 3 
1759435159776917608 22 
1759435159787816296 19 
1759435159787816304 12 
1759435159787816320 15 
1759435159787818632 11 13 
1759435159803794912 1 
1759435159803794920 9 
1759435159803794936 14 
1759435159803808928 2 
1759435159803896680 8 10 
1759435159804127120 37 
1759435159804128296 6 
1759435159804128304 7 
1759435159804130296 5 
1759435159804130304 6 
1759435159804131120 38 
1759435159804132304 7 
1759435159816917624 22 
1759435159833506736 47 
1759435159833506968 46 
1759435159840071024 3 
1759435159856917640 22 
1759435159870436200 1 
1759435159870436208 9 
1759435159870436224 14 
1759435159870450200 2 
1759435159870537968 8 10 
1759435159870768408 37 
1759435159870769584 6 
1759435159870769592 7 
1759435159870771584 5 
1759435159870771592 6 
1759435159870772408 38 
1759435159870773592 7 
1759435159896917656 22 
1759435159906715296 3 
1759435159914146744 47 
1759435159914146976 46 
1759435159936917672 22 
1759435159937080464 1 
1759435159937080472 9 
1759435159937080488 14 
1759435159937094464 2 
1759435159937182232 8 10 
1759435159937412672 37 
1759435159937413848 6 
1759435159937413856 7 
1759435159937415848 5 
1759435159937415856 6 
1759435159937416672 38 
1759435159937417856 7 
1759435159976917688 22 
1759435159994786752 47 
1759435159994786984 46 
1759435160000000016 32 
1759435160000019936 34 
1759435160016917704 22 
1759435160056917720 22 
1759435160075426760 47 
1759435160075426992 46 
1759435160096917736 22 
1759435160136917752 22 
1759435160156066768 47 
1759435160156067000 46 
1759435160176917768 22 
1759435160216917784 22 
1759435160236706776 47 
1759435160236707008 46 
1759435160256917800 22 
1759435160296917816 22 
1759435160317346784 47 
1759435160317347016 46 
1759435160336917832 22 
1759435160376917848 22 
1759435160397986792 47 
1759435160397987024 46 
1759435160416917864 22 
1759435160456917880 22 
1759435160478626800 47 
1759435160478627032 46 
1759435160496917896 22 
1759435160536917912 22 
1759435160559266808 47 
1759435160559267040 46 
1759435160576917928 22 
1759435160616917944 22 
1759435160639906816 47 
1759435160639907048 46 
1759435160656917960 22 
1759435160696917976 22 
1759435160720546824 47 
1759435160720547056 46 
1759435160736802520 1 
1759435160736917992 22 
1759435160773081296 3 
1759435160776918008 22 
1759435160801186832 47 
1759435160801187064 46 
1759435160803446456 1 
1759435160803446464 9 
1759435160803446480 14 
1759435160803460464 2 
1759435160803548224 8 10 
1759435160803778664 37 
1759435160803779840 6 
1759435160803779848 7 
1759435160803781840 5 
1759435160803781848 6 
1759435160803782664 38 
1759435160803783848 7 
1759435160816918024 22 
1759435160839729560 3 
1759435160856918040 22 
1759435160870094728 1 
1759435160870094736 9 
1759435160870094752 14 
1759435160870108736 2 
1759435160870196496 8 10 
1759435160870426936 37 
1759435160870428112 6 
1759435160870428120 7 
1759435160870430112 5 
1759435160870430120 6 
1759435160870430936 38 
1759435160870432120 7 
1759435160881826840 47 
1759435160881827072 46 
1759435160896918056 22 
1759435160906374928 3 
1759435160936740104 1 
1759435160936740112 9 
1759435160936740128 14 
1759435160936754104 2 
1759435160936841872 8 10 
1759435160936918072 22 
1759435160937072312 37 
1759435160937073488 6 
1759435160937073496 7 
1759435160937075488 5 
1759435160937075496 6 
1759435160937076312 38 
1759435160937077496 7 
1759435160962466848 47 
1759435160962467080 46 
1759435160976918088 22 
1759435161000000016 32 
1759435161000019976 34 
1759435161016918104 22 
1759435161043106856 47 
1759435161043107088 46 
1759435161056918120 22 
1759435161096918136 22 
1759435161123746864 47 
1759435161123747096 46 
1759435161136918152 22 
1759435161176918168 22 
1759435161204386872 47 
1759435161204387104 46 
1759435161216918184 22 
1759435161256918200 22 
1759435161285026880 47 
1759435161285027112 46 
1759435161296918216 22 
1759435161336918232 22 
1759435161365666888 47 
1759435161365667120 46 
1759435161376918248 22 
1759435161416918264 22 
1759435161446306896 47 
1759435161446307128 46 
1759435161456918280 22 
1759435161496918296 22 
1759435161526946904 47 
1759435161526947136 46 
1759435161536918312 22 
1759435161576918328 22 
1759435161607586912 47 
1759435161607587144 46 
1759435161616918344 22 
1759435161656918360 22 
1759435161688226920 47 
1759435161688227152 46 
1759435161696918376 22 
1759435161736467048 1 
1759435161736918392 22 
1759435161768866928 47 
1759435161768867160 46 
1759435161772751824 3 
1759435161776918408 22 
1759435161803117000 1 
1759435161803117008 9 
1759435161803117024 14 
1759435161803131000 2 
1759435161803218768 8 10 
1759435161803449208 37 
1759435161803450384 6 
1759435161803450392 7 
1759435161803452384 5 
1759435161803452392 6 
1759435161803453208 38 
1759435161803454392 7 
1759435161816918424 22 
1759435161839396200 3 
1759435161849506936 47 
1759435161849507168 46 
1759435161856918440 22 
1759435161869761368 1 
1759435161869761376 9 
1759435161869761392 14 
1759435161869775368 2 
1759435161869863136 8 10 
1759435161870093576 37 
1759435161870094752 6 
1759435161870094760 7 
1759435161870096752 5 
1759435161870096760 6 
1759435161870097576 38 
1759435161870098760 7 
1759435161896918456 22 
1759435161906037464 3 
1759435161924165624 19 
1759435161924165632 12 
1759435161924165648 15 
1759435161924167960 11 13 
1759435161930146944 47 
1759435161930147176 46 
1759435161936402632 1 
1759435161936402640 9 
1759435161936402656 14 
1759435161936416640 2 
1759435161936504400 8 10 
1759435161936734840 37 
1759435161936736016 6 
1759435161936736024 7 
1759435161936738016 5 
1759435161936738024 6 
1759435161936738840 38 
1759435161936740024 7 
1759435161936918472 22 
1759435161976918488 22 
1759435162000000016 32 
1759435162000020008 34 
1759435162010786952 47 
1759435162010787184 46 
1759435162016918504 22 
1759435162056918520 22 
1759435162091426960 47 
1759435162091427192 46 
1759435162096918536 22 
1759435162136918552 22 
1759435162172066968 47 
1759435162172067200 46 
1759435162176918568 22 
1759435162216918584 22 
1759435162252706976 47 
1759435162252707208 46 
1759435162256918600 22 
1759435162296918616 22 
1759435162333346984 47 
1759435162333347216 46 
1759435162336918632 22 
1759435162376918648 22 
1759435162413986992 47 
1759435162413987224 46 
1759435162416918664 22 
1759435162456918680 22 
1759435162494627000 47 
1759435162494627232 46 
1759435162496918696 22 
1759435162536918712 22 
1759435162575267008 47 
1759435162575267240 46 
1759435162576918728 22 
1759435162616918744 22 
1759435162655907016 47 
1759435162655907248 46 
1759435162656918760 22 
1759435162696918776 22 
1759435162736138592 1 
1759435162736547024 47 
1759435162736547256 46 
1759435162736918792 22 
1759435162772424464 3 
1759435162776918808 22 
1759435162802789624 1 
1759435162802789632 9 
1759435162802789648 14 
1759435162802803632 2 
1759435162802891392 8 10 
1759435162803121832 37 
1759435162803123008 6 
1759435162803123016 7 
1759435162803125008 5 
1759435162803125016 6 
1759435162803125832 38 
1759435162803127016 7 
1759435162816918824 22 
1759435162817187032 47 
1759435162817187264 46 
1759435162839070728 3 
1759435162856918840 22 
1759435162869435896 1 
1759435162869435904 9 
1759435162869435920 14 
1759435162869449904 2 
1759435162869537664 8 10 
1759435162869768104 37 
1759435162869769280 6 
1759435162869769288 7 
1759435162869771280 5 
1759435162869771288 6 
1759435162869772104 38 
1759435162869773288 7 
1759435162896918856 22 
1759435162897827040 47 
1759435162897827272 46 
1759435162905717000 3 
1759435162936082168 1 
1759435162936082176 9 
1759435162936082192 14 
1759435162936096176 2 
1759435162936183936 8 10 
1759435162936414376 37 
1759435162936415552 6 
1759435162936415560 7 
1759435162936417552 5 
1759435162936417560 6 
1759435162936418376 38 
1759435162936419560 7 
1759435162936918872 22 
1759435162976918888 22 
1759435162978467048 47 
1759435162978467280 46 
1759435163000000016 32 
1759435163000019944 34 
1759435163016918904 22 
1759435163056918920 22 
1759435163059107056 47 
1759435163059107288 46 
1759435163096918936 22 
1759435163136918952 22 
1759435163139747064 47 
1759435163139747296 46 
1759435163176918968 22 
1759435163216918984 22 
1759435163220387072 47 
1759435163220387304 46 
1759435163256919000 22 
1759435163296919016 22 
1759435163301027080 47 
1759435163301027312 46 
1759435163336919032 22 
1759435163376919048 22 
1759435163381667088 47 
1759435163381667320 46 
1759435163416919064 22 
1759435163456919080 22 
1759435163462307096 47 
1759435163462307328 46 
1759435163496919096 22 
1759435163536919112 22 
1759435163542947104 47 
1759435163542947336 46 
1759435163576919128 22 
1759435163616919144 22 
1759435163623587112 47 
1759435163623587344 46 
1759435163656919160 22 
1759435163696919176 22 
1759435163704227120 47 
1759435163704227352 46 
1759435163735844216 1 
1759435163736919192 22 
1759435163772126000 3 
1759435163776919208 22 
1759435163784867128 47 
1759435163784867360 46 
1759435163802491160 1 
1759435163802491168 9 
1759435163802491184 14 
1759435163802505168 2 
1759435163802592928 8 10 
1759435163802823368 37 
1759435163802824544 6 
1759435163802824552 7 
1759435163802826544 5 
1759435163802826552 6 
1759435163802827368 38 
1759435163802828552 7 
1759435163816919224 22 
1759435163838774264 3 
1759435163856919240 22 
1759435163865507136 47 
1759435163865507368 46 
1759435163869139432 1 
1759435163869139440 9 
1759435163869139456 14 
1759435163869153440 2 
1759435163869241200 8 10 
1759435163869471640 37 
1759435163869472816 6 
1759435163869472824 7 
1759435163869474816 5 
1759435163869474824 6 
1759435163869475640 38 
1759435163869476824 7 
1759435163896919256 22 
1759435163905423632 3 
1759435163935788808 1 
1759435163935788816 9 
1759435163935788832 14 
1759435163935802808 2 
1759435163935890576 8 10 
1759435163936121016 37 
1759435163936122192 6 
1759435163936122200 7 
1759435163936124192 5 
1759435163936124200 6 
1759435163936125016 38 
1759435163936126200 7 
1759435163936919272 22 
1759435163946147144 47 
1759435163946147376 46 
1759435163976919288 22 
1759435164000000016 32 
1759435164000019976 34 
1759435164016919304 22 
1759435164026787152 47 
1759435164026787384 46 
1759435164056919320 22 
1759435164096919336 22 
1759435164107427160 47 
1759435164107427392 46 
1759435164136919352 22 
1759435164176919368 22 
1759435164188067168 47 
1759435164188067400 46 
1759435164216919384 22 
1759435164256919400 22 
1759435164268707176 47 
1759435164268707408 46 
1759435164296919416 22 
1759435164336919432 22 
1759435164349347184 47 
1759435164349347416 46 
1759435164376919448 22 
1759435164416919464 22 
1759435164429987192 47 
1759435164429987424 46 
1759435164456919480 22 
1759435164496919496 22 
1759435164510627200 47 
1759435164510627432 46 
1759435164536919512 22 
1759435164576919528 22 
1759435164591267208 47 
1759435164591267440 46 
1759435164616919544 22 
1759435164656919560 22 
1759435164671907216 47 
1759435164671907448 46 
1759435164696919576 22 
1759435164735532752 1 
1759435164736919592 22 
1759435164752547224 47 
1759435164752547456 46 
1759435164771813536 3 
1759435164776919608 22 
1759435164802178696 1 
1759435164802178704 9 
1759435164802178720 14 
1759435164802192704 2 
1759435164802280464 8 10 
1759435164802510904 37 
1759435164802512080 6 
1759435164802512088 7 
1759435164802514080 5 
1759435164802514088 6 
1759435164802514904 38 
1759435164802516088 7 
1759435164816919624 22 
1759435164833187232 47 
1759435164833187464 46 
1759435164838457904 3 
1759435164856919640 22 
1759435164868823072 1 
1759435164868823080 9 
1759435164868823096 14 
1759435164868837072 2 
1759435164868924840 8 10 
1759435164869155280 37 
1759435164869156456 6 
1759435164869156464 7 
1759435164869158456 5 
1759435164869158464 6 
1759435164869159280 38 
1759435164869160464 7 
1759435164896919656 22 
1759435164905102168 3 
1759435164913827240 47 
1759435164913827472 46 
1759435164935467336 1 
1759435164935467344 9 
1759435164935467360 14 
1759435164935481344 2 
1759435164935569104 8 10 
1759435164935799544 37 
1759435164935800720 6 
1759435164935800728 7 
1759435164935802720 5 
1759435164935802728 6 
1759435164935803544 38 
1759435164935804728 7 
1759435164936919672 22 
1759435164976919688 22 
1759435164994467248 47 
1759435164994467480 46 
1759435165000000016 32 
1759435165000020016 34 
1759435165016919704 22 
1759435165056919720 22 
1759435165075107256 47 
1759435165075107488 46 
1759435165096919736 22 
1759435165136919752 22 
1759435165155747264 47 
1759435165155747496 46 
1759435165176919768 22 
1759435165216919784 22 
1759435165236387272 47 
1759435165236387504 46 
1759435165256919800 22 
1759435165296919816 22 
1759435165317027280 47 
1759435165317027512 46 
1759435165336919832 22 
1759435165376919848 22 
1759435165397667288 47 
1759435165397667520 46 
1759435165416919864 22 
1759435165456919880 22 
1759435165478307296 47 
1759435165478307528 46 
1759435165496919896 22 
1759435165536919912 22 
1759435165558947304 47 
1759435165558947536 46 
1759435165576919928 22 
1759435165616919944 22 
1759435165639587312 47 
1759435165639587544 46 
1759435165656919960 22 
1759435165696919976 22 
1759435165720227320 47 
1759435165720227552 46 
1759435165735209280 1 
1759435165736919992 22 
1759435165771494168 3 
1759435165776920008 22 
1759435165800867328 47 
1759435165800867560 46 
1759435165801859336 1 
1759435165801859344 9 
1759435165801859360 14 
1759435165801873344 2 
1759435165801961104 8 10 
1759435165802191544 37 
1759435165802192720 6 
1759435165802192728 7 
1759435165802194720 5 
1759435165802194728 6 
1759435165802195544 38 
1759435165802196728 7 
1759435165816920024 22 
1759435165838137440 3 
1759435165856920040 22 
1759435165868502600 1 
1759435165868502608 9 
1759435165868502624 14 
1759435165868516608 2 
1759435165868604368 8 10 
1759435165868834808 37 
1759435165868835984 6 
1759435165868835992 7 
1759435165868837984 5 
1759435165868837992 6 
1759435165868838808 38 
1759435165868839992 7 
1759435165881507336 47 
1759435165881507568 46 
1759435165896920056 22 
1759435165904785704 3 
1759435165935150872 1 
1759435165935150880 9 
1759435165935150896 14 
1759435165935164880 2 
1759435165935252640 8 10 
1759435165935483080 37 
1759435165935484256 6 
1759435165935484264 7 
1759435165935486256 5 
1759435165935486264 6 
1759435165935487080 38 
1759435165935488264 7 
1759435165936920072 22 
1759435165962147344 47 
1759435165962147576 46 
1759435165976920088 22 
1759435166000000016 32 
1759435166000019952 34 
1759435166016920104 22 
1759435166042787352 47 
1759435166042787584 46 
1759435166056920120 22 
1759435166096920136 22 
1759435166123427360 47 
1759435166123427592 46 
1759435166136920152 22 
1759435166176920168 22 
1759435166204067368 47 
1759435166204067600 46 
1759435166216920184 22 
1759435166256920200 22 
1759435166284707376 47 
1759435166284707608 46 
1759435166296496888 19 
1759435166296496896 12 
1759435166296496912 15 
1759435166296499224 11 13 
1759435166296920216 22 
1759435166336920232 22 
1759435166365347384 47 
1759435166365347616 46 
1759435166376920248 22 
1759435166416920264 22 
1759435166445987392 47 
1759435166445987624 46 
1759435166456920280 22 
1759435166496920296 22 
1759435166526627400 47 
1759435166526627632 46 
1759435166536920312 22 
1759435166576920328 22 
1759435166607267408 47 
1759435166607267640 46 
1759435166616920344 22 
1759435166656920360 22 
1759435166668260560 1 
1759435166687907416 47 
1759435166687907648 46 
1759435166696920376 22 
1759435166734911616 1 
1759435166734925608 2 
1759435166736920392 22 
1759435166768547424 47 
1759435166768547656 46 
1759435166771191704 3 
1759435166776920408 22 
1759435166801556880 1 
1759435166801556888 9 
1759435166801556904 14 
1759435166801570872 2 
1759435166801658648 8 10 
1759435166801889088 37 
1759435166801890264 6 
1759435166801890272 7 
1759435166801892264 5 
1759435166801892272 6 
1759435166801893088 38 
1759435166801894272 7 
1759435166816920424 22 
1759435166837839976 3 
1759435166849187432 47 
1759435166849187664 46 
1759435166856920440 22 
1759435166868205136 1 
1759435166868205144 9 
1759435166868205160 14 
1759435166868219144 2 
1759435166868306904 8 10 
1759435166868537344 37 
1759435166868538520 6 
1759435166868538528 7 
1759435166868540520 5 
1759435166868540528 6 
1759435166868541344 38 
1759435166868542528 7 
1759435166896920456 22 
1759435166904484344 3 
1759435166929827440 47 
1759435166929827672 46 
1759435166934849504 1 
1759435166934849512 9 
1759435166934849528 14 
1759435166934863512 2 
1759435166934951272 8 10 
1759435166935181712 37 
1759435166935182888 6 
1759435166935182896 7 
1759435166935184888 5 
1759435166935184896 6 
1759435166935185712 38 
1759435166935186896 7 
1759435166936920472 22 
1759435166976920488 22 
1759435167000000016 32 
1759435167000019984 34 
1759435167010467448 47 
1759435167010467680 46 
1759435167016920504 22 
1759435167056920520 22 
1759435167091107456 47 
1759435167091107688 46 
1759435167096920536 22 
1759435167136920552 22 
1759435167171747464 47 
1759435167171747696 46 
1759435167176920568 22 
1759435167216920584 22 
1759435167252387472 47 
1759435167252387704 46 
1759435167256920600 22 
1759435167296920616 22 
1759435167333027480 47 
1759435167333027712 46 
1759435167336920632 22 
1759435167376920648 22 
1759435167413667488 47 
1759435167413667720 46 
1759435167416920664 22 
1759435167456920680 22 
1759435167494307496 47 
1759435167494307728 46 
1759435167496920696 22 
1759435167536920712 22 
1759435167574947504 47 
1759435167574947736 46 
1759435167576920728 22 
1759435167616920744 22 
1759435167655587512 47 
1759435167655587744 46 
1759435167656920760 22 
1759435167696920776 22 
1759435167734582464 1 
1759435167736227520 47 
1759435167736227752 46 
1759435167736920792 22 
1759435167770866240 3 
1759435167776920808 22 
1759435167801231408 1 
1759435167801231416 9 
1759435167801231432 14 
1759435167801245408 2 
1759435167801333176 8 10 
1759435167801563616 37 
1759435167801564792 6 
1759435167801564800 7 
1759435167801566792 5 
1759435167801566800 6 
1759435167801567616 38 
1759435167801568800 7 
1759435167816867528 47 
1759435167816867760 46 
1759435167816920824 22 
1759435167837509608 3 
1759435167856920840 22 
1759435167867874776 1 
1759435167867874784 9 
1759435167867874800 14 
1759435167867888776 2 
1759435167867976544 8 10 
1759435167868206984 37 
1759435167868208160 6 
1759435167868208168 7 
1759435167868210160 5 
1759435167868210168 6 
1759435167868210984 38 
1759435167868212168 7 
1759435167896920856 22 
1759435167897507536 47 
1759435167897507768 46 
1759435167904152872 3 
1759435167934518040 1 
1759435167934518048 9 
1759435167934518064 14 
1759435167934532048 2 
1759435167934619808 8 10 
1759435167934850248 37 
1759435167934851424 6 
1759435167934851432 7 
1759435167934853424 5 
1759435167934853432 6 
1759435167934854248 38 
1759435167934855432 7 
1759435167936920872 22 
1759435167976920888 22 
1759435167978147544 47 
1759435167978147776 46 
1759435168000000016 32 
1759435168000020016 34 
1759435168016920904 22 
1759435168056920920 22 
1759435168058787552 47 
1759435168058787784 46 
1759435168096920936 22 
1759435169000000000 22 47 46 22 22 47 46 22 22 47 46 22 22 47 46 22 22 47 46 22 22 47 46 22 22 47 46 22 22 47 46 1 22 3 22 47 46 1 9 14 2 8 10 37 6 7 5 6 38 7 22 3 19 12 15 11 13 22 47 46 1 9 14 2 8 10 37 6 7 5 6 38 7 22 3 1 9 14 2 8 10 37 6 7 5 6 38 7 22 47 46 22 
1759435169000000016 32 
1759435169000019944 34 
1759435169016921304 22 
1759435169026467648 47 
1759435169026467880 46 
1759435169056921320 22 
1759435169096921336 22 
1759435169107107656 47 
1759435169107107888 46 
1759435169115799256 17 
1759435169267107936 26 
1759435169427107952 26 
1759435169587107968 26 
1759435169733883624 1 
1759435169747107984 26 
1759435169770163400 3 
1759435169800528568 1 
1759435169800528576 9 
1759435169800528592 14 
1759435169800542576 2 
1759435169800860776 37 
1759435169800861952 6 
1759435169800861960 7 
1759435169800863952 5 
1759435169800863960 6 
1759435169800864776 38 
1759435169800865960 7 
1759435169800866840 8 10 
1759435169836803768 3 
1759435169867168936 1 
1759435169867168944 9 
1759435169867168960 14 
1759435169867182944 2 
1759435169867501144 37 
1759435169867502320 6 
1759435169867502328 7 
1759435169867504320 5 
1759435169867504328 6 
1759435169867505144 38 
1759435169867506328 7 
1759435169867507208 8 10 
1759435169903447040 3 
1759435169907108000 26 
1759435169933812200 1 
1759435169933812208 9 
1759435169933812224 14 
1759435169933826216 2 
1759435169934144408 37 
1759435169934145584 6 
1759435169934145592 7 
1759435169934147584 5 
1759435169934147592 6 
1759435169934148408 38 
1759435169934149592 7 
1759435169934150472 8 10 
1759435170000000016 32 
1759435170000019984 34 
1759435170067108016 26 
1759435170227108032 26 
1759435170387108048 26 
1759435170547108064 26 
1759435170707108080 26 
1759435170733493160 1 
1759435170769773040 3 
1759435170800138208 1 
1759435170800138216 9 
1759435170800138232 14 
1759435170800152208 2 
1759435170800470416 37 
1759435170800471592 6 
1759435170800471600 7 
1759435170800473592 5 
1759435170800473600 6 
1759435170800474416 38 
1759435170800475600 7 
1759435170800476480 8 10 
1759435170836413304 3 
1759435170866778472 1 
1759435170866778480 9 
1759435170866778496 14 
1759435170866792480 2 
1759435170867108096 26 
1759435170867110680 37 
1759435170867111856 6 
1759435170867111864 7 
1759435170867113856 5 
1759435170867113864 6 
1759435170867114680 38 
1759435170867115864 7 
1759435170867116744 8 10 
1759435170903054576 3 
1759435170933419736 1 
1759435170933419744 9 
1759435170933419760 14 
1759435170933433744 2 
1759435170933751944 37 
1759435170933753120 6 
1759435170933753128 7 
1759435170933755120 5 
1759435170933755128 6 
1759435170933755944 38 
1759435170933757128 7 
1759435170933758008 8 10 
1759435171000000016 32 
1759435171000020016 34 
1759435171027108112 26 
1759435171187108128 26 
1759435171347108144 26 
1759435171418451872 19 
1759435171418451880 12 
1759435171418451896 15 
1759435171418451928 46 
1759435171418454208 11 13 
1759435171578451944 26 
1759435171733103784 1 
1759435171738451960 26 
1759435171769381576 3 
1759435171799746744 1 
1759435171799746752 9 
1759435171799746768 14 
1759435171799760744 2 
1759435171800078952 37 
1759435171800080128 6 
1759435171800080136 7 
1759435171800082128 5 
1759435171800082136 6 
1759435171800082952 38 
1759435171800084136 7 
1759435171800085016 8 10 
1759435171836021840 3 
1759435171866387008 1 
1759435171866387016 9 
1759435171866387032 14 
1759435171866401016 2 
1759435171866719216 37 
1759435171866720392 6 
1759435171866720400 7 
1759435171866722392 5 
1759435171866722400 6 
1759435171866723216 38 
1759435171866724400 7 
1759435171866725280 8 10 
1759435171898451976 26 
1759435171902663208 3 
1759435171933028376 1 
1759435171933028384 9 
1759435171933028400 14 
1759435171933042384 2 
1759435171933360584 37 
1759435171933361760 6 
1759435171933361768 7 
1759435171933363760 5 
1759435171933363768 6 
1759435171933364584 38 
1759435171933365768 7 
1759435171933366648 8 10 
1759435172000000016 32 
1759435172000019952 34 
1759435172058451992 26 
1759435172085210384 22 
1759435172218452008 26 
1759435172378452024 26 
1759435172538452040 26 
1759435172698452056 26 
1759435172732690336 1 
1759435172768963112 3 
1759435172799328272 1 
1759435172799328280 9 
1759435172799328296 14 
1759435172799342280 2 
1759435172799660480 37 
1759435172799661656 6 
1759435172799661664 7 
1759435172799663656 5 
1759435172799663664 6 
1759435172799664480 38 
1759435172799665664 7 
1759435172799666544 8 10 
1759435172835600480 3 
1759435172858452072 26 
1759435172865965640 1 
1759435172865965648 9 
1759435172865965664 14 
1759435172865979656 2 
1759435172866297848 37 
1759435172866299024 6 
1759435172866299032 7 
1759435172866301024 5 
1759435172866301032 6 
1759435172866301848 38 
1759435172866303032 7 
1759435172866303912 8 10 
1759435172902235752 3 
1759435172932600920 1 
1759435172932600928 9 
1759435172932600944 14 
1759435172932614920 2 
1759435172932933128 37 
1759435172932934304 6 
1759435172932934312 7 
1759435172932936304 5 
1759435172932936312 6 
1759435172932937128 38 
1759435172932938312 7 
1759435172932939192 8 10 
1759435173000000016 32 
1759435173000019992 34 
1759435173018452088 26 
1759435174000000000 26 26 26 26 1 3 1 9 14 2 37 6 7 5 6 38 7 8 10 26 3 1 9 14 2 37 6 7 5 6 38 7 8 10 3 1 9 14 2 37 6 7 5 6 38 7 8 10 26 
1759435174000000016 32 
1759435174000020032 34 
1759435174043512272 19 
1759435174043512280 12 
1759435174043512296 15 
1759435174043512328 46 
1759435174043514608 11 13 
1759435174134663432 17 
1759435174203512344 26 
1759435174363512360 26 
1759435174523512376 26 
1759435174683512392 26 
1759435174731750520 1 
1759435174768020288 3 
1759435174798385448 1 
1759435174798385456 9 
1759435174798385472 14 
1759435174798399456 2 
1759435174798717656 37 
1759435174798718832 6 
1759435174798718840 7 
1759435174798720832 5 
1759435174798720840 6 
1759435174798721656 38 
1759435174798722840 7 
1759435174798723720 8 10 
1759435174834655560 3 
1759435174843512408 26 
1759435174865020728 1 
1759435174865020736 9 
1759435174865020752 14 
1759435174865034728 2 
1759435174865352936 37 
1759435174865354112 6 
1759435174865354120 7 
1759435174865356112 5 
1759435174865356120 6 
1759435174865356936 38 
1759435174865358120 7 
1759435174865359000 8 10 
1759435174901289928 3 
1759435174931655088 1 
1759435174931655096 9 
1759435174931655112 14 
1759435174931669096 2 
1759435174931987296 37 
1759435174931988472 6 
1759435174931988480 7 
1759435174931990472 5 
1759435174931990480 6 
1759435174931991296 38 
1759435174931992480 7 
1759435174931993360 8 10 
1759435175000000016 32 
1759435175000019968 34 
1759435175003512424 26 
1759435175073499432 22 
1759435175163512440 26 
1759435175323512456 26 
1759435175483512472 26 
1759435175643512488 26 
1759435175731247040 1 
1759435175767522824 3 
1759435175797887992 1 
1759435175797888000 9 
1759435175797888016 14 
1759435175797901992 2 
1759435175798220200 37 
1759435175798221376 6 
1759435175798221384 7 
1759435175798223376 5 
1759435175798223384 6 
1759435175798224200 38 
1759435175798225384 7 
1759435175798226264 8 10 
1759435175803512504 26 
1759435175834157192 3 
1759435175864522360 1 
1759435175864522368 9 
1759435175864522384 14 
1759435175864536368 2 
1759435175864854568 37 
1759435175864855744 6 
1759435175864855752 7 
1759435175864857744 5 
1759435175864857752 6 
1759435175864858568 38 
1759435175864859752 7 
1759435175864860632 8 10 
1759435175900789464 3 
1759435175931154632 1 
1759435175931154640 9 
1759435175931154656 14 
1759435175931168632 2 
1759435175931486840 37 
1759435175931488016 6 
1759435175931488024 7 
1759435175931490016 5 
1759435175931490024 6 
1759435175931490840 38 
1759435175931492024 7 
1759435175931492904 8 10 
1759435175963512520 26 
1759435176000000016 32 
1759435176000020000 34 
1759435176105560688 19 
1759435176105560696 12 
1759435176105560712 15 
1759435176105560744 46 
1759435176105563024 11 13 
1759435176265560760 26 
1759435176425560776 26 
1759435176585560792 26 
1759435176664099312 1 
1759435176730734264 1 
1759435176730748264 2 
1759435176745560808 26 
1759435176767001456 3 
1759435176797366624 1 
1759435176797366632 9 
1759435176797366648 14 
1759435176797380632 2 
1759435176797698832 37 
1759435176797700008 6 
1759435176797700016 7 
1759435176797702008 5 
1759435176797702016 6 
1759435176797702832 38 
1759435176797704016 7 
1759435176797704896 8 10 
1759435176833632728 3 
1759435176863997896 1 
1759435176863997904 9 
1759435176863997920 14 
1759435176864011904 2 
1759435176864330104 37 
1759435176864331280 6 
1759435176864331288 7 
1759435176864333280 5 
1759435176864333288 6 
1759435176864334104 38 
1759435176864335288 7 
1759435176864336168 8 10 
1759435176900264000 3 
1759435176905560824 26 
1759435176930629168 1 
1759435176930629176 9 
1759435176930629192 14 
1759435176930643168 2 
1759435176930961376 37 
1759435176930962552 6 
1759435176930962560 7 
1759435176930964552 5 
1759435176930964560 6 
1759435176930965376 38 
1759435176930966560 7 
1759435176930967440 8 10 
1759435177000000016 32 
1759435177000019936 34 
1759435177065560840 26 
1759435177225560856 26 
1759435177385560872 26 
1759435177545560888 26 
1759435177705560904 26 
1759435177730217224 1 
1759435177766486992 3 
1759435177796852168 1 
1759435177796852176 9 
1759435177796852192 14 
1759435177796866168 2 
1759435177797184376 37 
1759435177797185552 6 
1759435177797185560 7 
1759435177797187552 5 
1759435177797187560 6 
1759435177797188376 38 
1759435177797189560 7 
1759435177797190440 8 10 
1759435177833122264 3 
1759435177863487432 1 
1759435177863487440 9 
1759435177863487456 14 
1759435177863501440 2 
1759435177863819640 37 
1759435177863820816 6 
1759435177863820824 7 
1759435177863822816 5 
1759435177863822824 6 
1759435177863823640 38 
1759435177863824824 7 
1759435177863825704 8 10 
1759435177865560920 26 
1759435177899753632 3 
1759435177930118808 1 
1759435177930118816 9 
1759435177930118832 14 
1759435177930132808 2 
1759435177930451016 37 
1759435177930452192 6 
1759435177930452200 7 
1759435177930454192 5 
1759435177930454200 6 
1759435177930455016 38 
1759435177930456200 7 
1759435177930457080 8 10 
1759435178000000016 32 
1759435178000019968 34 
1759435178025560936 26 
1759435178061788480 22 
1759435178185560952 26 
1759435178345560968 26 
1759435178505560984 26 
1759435178665561000 26 
1759435178729702752 1 
1759435178765970528 3 
1759435178796335704 1 
1759435178796335712 9 
1759435178796335728 14 
1759435178796349704 2 
1759435178796667912 37 
1759435178796669088 6 
1759435178796669096 7 
1759435178796671088 5 
1759435178796671096 6 
1759435178796671912 38 
1759435178796673096 7 
1759435178796673976 8 10 
1759435178825561016 26 
1759435178832604896 3 
1759435178862970064 1 
1759435178862970072 9 
1759435178862970088 14 
1759435178862984072 2 
1759435178863302272 37 
1759435178863303448 6 
1759435178863303456 7 
1759435178863305448 5 
1759435178863305456 6 
1759435178863306272 38 
1759435178863307456 7 
1759435178863308336 8 10 
1759435178899234168 3 
1759435178929599336 1 
1759435178929599344 9 
1759435178929599360 14 
1759435178929613344 2 
1759435178929931544 37 
1759435178929932720 6 
1759435178929932728 7 
1759435178929934720 5 
1759435178929934728 6 
1759435178929935544 38 
1759435178929936728 7 
1759435178929937608 8 10 
1759435178985561032 26 
1759435179000000016 32 
1759435179000020008 34 
1759435179145561048 26 
1759435179305561064 26 
1759435179321046720 19 
1759435179321046728 12 
1759435179321046744 15 
1759435179321046776 46 
1759435179321049056 11 13 
1759435179481046792 26 
1759435179641046808 26 
1759435179729165296 1 
1759435179765432168 3 
1759435179795797328 1 
1759435179795797336 9 
1759435179795797352 14 
1759435179795811336 2 
1759435179796129536 37 
1759435179796130712 6 
1759435179796130720 7 
1759435179796132712 5 
1759435179796132720 6 
1759435179796133536 38 
1759435179796134720 7 
1759435179796135600 8 10 
1759435179801046824 26 
1759435179832063432 3 
1759435179862428608 1 
1759435179862428616 9 
1759435179862428632 14 
1759435179862442608 2 
1759435179862760816 37 
1759435179862761992 6 
1759435179862762000 7 
1759435179862763992 5 
1759435179862764000 6 
1759435179862764816 38 
1759435179862766000 7 
1759435179862766880 8 10 
1759435179898691704 3 
1759435179929056872 1 
1759435179929056880 9 
1759435179929056896 14 
1759435179929070872 2 
1759435179929389080 37 
1759435179929390256 6 
1759435179929390264 7 
1759435179929392256 5 
1759435179929392264 6 
1759435179929393080 38 
1759435179929394264 7 
1759435179929395144 8 10 
1759435179961046840 26 
1759435180000000016 32 
1759435180000019944 34 
1759435180121046856 26 
1759435180281046872 26 
1759435180441046888 26 
1759435180601046904 26 
1759435180728629928 1 
1759435180761046920 26 
1759435180764899696 3 
1759435180795264856 1 
1759435180795264864 9 
1759435180795264880 14 
1759435180795278872 2 
1759435180795597064 37 
1759435180795598240 6 
1759435180795598248 7 
1759435180795600240 5 
1759435180795600248 6 
1759435180795601064 38 
1759435180795602248 7 
1759435180795603128 8 10 
1759435180831524064 3 
1759435180861889232 1 
1759435180861889240 9 
1759435180861889256 14 
1759435180861903240 2 
1759435180862221440 37 
1759435180862222616 6 
1759435180862222624 7 
1759435180862224616 5 
1759435180862224624 6 
1759435180862225440 38 
1759435180862226624 7 
1759435180862227504 8 10 
1759435180898160336 3 
1759435180921046936 26 
1759435180928525512 1 
1759435180928525520 9 
1759435180928525536 14 
1759435180928539512 2 
1759435180928857720 37 
1759435180928858896 6 
1759435180928858904 7 
1759435180928860896 5 
1759435180928860904 6 
1759435180928861720 38 
1759435180928862904 7 
1759435180928863784 8 10 
1759435181000000016 32 
1759435181000019976 34 
1759435181050077528 22 
1759435181081046952 26 
1759435181241046968 26 
1759435181401046984 26 
1759435181561047000 26 
1759435181721047016 26 
1759435181728085448 1 
1759435181764352336 3 
1759435181794717496 1 
1759435181794717504 9 
1759435181794717520 14 
1759435181794731504 2 
1759435181795049704 37 
1759435181795050880 6 
1759435181795050888 7 
1759435181795052880 5 
1759435181795052888 6 
1759435181795053704 38 
1759435181795054888 7 
1759435181795055768 8 10 
1759435181805770152 19 
1759435181805770160 12 
1759435181805770176 15 
1759435181805770208 46 
1759435181805772488 11 13 
1759435181830984600 3 
1759435181861349776 1 
1759435181861349784 9 
1759435181861349800 14 
1759435181861363776 2 
1759435181861681984 37 
1759435181861683160 6 
1759435181861683168 7 
1759435181861685160 5 
1759435181861685168 6 
1759435181861685984 38 
1759435181861687168 7 
1759435181861688048 8 10 
1759435181897613872 3 
1759435181927979048 1 
1759435181927979056 9 
1759435181927979072 14 
1759435181927993040 2 
1759435181928311256 37 
1759435181928312432 6 
1759435181928312440 7 
1759435181928314432 5 
1759435181928314440 6 
1759435181928315256 38 
1759435181928316440 7 
1759435181928317320 8 10 
1759435181965770224 26 
1759435182000000016 32 
1759435182000020008 34 
1759435182125770240 26 
1759435182285770256 26 
1759435182445770272 26 
1759435182605770288 26 
1759435182727517000 1 
1759435182763782872 3 
1759435182765770304 26 
1759435182794148032 1 
1759435182794148040 9 
1759435182794148056 14 
1759435182794162040 2 
1759435182794480240 37 
1759435182794481416 6 
1759435182794481424 7 
1759435182794483416 5 
1759435182794483424 6 
1759435182794484240 38 
1759435182794485424 7 
1759435182794486304 8 10 
1759435182830415136 3 
1759435182860780312 1 
1759435182860780320 9 
1759435182860780336 14 
1759435182860794312 2 
1759435182861112520 37 
1759435182861113696 6 
1759435182861113704 7 
1759435182861115696 5 
1759435182861115704 6 
1759435182861116520 38 
1759435182861117704 7 
1759435182861118584 8 10 
1759435182897045504 3 
1759435182925770320 26 
1759435182927410680 1 
1759435182927410688 9 
1759435182927410704 14 
1759435182927424680 2 
1759435182927742888 37 
1759435182927744064 6 
1759435182927744072 7 
1759435182927746064 5 
1759435182927746072 6 
1759435182927746888 38 
1759435182927748072 7 
1759435182927748952 8 10 
1759435183000000016 32 
1759435183000019944 34 
1759435183085770336 26 
1759435183245770352 26 
1759435183405770368 26 
1759435183565770384 26 
1759435183725770400 26 
1759435183726976632 1 
1759435183763247408 3 
1759435183793612584 1 
1759435183793612592 9 
1759435183793612608 14 
1759435183793626576 2 
1759435183793944792 37 
1759435183793945968 6 
1759435183793945976 7 
1759435183793947968 5 
1759435183793947976 6 
1759435183793948792 38 
1759435183793949976 7 
1759435183793950856 8 10 
1759435183829877776 3 
1759435183860242936 1 
1759435183860242944 9 
1759435183860242960 14 
1759435183860256944 2 
1759435183860575144 37 
1759435183860576320 6 
1759435183860576328 7 
1759435183860578320 5 
1759435183860578328 6 
1759435183860579144 38 
1759435183860580328 7 
1759435183860581208 8 10 
1759435183885770416 26 
1759435183896509040 3 
1759435183926874216 1 
1759435183926874224 9 
1759435183926874240 14 
1759435183926888216 2 
1759435183927206424 37 
1759435183927207600 6 
1759435183927207608 7 
1759435183927209600 5 
1759435183927209608 6 
1759435183927210424 38 
1759435183927211608 7 
1759435183927212488 8 10 
1759435184000000016 32 
1759435184000019984 34 
1759435184038366576 22 
1759435184045770432 26 
1759435184205770448 26 
1759435184365770464 26 
1759435184525770480 26 
1759435184637873496 19 
1759435184637873504 12 
1759435184637873520 15 
1759435184637873552 46 
1759435184637875832 11 13 
1759435184726436168 1 
1759435184762707040 3 
1759435184793072208 1 
1759435184793072216 9 
1759435184793072232 14 
1759435184793086216 2 
1759435184793404416 37 
1759435184793405592 6 
1759435184793405600 7 
1759435184793407592 5 
1759435184793407600 6 
1759435184793408416 38 
1759435184793409600 7 
1759435184793410480 8 10 
1759435184797873568 26 
1759435184829339312 3 
1759435184859704480 1 
1759435184859704488 9 
1759435184859704504 14 
1759435184859718480 2 
1759435184860036688 37 
1759435184860037864 6 
1759435184860037872 7 
1759435184860039864 5 
1759435184860039872 6 
1759435184860040688 38 
1759435184860041872 7 
1759435184860042752 8 10 
1759435184895972576 3 
1759435184926337736 1 
1759435184926337744 9 
1759435184926337760 14 
1759435184926351752 2 
1759435184926669944 37 
1759435184926671120 6 
1759435184926671128 7 
1759435184926673120 5 
1759435184926673128 6 
1759435184926673944 38 
1759435184926675128 7 
1759435184926676008 8 10 
1759435184957873584 26 
1759435185000000016 32 
1759435185000020016 34 
1759435185117873600 26 
1759435185277873616 26 
1759435185437873632 26 
1759435185597873648 26 
1759435185725911800 1 
1759435185757873664 26 
1759435185762183576 3 
1759435185792548752 1 
1759435185792548760 9 
1759435185792548776 14 
1759435185792562752 2 
1759435185792880960 37 
1759435185792882136 6 
1759435185792882144 7 
1759435185792884136 5 
1759435185792884144 6 
1759435185792884960 38 
1759435185792886144 7 
1759435185792887024 8 10 
1759435185828813848 3 
1759435185859179024 1 
1759435185859179032 9 
1759435185859179048 14 
1759435185859193016 2 
1759435185859511232 37 
1759435185859512408 6 
1759435185859512416 7 
1759435185859514408 5 
1759435185859514416 6 
1759435185859515232 38 
1759435185859516416 7 
1759435185859517296 8 10 
1759435185895448216 3 
1759435185917873680 26 
1759435185925813384 1 
1759435185925813392 9 
1759435185925813408 14 
1759435185925827384 2 
1759435185926145592 37 
1759435185926146768 6 
1759435185926146776 7 
1759435185926148768 5 
1759435185926148776 6 
1759435185926149592 38 
1759435185926150776 7 
1759435185926151656 8 10 
1759435186000000016 32 
1759435186000019952 34 
1759435186077873696 26 
1759435186237873712 26 
1759435186397873728 26 
1759435186557873744 26 
1759435186658761064 1 
1759435186717873760 26 
1759435186725397016 1 
1759435186725411016 2 
1759435186761668112 3 
1759435186792033280 1 
1759435186792033288 9 
1759435186792033304 14 
1759435186792047288 2 
1759435186792365488 37 
1759435186792366664 6 
1759435186792366672 7 
1759435186792368664 5 
1759435186792368672 6 
1759435186792369488 38 
1759435186792370672 7 
1759435186792371552 8 10 
1759435186828298480 3 
1759435186858663656 1 
1759435186858663664 9 
1759435186858663680 14 
1759435186858677656 2 
1759435186858995864 37 
1759435186858997040 6 
1759435186858997048 7 
1759435186858999040 5 
1759435186858999048 6 
1759435186858999864 38 
1759435186859001048 7 
1759435186859001928 8 10 
1759435186877873776 26 
1759435186894932752 3 
1759435186925297912 1 
1759435186925297920 9 
1759435186925297936 14 
1759435186925311920 2 
1759435186925630120 37 
1759435186925631296 6 
1759435186925631304 7 
1759435186925633296 5 
1759435186925633304 6 
1759435186925634120 38 
1759435186925635304 7 
1759435186925636184 8 10 
1759435187000000016 32 
1759435187000019984 34 
1759435187026655624 22 
1759435187037873792 26 
1759435187197873808 26 
1759435187357873824 26 
1759435187517873840 26 
1759435187677873856 26 
1759435187724896872 1 
1759435187761168744 3 
1759435187791533904 1 
1759435187791533912 9 
1759435187791533928 14 
1759435187791547920 2 
1759435187791866112 37 
1759435187791867288 6 
1759435187791867296 7 
1759435187791869288 5 
1759435187791869296 6 
1759435187791870112 38 
1759435187791871296 7 
1759435187791872176 8 10 
1759435187827804016 3 
1759435187837873872 26 
1759435187858169184 1 
1759435187858169192 9 
1759435187858169208 14 
1759435187858183192 2 
1759435187858501392 37 
1759435187858502568 6 
1759435187858502576 7 
1759435187858504568 5 
1759435187858504576 6 
1759435187858505392 38 
1759435187858506576 7 
1759435187858507456 8 10 
1759435187894435288 3 
1759435187924800456 1 
1759435187924800464 9 
1759435187924800480 14 
1759435187924814456 2 
1759435187925132664 37 
1759435187925133840 6 
1759435187925133848 7 
1759435187925135840 5 
1759435187925135848 6 
1759435187925136664 38 
1759435187925137848 7 
1759435187925138728 8 10 
1759435187997873888 26 
1759435188000000016 32 
1759435188000020024 34 
1759435188157873904 26 
1759435188317873920 26 
1759435188423236808 19 
1759435188423236816 12 
1759435188423236832 15 
1759435188423236864 46 
1759435188423239144 11 13 
1759435188583236880 26 
1759435188724407512 1 
1759435188743236896 26 
1759435188760680280 3 
1759435188791045440 1 
1759435188791045448 9 
1759435188791045464 14 
1759435188791059456 2 
1759435188791377648 37 
1759435188791378824 6 
1759435188791378832 7 
1759435188791380824 5 
1759435188791380832 6 
1759435188791381648 38 
1759435188791382832 7 
1759435188791383712 8 10 
1759435188827312552 3 
1759435188857677720 1 
1759435188857677728 9 
1759435188857677744 14 
1759435188857691720 2 
1759435188858009928 37 
1759435188858011104 6 
1759435188858011112 7 
1759435188858013104 5 
1759435188858013112 6 
1759435188858013928 38 
1759435188858015112 7 
1759435188858015992 8 10 
1759435188893941920 3 
1759435188903236912 26 
1759435188924307096 1 
1759435188924307104 9 
1759435188924307120 14 
1759435188924321096 2 
1759435188924639304 37 
1759435188924640480 6 
1759435188924640488 7 
1759435188924642480 5 
1759435188924642488 6 
1759435188924643304 38 
1759435188924644488 7 
1759435188924645368 8 10 
1759435189000000016 32 
1759435189000019960 34 
1759435189063236928 26 
1759435189223236944 26 
1759435189383236960 26 
1759435189543236976 26 
1759435189703236992 26 
1759435189723914040 1 
1759435189760187816 3 
1759435189790552992 1 
1759435189790553000 9 
1759435189790553016 14 
1759435189790566992 2 
1759435189790885200 37 
1759435189790886376 6 
1759435189790886384 7 
1759435189790888376 5 
1759435189790888384 6 
1759435189790889200 38 
1759435189790890384 7 
1759435189790891264 8 10 
1759435189826821184 3 
1759435189857186352 1 
1759435189857186360 9 
1759435189857186376 14 
1759435189857200360 2 
1759435189857518560 37 
1759435189857519736 6 
1759435189857519744 7 
1759435189857521736 5 
1759435189857521744 6 
1759435189857522560 38 
1759435189857523744 7 
1759435189857524624 8 10 
1759435189863237008 26 
1759435189893454456 3 
1759435189923819632 1 
1759435189923819640 9 
1759435189923819656 14 
1759435189923833624 2 
1759435189924151840 37 
1759435189924153016 6 
1759435189924153024 7 
1759435189924155016 5 
1759435189924155024 6 
1759435189924155840 38 
1759435189924157024 7 
1759435189924157904 8 10 
1759435190000000016 32 
1759435190000019992 34 
1759435190014944672 22 
1759435190023237024 26 
1759435190183237040 26 
1759435190343237056 26 
1759435190503237072 26 
1759435190663237088 26 
1759435190723420568 1 
1759435190759689448 3 
1759435190790054624 1 
1759435190790054632 9 
1759435190790054648 14 
1759435190790068624 2 
1759435190790386832 37 
1759435190790388008 6 
1759435190790388016 7 
1759435190790390008 5 
1759435190790390016 6 
1759435190790390832 38 
1759435190790392016 7 
1759435190790392896 8 10 
1759435190823237104 26 
1759435190826325720 3 
1759435190856690888 1 
1759435190856690896 9 
1759435190856690912 14 
1759435190856704896 2 
1759435190857023096 37 
1759435190857024272 6 
1759435190857024280 7 
1759435190857026272 5 
1759435190857026280 6 
1759435190857027096 38 
1759435190857028280 7 
1759435190857029160 8 10 
1759435190892958088 3 
1759435190923323264 1 
1759435190923323272 9 
1759435190923323288 14 
1759435190923337264 2 
1759435190923655472 37 
1759435190923656648 6 
1759435190923656656 7 
1759435190923658648 5 
1759435190923658656 6 
1759435190923659472 38 
1759435190923660656 7 
1759435190923661536 8 10 
1759435190983237120 26 
1759435191000000016 32 
1759435191000020024 34 
1759435191143237136 26 
1759435191303237152 26 
1759435191463237168 26 
1759435191623237184 26 
1759435191722918200 1 
1759435191759189984 3 
1759435191783237200 26 
1759435191789555152 1 
1759435191789555160 9 
1759435191789555176 14 
1759435191789569160 2 
1759435191789887360 37 
1759435191789888536 6 
1759435191789888544 7 
1759435191789890536 5 
1759435191789890544 6 
1759435191789891360 38 
1759435191789892544 7 
1759435191789893424 8 10 
1759435191825823352 3 
1759435191856188528 1 
1759435191856188536 9 
1759435191856188552 14 
1759435191856202528 2 
1759435191856520736 37 
1759435191856521912 6 
1759435191856521920 7 
1759435191856523912 5 
1759435191856523920 6 
1759435191856524736 38 
1759435191856525920 7 
1759435191856526800 8 10 
1759435191892458624 3 
1759435191922823792 1 
1759435191922823800 9 
1759435191922823816 14 
1759435191922837792 2 
1759435191923156000 37 
1759435191923157176 6 
1759435191923157184 7 
1759435191923159176 5 
1759435191923159184 6 
1759435191923160000 38 
1759435191923161184 7 
1759435191923162064 8 10 
1759435191943237216 26 
1759435192000000016 32 
1759435192000019960 34 
1759435192103237232 26 
1759435192263237248 26 
1759435192423237264 26 
1759435192583237280 26 
1759435192722419744 1 
1759435192743237296 26 
1759435192758687616 3 
1759435192789052792 1 
1759435192789052800 9 
1759435192789052816 14 
1759435192789066792 2 
1759435192789385000 37 
1759435192789386176 6 
1759435192789386184 7 
1759435192789388176 5 
1759435192789388184 6 
1759435192789389000 38 
1759435192789390184 7 
1759435192789391064 8 10 
1759435192825322888 3 
1759435192855688056 1 
1759435192855688064 9 
1759435192855688080 14 
1759435192855702064 2 
1759435192856020264 37 
1759435192856021440 6 
1759435192856021448 7 
1759435192856023440 5 
1759435192856023448 6 
1759435192856024264 38 
1759435192856025448 7 
1759435192856026328 8 10 
1759435192891958160 3 
1759435192903237312 26 
1759435192922323336 1 
1759435192922323344 9 
1759435192922323360 14 
1759435192922337328 2 
1759435192922655544 37 
1759435192922656720 6 
1759435192922656728 7 
1759435192922658720 5 
1759435192922658728 6 
1759435192922659544 38 
1759435192922660728 7 
1759435192922661608 8 10 
1759435193000000016 32 
1759435193000019992 34 
1759435193003233720 22 
1759435193063237328 26 
1759435193223237344 26 
1759435193383237360 26 
1759435193543237376 26 
1759435193703237392 26 
1759435193721918376 1 
1759435193758193152 3 
1759435193788558328 1 
1759435193788558336 9 
1759435193788558352 14 
1759435193788572328 2 
1759435193788890536 37 
1759435193788891712 6 
1759435193788891720 7 
1759435193788893712 5 
1759435193788893720 6 
1759435193788894536 38 
1759435193788895720 7 
1759435193788896600 8 10 
1759435193824826424 3 
1759435193855191584 1 
1759435193855191592 9 
1759435193855191608 14 
1759435193855205592 2 
1759435193855523792 37 
1759435193855524968 6 
1759435193855524976 7 
1759435193855526968 5 
1759435193855526976 6 
1759435193855527792 38 
1759435193855528976 7 
1759435193855529856 8 10 
1759435193863237408 26 
1759435193891460792 3 
1759435193921825960 1 
1759435193921825968 9 
1759435193921825984 14 
1759435193921839960 2 
1759435193922158168 37 
1759435193922159344 6 
1759435193922159352 7 
1759435193922161344 5 
1759435193922161352 6 
1759435193922162168 38 
1759435193922163352 7 
1759435193922164232 8 10 
1759435194000000016 32 
1759435194000020024 34 
1759435194023237424 26 
1759435194183237440 26 
1759435194343237456 26 
1759435194503237472 26 
1759435194663237488 26 
1759435194721434912 1 
1759435194741360712 19 
1759435194741360720 12 
1759435194741360736 15 
1759435194741360768 46 
1759435194741363048 11 13 
1759435194757709688 3 
1759435194788074848 1 
1759435194788074856 9 
1759435194788074872 14 
1759435194788088864 2 
1759435194788407056 37 
1759435194788408232 6 
1759435194788408240 7 
1759435194788410232 5 
1759435194788410240 6 
1759435194788411056 38 
1759435194788412240 7 
1759435194788413120 8 10 
1759435194824344056 3 
1759435194854709232 1 
1759435194854709240 9 
1759435194854709256 14 
1759435194854723232 2 
1759435194855041440 37 
1759435194855042616 6 
1759435194855042624 7 
1759435194855044616 5 
1759435194855044624 6 
1759435194855045440 38 
1759435194855046624 7 
1759435194855047504 8 10 
1759435194890976328 3 
1759435194901360784 26 
1759435194921341504 1 
1759435194921341512 9 
1759435194921341528 14 
1759435194921355504 2 
1759435194921673712 37 
1759435194921674888 6 
1759435194921674896 7 
1759435194921676888 5 
1759435194921676896 6 
1759435194921677712 38 
1759435194921678896 7 
1759435194921679776 8 10 
1759435195000000016 32 
1759435195000019968 34 
1759435195061360800 26 
1759435195221360816 26 
1759435195381360832 26 
1759435195541360848 26 
1759435195701360864 26 
1759435195720934456 1 
1759435195757206328 3 
1759435195787571496 1 
1759435195787571504 9 
1759435195787571520 14 
1759435195787585504 2 
1759435195787903704 37 
1759435195787904880 6 
1759435195787904888 7 
1759435195787906880 5 
1759435195787906888 6 
1759435195787907704 38 
1759435195787908888 7 
1759435195787909768 8 10 
1759435195823838600 3 
1759435195854203768 1 
1759435195854203776 9 
1759435195854203792 14 
1759435195854217768 2 
1759435195854535976 37 
1759435195854537152 6 
1759435195854537160 7 
1759435195854539152 5 
1759435195854539160 6 
1759435195854539976 38 
1759435195854541160 7 
1759435195854542040 8 10 
1759435195861360880 26 
1759435195890471864 3 
1759435195920837024 1 
1759435195920837032 9 
1759435195920837048 14 
1759435195920851040 2 
1759435195921169232 37 
1759435195921170408 6 
1759435195921170416 7 
1759435195921172408 5 
1759435195921172416 6 
1759435195921173232 38 
1759435195921174416 7 
1759435195921175296 8 10 
1759435195991522768 22 
1759435196000000016 32 
1759435196000020000 34 
1759435196021360896 26 
1759435196181360912 26 
1759435196341360928 26 
1759435196501360944 26 
1759435196653801728 1 
1759435196661360960 26 
1759435196720437760 1 
1759435196720451768 2 
1759435196756707864 3 
1759435196787073040 1 
1759435196787073048 9 
1759435196787073064 14 
1759435196787087040 2 
1759435196787405248 37 
1759435196787406424 6 
1759435196787406432 7 
1759435196787408424 5 
1759435196787408432 6 
1759435196787409248 38 
1759435196787410432 7 
1759435196787411312 8 10 
1759435196821360976 26 
1759435196823341136 3 
1759435196853706296 1 
1759435196853706304 9 
1759435196853706320 14 
1759435196853720312 2 
1759435196854038504 37 
1759435196854039680 6 
1759435196854039688 7 
1759435196854041680 5 
1759435196854041688 6 
1759435196854042504 38 
1759435196854043688 7 
1759435196854044568 8 10 
1759435196889976504 3 
1759435196920341680 1 
1759435196920341688 9 
1759435196920341704 14 
1759435196920355680 2 
1759435196920673888 37 
1759435196920675064 6 
1759435196920675072 7 
1759435196920677064 5 
1759435196920677072 6 
1759435196920677888 38 
1759435196920679072 7 
1759435196920679952 8 10 
1759435196981360992 26 
1759435197000000016 32 
1759435197000019944 34 
1759435197141361008 26 
1759435197301361024 26 
1759435197461361040 26 
1759435197468064296 19 
1759435197468064304 12 
1759435197468064320 15 
1759435197468064352 46 
1759435197468066632 11 13 
1759435197628064368 26 
1759435197719938632 1 
1759435197756211408 3 
1759435197786576568 1 
1759435197786576576 9 
1759435197786576592 14 
1759435197786590576 2 
1759435197786908776 37 
1759435197786909952 6 
1759435197786909960 7 
1759435197786911952 5 
1759435197786911960 6 
1759435197786912776 38 
1759435197786913960 7 
1759435197786914840 8 10 
1759435197788064384 26 
1759435197822844776 3 
1759435197853209952 1 
1759435197853209960 9 
1759435197853209976 14 
1759435197853223944 2 
1759435197853542160 37 
1759435197853543336 6 
1759435197853543344 7 
1759435197853545336 5 
1759435197853545344 6 
1759435197853546160 38 
1759435197853547344 7 
1759435197853548224 8 10 
1759435197889477040 3 
1759435197919842208 1 
1759435197919842216 9 
1759435197919842232 14 
1759435197919856216 2 
1759435197920174416 37 
1759435197920175592 6 
1759435197920175600 7 
1759435197920177592 5 
1759435197920177600 6 
1759435197920178416 38 
1759435197920179600 7 
1759435197920180480 8 10 
1759435197948064400 26 
1759435198000000016 32 
1759435198000019976 34 
1759435198108064416 26 
1759435198268064432 26 
1759435198428064448 26 
1759435198588064464 26 
1759435198719440168 1 
1759435198748064480 26 
1759435198755714040 3 
1759435198786079200 1 
1759435198786079208 9 
1759435198786079224 14 
1759435198786093216 2 
1759435198786411408 37 
1759435198786412584 6 
1759435198786412592 7 
1759435198786414584 5 
1759435198786414592 6 
1759435198786415408 38 
1759435198786416592 7 
1759435198786417472 8 10 
1759435198822348312 3 
1759435198852713480 1 
1759435198852713488 9 
1759435198852713504 14 
1759435198852727480 2 
1759435198853045688 37 
1759435198853046864 6 
1759435198853046872 7 
1759435198853048864 5 
1759435198853048872 6 
1759435198853049688 38 
1759435198853050872 7 
1759435198853051752 8 10 
1759435198888979576 3 
1759435198908064496 26 
1759435198919344752 1 
1759435198919344760 9 
1759435198919344776 14 
1759435198919358752 2 
1759435198919676960 37 
1759435198919678136 6 
1759435198919678144 7 
1759435198919680136 5 
1759435198919680144 6 
1759435198919680960 38 
1759435198919682144 7 
1759435198919683024 8 10 
1759435198979811816 22 
1759435199000000016 32 
1759435199000020016 34 
1759435199068064512 26 
1759435199228064528 26 
1759435199388064544 26 
1759435199548064560 26 
1759435199708064576 26 
1759435199718938792 1 
1759435199755210576 3 
1759435199785575744 1 
1759435199785575752 9 
1759435199785575768 14 
1759435199785589752 2 
1759435199785907952 37 
1759435199785909128 6 
1759435199785909136 7 
1759435199785911128 5 
1759435199785911136 6 
1759435199785911952 38 
1759435199785913136 7 
1759435199785914016 8 10 
1759435199821842848 3 
1759435199852208016 1 
1759435199852208024 9 
1759435199852208040 14 
1759435199852222016 2 
1759435199852540224 37 
1759435199852541400 6 
1759435199852541408 7 
1759435199852543400 5 
1759435199852543408 6 
1759435199852544224 38 
1759435199852545408 7 
1759435199852546288 8 10 
1759435199868064592 26 
1759435199888477216 3 
1759435199918842376 1 
1759435199918842384 9 
1759435199918842400 14 
1759435199918856392 2 
1759435199919174584 37 
1759435199919175760 6 
1759435199919175768 7 
1759435199919177760 5 
1759435199919177768 6 
1759435199919178584 38 
1759435199919179768 7 
1759435199919180648 8 10 
1759435200000000016 32 
1759435200000019952 34 
1759435200028064608 26 
1759435200188064624 26 
1759435200348064640 26 
1759435200508064656 26 
1759435200668064672 26 
1759435200718460336 1 
1759435200754736112 3 
1759435200785101280 1 
1759435200785101288 9 
1759435200785101304 14 
1759435200785115288 2 
1759435200785433488 37 
1759435200785434664 6 
1759435200785434672 7 
1759435200785436664 5 
1759435200785436672 6 
1759435200785437488 38 
1759435200785438672 7 
1759435200785439552 8 10 
1759435200821374480 3 
1759435200828064688 26 
1759435200851739656 1 
1759435200851739664 9 
1759435200851739680 14 
1759435200851753656 2 
1759435200852071864 37 
1759435200852073040 6 
1759435200852073048 7 
1759435200852075040 5 
1759435200852075048 6 
1759435200852075864 38 
1759435200852077048 7 
1759435200852077928 8 10 
1759435200860616744 19 
1759435200860616752 12 
1759435200860616768 15 
1759435200860616800 46 
1759435200860619080 11 13 
1759435200888009752 3 
1759435200918374920 1 
1759435200918374928 9 
1759435200918374944 14 
1759435200918388928 2 
1759435200918707128 37 
1759435200918708304 6 
1759435200918708312 7 
1759435200918710304 5 
1759435200918710312 6 
1759435200918711128 38 
1759435200918712312 7 
1759435200918713192 8 10 
1759435201000000016 32 
1759435201000019984 34 
1759435201020616816 26 
1759435201180616832 26 
1759435201340616848 26 
1759435201500616864 26 
1759435201660616880 26 
1759435201718018864 1 
1759435201754298752 3 
1759435201784663912 1 
1759435201784663920 9 
1759435201784663936 14 
1759435201784677920 2 
1759435201784996120 37 
1759435201784997296 6 
1759435201784997304 7 
1759435201784999296 5 
1759435201784999304 6 
1759435201785000120 38 
1759435201785001304 7 
1759435201785002184 8 10 
1759435201820616896 26 
1759435201820939016 3 
1759435201851304192 1 
1759435201851304200 9 
1759435201851304216 14 
1759435201851318192 2 
1759435201851636400 37 
1759435201851637576 6 
1759435201851637584 7 
1759435201851639576 5 
1759435201851639584 6 
1759435201851640400 38 
1759435201851641584 7 
1759435201851642464 8 10 
1759435201887579288 3 
1759435201917944456 1 
1759435201917944464 9 
1759435201917944480 14 
1759435201917958456 2 
1759435201918276664 37 
1759435201918277840 6 
1759435201918277848 7 
1759435201918279840 5 
1759435201918279848 6 
1759435201918280664 38 
1759435201918281848 7 
1759435201918282728 8 10 
1759435201968100864 22 
1759435201980616912 26 
1759435202000000016 32 
1759435202000020024 34 
1759435202140616928 26 
1759435202300616944 26 
1759435202460616960 26 
1759435202620616976 26 
1759435202717640504 1 
1759435202753928280 3 
1759435202780616992 26 
1759435202784293448 1 
1759435202784293456 9 
1759435202784293472 14 
1759435202784307456 2 
1759435202784625656 37 
1759435202784626832 6 
1759435202784626840 7 
1759435202784628832 5 
1759435202784628840 6 
1759435202784629656 38 
1759435202784630840 7 
1759435202784631720 8 10 
1759435202820571552 3 
1759435202850936712 1 
1759435202850936720 9 
1759435202850936736 14 
1759435202850950728 2 
1759435202851268920 37 
1759435202851270096 6 
1759435202851270104 7 
1759435202851272096 5 
1759435202851272104 6 
1759435202851272920 38 
1759435202851274104 7 
1759435202851274984 8 10 
1759435202887211920 3 
1759435202917577080 1 
1759435202917577088 9 
1759435202917577104 14 
1759435202917591096 2 
1759435202917909288 37 
1759435202917910464 6 
1759435202917910472 7 
1759435202917912464 5 
1759435202917912472 6 
1759435202917913288 38 
1759435202917914472 7 
1759435202917915352 8 10 
1759435202940617008 26 
1759435203000000016 32 
1759435203000019952 34 
1759435203100617024 26 
1759435203260617040 26 
1759435203420617056 26 
1759435203580617072 26 
1759435203717291040 1 
1759435203740617088 26 
1759435203753576816 3 
1759435203783941984 1 
1759435203783941992 9 
1759435203783942008 14 
1759435203783955992 2 
1759435203784274192 37 
1759435203784275368 6 
1759435203784275376 7 
1759435203784277368 5 
1759435203784277376 6 
1759435203784278192 38 
1759435203784279376 7 
1759435203784280256 8 10 
1759435203820217184 3 
1759435203850582352 1 
1759435203850582360 9 
1759435203850582376 14 
1759435203850596360 2 
1759435203850914560 37 
1759435203850915736 6 
1759435203850915744 7 
1759435203850917736 5 
1759435203850917744 6 
1759435203850918560 38 
1759435203850919744 7 
1759435203850920624 8 10 
1759435203886858456 3 
1759435203900617104 26 
1759435203917223616 1 
1759435203917223624 9 
1759435203917223640 14 
1759435203917237624 2 
1759435203917555824 37 
1759435203917557000 6 
1759435203917557008 7 
1759435203917559000 5 
1759435203917559008 6 
1759435203917559824 38 
1759435203917561008 7 
1759435203917561888 8 10 
1759435204000000016 32 
1759435204000019992 34 
1759435204060617120 26 
1759435204220617136 26 
1759435204380617152 26 
1759435204540617168 26 
1759435204700617184 26 
1759435204716942584 1 
1759435204753226456 3 
1759435204783591624 1 
1759435204783591632 9 
1759435204783591648 14 
1759435204783605624 2 
1759435204783923832 37 
1759435204783925008 6 
1759435204783925016 7 
1759435204783927008 5 
1759435204783927016 6 
1759435204783927832 38 
1759435204783929016 7 
1759435204783929896 8 10 
1759435204819870720 3 
1759435204850235896 1 
1759435204850235904 9 
1759435204850235920 14 
1759435204850249896 2 
1759435204850568104 37 
1759435204850569280 6 
1759435204850569288 7 
1759435204850571280 5 
1759435204850571288 6 
1759435204850572104 38 
1759435204850573288 7 
1759435204850574168 8 10 
1759435204860617200 26 
1759435204885983232 19 
1759435204885983240 12 
1759435204885983256 15 
1759435204885983288 46 
1759435204885985568 11 13 
1759435204886513088 3 
1759435204916878264 1 
1759435204916878272 9 
1759435204916878288 14 
1759435204916892264 2 
1759435204917210472 37 
1759435204917211648 6 
1759435204917211656 7 
1759435204917213648 5 
1759435204917213656 6 
1759435204917214472 38 
1759435204917215656 7 
1759435204917216536 8 10 
1759435204956389912 22 
1759435205000000016 32 
1759435205000020024 34 
1759435205045983304 26 
1759435205205983320 26 
1759435205365983336 26 
1759435205525983352 26 
1759435205685983368 26 
1759435205716596208 1 
1759435205752881984 3 
1759435205783247160 1 
1759435205783247168 9 
1759435205783247184 14 
1759435205783261160 2 
1759435205783579368 37 
1759435205783580544 6 
1759435205783580552 7 
1759435205783582544 5 
1759435205783582552 6 
1759435205783583368 38 
1759435205783584552 7 
1759435205783585432 8 10 
1759435205819525360 3 
1759435205845983384 26 
1759435205849890528 1 
1759435205849890536 9 
1759435205849890552 14 
1759435205849904528 2 
1759435205850222736 37 
1759435205850223912 6 
1759435205850223920 7 
1759435205850225912 5 
1759435205850225920 6 
1759435205850226736 38 
1759435205850227920 7 
1759435205850228800 8 10 
1759435205886168624 3 
1759435205916533792 1 
1759435205916533800 9 
1759435205916533816 14 
1759435205916547800 2 
1759435205916866000 37 
1759435205916867176 6 
1759435205916867184 7 
1759435205916869176 5 
1759435205916869184 6 
1759435205916870000 38 
1759435205916871184 7 
1759435205916872064 8 10 
1759435206000000016 32 
1759435206000019960 34 
1759435206005983400 26 
1759435206165983416 26 
1759435206325983432 26 
1759435206485983448 26 
1759435206645983464 26 
1759435206649610472 1 
1759435206716260416 1 
1759435206716274424 2 
1759435206752540624 3 
1759435206782905784 1 
1759435206782905792 9 
1759435206782905808 14 
1759435206782919792 2 
1759435206783237992 37 
1759435206783239168 6 
1759435206783239176 7 
1759435206783241168 5 
1759435206783241176 6 
1759435206783241992 38 
1759435206783243176 7 
1759435206783244056 8 10 
1759435206805983480 26 
1759435206819186888 3 
1759435206849552056 1 
1759435206849552064 9 
1759435206849552080 14 
1759435206849566064 2 
1759435206849884264 37 
1759435206849885440 6 
1759435206849885448 7 
1759435206849887440 5 
1759435206849887448 6 
1759435206849888264 38 
1759435206849889448 7 
1759435206849890328 8 10 
1759435206885830160 3 
1759435206916195328 1 
1759435206916195336 9 
1759435206916195352 14 
1759435206916209328 2 
1759435206916527536 37 
1759435206916528712 6 
1759435206916528720 7 
1759435206916530712 5 
1759435206916530720 6 
1759435206916531536 38 
1759435206916532720 7 
1759435206916533600 8 10 
1759435206965983496 26 
1759435207000000016 32 
1759435207000019992 34 
1759435207001143720 19 
1759435207001143728 12 
1759435207001143744 15 
1759435207001143776 46 
1759435207001146056 11 13 
1759435207161143792 26 
1759435207321143808 26 
1759435207481143824 26 
1759435207641143840 26 
1759435207715913368 1 
1759435207752194152 3 
1759435207782559328 1 
1759435207782559336 9 
1759435207782559352 14 
1759435207782573328 2 
1759435207782891536 37 
1759435207782892712 6 
1759435207782892720 7 
1759435207782894712 5 
1759435207782894720 6 
1759435207782895536 38 
1759435207782896720 7 
1759435207782897600 8 10 
1759435207801143856 26 
1759435207818837424 3 
1759435207849202600 1 
1759435207849202608 9 
1759435207849202624 14 
1759435207849216592 2 
1759435207849534808 37 
1759435207849535984 6 
1759435207849535992 7 
1759435207849537984 5 
1759435207849537992 6 
1759435207849538808 38 
1759435207849539992 7 
1759435207849540872 8 10 
1759435207885486792 3 
1759435207915851952 1 
1759435207915851960 9 
1759435207915851976 14 
1759435207915865960 2 
1759435207916184160 37 
1759435207916185336 6 
1759435207916185344 7 
1759435207916187336 5 
1759435207916187344 6 
1759435207916188160 38 
1759435207916189344 7 
1759435207916190224 8 10 
1759435207944678960 22 
1759435207961143872 26 
1759435208000000016 32 
1759435208000020024 34 
1759435208121143888 26 
1759435208281143904 26 
1759435208441143920 26 
1759435208601143936 26 
1759435208715546912 1 
1759435208751827688 3 
1759435208761143952 26 
1759435208782192856 1 
1759435208782192864 9 
1759435208782192880 14 
1759435208782206856 2 
1759435208782525064 37 
1759435208782526240 6 
1759435208782526248 7 
1759435208782528240 5 
1759435208782528248 6 
1759435208782529064 38 
1759435208782530248 7 
1759435208782531128 8 10 
1759435208818471056 3 
1759435208848836224 1 
1759435208848836232 9 
1759435208848836248 14 
1759435208848850224 2 
1759435208849168432 37 
1759435208849169608 6 
1759435208849169616 7 
1759435208849171608 5 
1759435208849171616 6 
1759435208849172432 38 
1759435208849173616 7 
1759435208849174496 8 10 
1759435208885112328 3 
1759435208915477488 1 
1759435208915477496 9 
1759435208915477512 14 
1759435208915491496 2 
1759435208915809696 37 
1759435208915810872 6 
1759435208915810880 7 
1759435208915812872 5 
1759435208915812880 6 
1759435208915813696 38 
1759435208915814880 7 
1759435208915815760 8 10 
1759435208921143968 26 
1759435209000000016 32 
1759435209000019960 34 
1759435209019175984 19 
1759435209019175992 12 
1759435209019176008 15 
1759435209019176040 46 
1759435209019178320 11 13 
1759435209179176056 26 
1759435209339176072 26 
1759435209499176088 26 
1759435209659176104 26 
1759435209715160432 1 
1759435209751441320 3 
1759435209781806480 1 
1759435209781806488 9 
1759435209781806504 14 
1759435209781820488 2 
1759435209782138688 37 
1759435209782139864 6 
1759435209782139872 7 
1759435209782141864 5 
1759435209782141872 6 
1759435209782142688 38 
1759435209782143872 7 
1759435209782144752 8 10 
1759435209818082584 3 
1759435209819176120 26 
1759435209848447768 1 
1759435209848447776 9 
1759435209848447792 14 
1759435209848461760 2 
1759435209848779976 37 
1759435209848781152 6 
1759435209848781160 7 
1759435209848783152 5 
1759435209848783160 6 
1759435209848783976 38 
1759435209848785160 7 
1759435209848786040 8 10 
1759435209884722856 3 
1759435209915088024 1 
1759435209915088032 9 
1759435209915088048 14 
1759435209915102032 2 
1759435209915420232 37 
1759435209915421408 6 
1759435209915421416 7 
1759435209915423408 5 
1759435209915423416 6 
1759435209915424232 38 
1759435209915425416 7 
1759435209915426296 8 10 
1759435209979176136 26 
1759435210000000016 32 
1759435210000019992 34 
1759435210139176152 26 
1759435210299176168 26 
1759435210459176184 26 
1759435210619176200 26 
1759435210714766072 1 
1759435210751041848 3 
1759435210779176216 26 
1759435210781407024 1 
1759435210781407032 9 
1759435210781407048 14 
1759435210781421024 2 
1759435210781739232 37 
1759435210781740408 6 
1759435210781740416 7 
1759435210781742408 5 
1759435210781742416 6 
1759435210781743232 38 
1759435210781744416 7 
1759435210781745296 8 10 
1759435210817683120 3 
1759435210848048296 1 
1759435210848048304 9 
1759435210848048320 14 
1759435210848062296 2 
1759435210848380504 37 
1759435210848381680 6 
1759435210848381688 7 
1759435210848383680 5 
1759435210848383688 6 
1759435210848384504 38 
1759435210848385688 7 
1759435210848386568 8 10 
1759435210884323488 3 
1759435210914688656 1 
1759435210914688664 9 
1759435210914688680 14 
1759435210914702664 2 
1759435210915020864 37 
1759435210915022040 6 
1759435210915022048 7 
1759435210915024040 5 
1759435210915024048 6 
1759435210915024864 38 
1759435210915026048 7 
1759435210915026928 8 10 
1759435210932968008 22 
1759435210939176232 26 
1759435211000000016 32 
1759435211000020024 34 
1759435211099176248 26 
1759435211259176264 26 
1759435211419176280 26 
1759435211579176296 26 
1759435211714355608 1 
1759435211739176312 26 
1759435211750633384 3 
1759435211780998544 1 
1759435211780998552 9 
1759435211780998568 14 
1759435211781012560 2 
1759435211781330752 37 
1759435211781331928 6 
1759435211781331936 7 
1759435211781333928 5 
1759435211781333936 6 
1759435211781334752 38 
1759435211781335936 7 
1759435211781336816 8 10 
1759435211817271752 3 
1759435211847636928 1 
1759435211847636936 9 
1759435211847636952 14 
1759435211847650928 2 
1759435211847969136 37 
1759435211847970312 6 
1759435211847970320 7 
1759435211847972312 5 
1759435211847972320 6 
1759435211847973136 38 
1759435211847974320 7 
1759435211847975200 8 10 
1759435211883906024 3 
1759435211899176328 26 
1759435211914271184 1 
1759435211914271192 9 
1759435211914271208 14 
1759435211914285192 2 
1759435211914603392 37 
1759435211914604568 6 
1759435211914604576 7 
1759435211914606568 5 
1759435211914606576 6 
1759435211914607392 38 
1759435211914608576 7 
1759435211914609456 8 10 
1759435212000000016 32 
1759435212000019952 34 
1759435212059176344 26 
1759435212219176360 26 
1759435212379176376 26 
1759435212522085360 19 
1759435212522085368 12 
1759435212522085384 15 
1759435212522085416 46 
1759435212522087696 11 13 
1759435212682085432 26 
1759435212713921136 1 
1759435212750200024 3 
1759435212780565184 1 
1759435212780565192 9 
1759435212780565208 14 
1759435212780579192 2 
1759435212780897392 37 
1759435212780898568 6 
1759435212780898576 7 
1759435212780900568 5 
1759435212780900576 6 
1759435212780901392 38 
1759435212780902576 7 
1759435212780903456 8 10 
1759435212816836288 3 
1759435212842085448 26 
1759435212847201464 1 
1759435212847201472 9 
1759435212847201488 14 
1759435212847215464 2 
1759435212847533672 37 
1759435212847534848 6 
1759435212847534856 7 
1759435212847536848 5 
1759435212847536856 6 
1759435212847537672 38 
1759435212847538856 7 
1759435212847539736 8 10 
1759435212883475656 3 
1759435212913840832 1 
1759435212913840840 9 
1759435212913840856 14 
1759435212913854832 2 
1759435212914173040 37 
1759435212914174216 6 
1759435212914174224 7 
1759435212914176216 5 
1759435212914176224 6 
1759435212914177040 38 
1759435212914178224 7 
1759435212914179104 8 10 
1759435213000000016 32 
1759435213000019992 34 
1759435213002085464 26 
1759435213162085480 26 
1759435213322085496 26 
1759435213482085512 26 
1759435213642085528 26 
1759435213713489776 1 
1759435213749766560 3 
1759435213780131720 1 
1759435213780131728 9 
1759435213780131744 14 
1759435213780145728 2 
1759435213780463928 37 
1759435213780465104 6 
1759435213780465112 7 
1759435213780467104 5 
1759435213780467112 6 
1759435213780467928 38 
1759435213780469112 7 
1759435213780469992 8 10 
1759435213802085544 26 
1759435213816403928 3 
1759435213846769096 1 
1759435213846769104 9 
1759435213846769120 14 
1759435213846783096 2 
1759435213847101304 37 
1759435213847102480 6 
1759435213847102488 7 
1759435213847104480 5 
1759435213847104488 6 
1759435213847105304 38 
1759435213847106488 7 
1759435213847107368 8 10 
1759435213883041192 3 
1759435213913406360 1 
1759435213913406368 9 
1759435213913406384 14 
1759435213913420368 2 
1759435213913738568 37 
1759435213913739744 6 
1759435213913739752 7 
1759435213913741744 5 
1759435213913741752 6 
1759435213913742568 38 
1759435213913743752 7 
1759435213913744632 8 10 
1759435213921257056 22 
1759435213962085560 26 
1759435214000000016 32 
1759435214000020024 34 
1759435214122085576 26 
1759435214282085592 26 
1759435214442085608 26 
1759435214602085624 26 
1759435214713047320 1 
1759435214749323192 3 
1759435214762085640 26 
1759435214779688368 1 
1759435214779688376 9 
1759435214779688392 14 
1759435214779702368 2 
1759435214780020576 37 
1759435214780021752 6 
1759435214780021760 7 
1759435214780023752 5 
1759435214780023760 6 
1759435214780024576 38 
1759435214780025760 7 
1759435214780026640 8 10 
1759435214815963464 3 
1759435214846328632 1 
1759435214846328640 9 
1759435214846328656 14 
1759435214846342632 2 
1759435214846660840 37 
1759435214846662016 6 
1759435214846662024 7 
1759435214846664016 5 
1759435214846664024 6 
1759435214846664840 38 
1759435214846666024 7 
1759435214846666904 8 10 
1759435214882594728 3 
1759435214912959904 1 
1759435214912959912 9 
1759435214912959928 14 
1759435214912973904 2 
1759435214913292112 37 
1759435214913293288 6 
1759435214913293296 7 
1759435214913295288 5 
1759435214913295296 6 
1759435214913296112 38 
1759435214913297296 7 
1759435214913298176 8 10 
1759435214922085656 26 
1759435215000000016 32 
1759435215000019960 34 
1759435215009987024 19 
1759435215009987032 12 
1759435215009987048 15 
1759435215009987080 46 
1759435215009989360 11 13 
1759435215169987096 26 
1759435215329987112 26 
1759435215489987128 26 
1759435215649987144 26 
1759435215712603952 1 
1759435215748882728 3 
1759435215779247888 1 
1759435215779247896 9 
1759435215779247912 14 
1759435215779261896 2 
1759435215779580096 37 
1759435215779581272 6 
1759435215779581280 7 
1759435215779583272 5 
1759435215779583280 6 
1759435215779584096 38 
1759435215779585280 7 
1759435215779586160 8 10 
1759435215809987160 26 
1759435215815518992 3 
1759435215845884168 1 
1759435215845884176 9 
1759435215845884192 14 
1759435215845898168 2 
1759435215846216376 37 
1759435215846217552 6 
1759435215846217560 7 
1759435215846219552 5 
1759435215846219560 6 
1759435215846220376 38 
1759435215846221560 7 
1759435215846222440 8 10 
1759435215882153368 3 
1759435215912518528 1 
1759435215912518536 9 
1759435215912518552 14 
1759435215912532536 2 
1759435215912850736 37 
1759435215912851912 6 
1759435215912851920 7 
1759435215912853912 5 
1759435215912853920 6 
1759435215912854736 38 
1759435215912855920 7 
1759435215912856800 8 10 
1759435215969987176 26 
1759435216000000016 32 
1759435216000020000 34 
1759435216129987192 26 
1759435216289987208 26 
1759435216449987224 26 
1759435216609987240 26 
1759435216645509216 1 
1759435216712147152 1 
1759435216712161168 2 
1759435216748418264 3 
1759435216769987256 26 
1759435216778783432 1 
1759435216778783440 9 
1759435216778783456 14 
1759435216778797432 2 
1759435216779115640 37 
1759435216779116816 6 
1759435216779116824 7 
1759435216779118816 5 
1759435216779118824 6 
1759435216779119640 38 
1759435216779120824 7 
1759435216779121704 8 10 
1759435216815051632 3 
1759435216845416792 1 
1759435216845416800 9 
1759435216845416816 14 
1759435216845430800 2 
1759435216845749000 37 
1759435216845750176 6 
1759435216845750184 7 
1759435216845752176 5 
1759435216845752184 6 
1759435216845753000 38 
1759435216845754184 7 
1759435216845755064 8 10 
1759435216881686896 3 
1759435216909546104 22 
1759435216912052072 1 
1759435216912052080 9 
1759435216912052096 14 
1759435216912066072 2 
1759435216912384280 37 
1759435216912385456 6 
1759435216912385464 7 
1759435216912387456 5 
1759435216912387464 6 
1759435216912388280 38 
1759435216912389464 7 
1759435216912390344 8 10 
1759435216929987272 26 
1759435217000000016 32 
1759435217000020032 34 
1759435217089987288 26 
1759435217249987304 26 
1759435217363686832 19 
1759435217363686840 12 
1759435217363686856 15 
1759435217363686888 46 
1759435217363689168 11 13 
1759435217523686904 26 
1759435217683686920 26 
1759435217711668024 1 
1759435217747937896 3 
1759435217778303056 1 
1759435217778303064 9 
1759435217778303080 14 
1759435217778317064 2 
1759435217778635264 37 
1759435217778636440 6 
1759435217778636448 7 
1759435217778638440 5 
1759435217778638448 6 
1759435217778639264 38 
1759435217778640448 7 
1759435217778641328 8 10 
1759435217814573160 3 
1759435217843686936 26 
1759435217844938336 1 
1759435217844938344 9 
1759435217844938360 14 
1759435217844952336 2 
1759435217845270544 37 
1759435217845271720 6 
1759435217845271728 7 
1759435217845273720 5 
1759435217845273728 6 
1759435217845274544 38 
1759435217845275728 7 
1759435217845276608 8 10 
1759435217881206432 3 
1759435217911571592 1 
1759435217911571600 9 
1759435217911571616 14 
1759435217911585608 2 
1759435217911903800 37 
1759435217911904976 6 
1759435217911904984 7 
1759435217911906976 5 
1759435217911906984 6 
1759435217911907800 38 
1759435217911908984 7 
1759435217911909864 8 10 
1759435218000000016 32 
1759435218000019960 34 
1759435218003686952 26 
1759435218163686968 26 
1759435218323686984 26 
1759435218483687000 26 
1759435218643687016 26 
1759435218711165648 1 
1759435218747439424 3 
1759435218777804600 1 
1759435218777804608 9 
1759435218777804624 14 
1759435218777818600 2 
1759435218778136808 37 
1759435218778137984 6 
1759435218778137992 7 
1759435218778139984 5 
1759435218778139992 6 
1759435218778140808 38 
1759435218778141992 7 
1759435218778142872 8 10 
1759435218803687032 26 
1759435218814070696 3 
1759435218844435856 1 
1759435218844435864 9 
1759435218844435880 14 
1759435218844449872 2 
1759435218844768064 37 
1759435218844769240 6 
1759435218844769248 7 
1759435218844771240 5 
1759435218844771248 6 
1759435218844772064 38 
1759435218844773248 7 
1759435218844774128 8 10 
1759435218880703064 3 
1759435218911068240 1 
1759435218911068248 9 
1759435218911068264 14 
1759435218911082240 2 
1759435218911400448 37 
1759435218911401624 6 
1759435218911401632 7 
1759435218911403624 5 
1759435218911403632 6 
1759435218911404448 38 
1759435218911405632 7 
1759435218911406512 8 10 
1759435218963687048 26 
1759435219000000016 32 
1759435219000019992 34 
1759435219123687064 26 
1759435219283687080 26 
1759435219443687096 26 
1759435219603687112 26 
1759435219710637184 1 
1759435219746907960 3 
1759435219763687128 26 
1759435219777273136 1 
1759435219777273144 9 
1759435219777273160 14 
1759435219777287128 2 
1759435219777605344 37 
1759435219777606520 6 
1759435219777606528 7 
1759435219777608520 5 
1759435219777608528 6 
1759435219777609344 38 
1759435219777610528 7 
1759435219777611408 8 10 
1759435219813541328 3 
1759435219843906496 1 
1759435219843906504 9 
1759435219843906520 14 
1759435219843920496 2 
1759435219844238704 37 
1759435219844239880 6 
1759435219844239888 7 
1759435219844241880 5 
1759435219844241888 6 
1759435219844242704 38 
1759435219844243888 7 
1759435219844244768 8 10 
1759435219880175600 3 
1759435219897835152 22 
1759435219910540768 1 
1759435219910540776 9 
1759435219910540792 14 
1759435219910554768 2 
1759435219910872976 37 
1759435219910874152 6 
1759435219910874160 7 
1759435219910876152 5 
1759435219910876160 6 
1759435219910876976 38 
1759435219910878160 7 
1759435219910879040 8 10 
1759435219923687144 26 
1759435220000000016 32 
1759435220000020024 34 
1759435220083687160 26 
1759435220243687176 26 
1759435220403687192 26 
1759435220563687208 26 
1759435220710098704 1 
1759435220723687224 26 
1759435220746366592 3 
1759435220776731760 1 
1759435220776731768 9 
1759435220776731784 14 
1759435220776745768 2 
1759435220777063968 37 
1759435220777065144 6 
1759435220777065152 7 
1759435220777067144 5 
1759435220777067152 6 
1759435220777067968 38 
1759435220777069152 7 
1759435220777070032 8 10 
1759435220812991864 3 
1759435220843357032 1 
1759435220843357040 9 
1759435220843357056 14 
1759435220843371032 2 
1759435220843689240 37 
1759435220843690416 6 
1759435220843690424 7 
1759435220843692416 5 
1759435220843692424 6 
1759435220843693240 38 
1759435220843694424 7 
1759435220843695304 8 10 
1759435220879622232 3 
1759435220883687240 26 
1759435220909987408 1 
1759435220909987416 9 
1759435220909987432 14 
1759435220910001400 2 
1759435220910319616 37 
1759435220910320792 6 
1759435220910320800 7 
1759435220910322792 5 
1759435220910322800 6 
1759435220910323616 38 40 
1759435220910324592 5 
1759435220910325680 8 10 
1759435220910326592 5 
1759435220910328592 5 
1759435220910330592 5 
1759435220910332592 5 
1759435220910334592 5 
1759435220910336592 5 
1759435220910338592 5 
1759435220910340592 5 
1759435220910342592 5 
1759435220910344592 5 
1759435220910346592 5 
1759435220910348592 5 
1759435220910350592 5 
1759435220910352592 5 
1759435220910354592 5 
1759435220910356592 5 
1759435220910358592 5 
1759435220910360592 5 
1759435220910362592 5 
1759435220910364592 5 
1759435220910366592 5 
1759435220910368592 5 
1759435220910370592 5 
1759435220910372592 5 
1759435220910374592 5 
1759435220910376592 5 
1759435220910378592 5 
1759435220910380592 5 
1759435220910382592 5 
1759435220910384592 5 
1759435220910386592 5 
1759435220910388592 5 
1759435220910390592 5 
1759435220910392800 7 
1759435220960710096 19 
1759435220960710104 12 
1759435220960710120 15 
1759435220960710152 46 
1759435220960712432 11 13 
1759435221000000016 32 
1759435221000019960 34 
1759435221120710168 26 
1759435221280710184 26 
1759435221440710200 26 
1759435221600710216 26 
1759435221709523360 1 
1759435221745791128 3 
1759435221760710232 26 
1759435221776156288 1 
1759435221776156296 9 
1759435221776156312 14 
1759435221776170296 2 
1759435221776488496 37 
1759435221776489672 6 
1759435221776489680 7 
1759435221776491672 5 
1759435221776491680 6 
1759435221776492496 38 
1759435221776493680 7 
1759435221776494560 8 10 
1759435221812418496 3 
1759435221842783664 1 
1759435221842783672 9 
1759435221842783688 14 
1759435221842797664 2 
1759435221843115872 37 
1759435221843117048 6 
1759435221843117056 7 
1759435221843119048 5 
1759435221843119056 6 
1759435221843119872 38 
1759435221843121056 7 
1759435221843121936 8 10 
1759435221879044768 3 
1759435221909409928 1 
1759435221909409936 9 
1759435221909409952 14 
1759435221909423936 2 
1759435221909742136 37 
1759435221909743312 6 
1759435221909743320 7 
1759435221909745312 5 
1759435221909745320 6 
1759435221909746136 38 
1759435221909747320 7 
1759435221909748200 8 10 
1759435221920710248 26 
1759435222000000016 32 
1759435222000019992 34 
1759435222080710264 26 
1759435222240710280 26 
1759435222400710296 26 
1759435222560710312 26 
1759435222708941880 1 
1759435222720710328 26 
1759435222745206760 3 
1759435222775571928 1 
1759435222775571936 9 
1759435222775571952 14 
1759435222775585936 2 
1759435222775904136 37 
1759435222775905312 6 
1759435222775905320 7 
1759435222775907312 5 
1759435222775907320 6 
1759435222775908136 38 
1759435222775909320 7 
1759435222775910200 8 10 
1759435222811833032 3 
1759435222842198200 1 
1759435222842198208 9 
1759435222842198224 14 
1759435222842212200 2 
1759435222842530408 37 
1759435222842531584 6 
1759435222842531592 7 
1759435222842533584 5 
1759435222842533592 6 
1759435222842534408 38 
1759435222842535592 7 
1759435222842536472 8 10 
1759435222878460296 3 
1759435222880710344 26 
1759435222886124200 22 
1759435222908825464 1 
1759435222908825472 9 
1759435222908825488 14 
1759435222908839472 2 
1759435222909157672 37 
1759435222909158848 6 
1759435222909158856 7 
1759435222909160848 5 
1759435222909160856 6 
1759435222909161672 38 
1759435222909162856 7 
1759435222909163736 8 10 
1759435223000000016 32 
1759435223000020032 34 
1759435223040710360 26 
1759435223200710376 26 
1759435223360710392 26 
1759435223520710408 26 
1759435223680710424 26 
1759435223708348512 1 
1759435223744614296 3 
1759435223774979456 1 
1759435223774979464 9 
1759435223774979480 14 
1759435223774993464 2 
1759435223775311664 37 
1759435223775312840 6 
1759435223775312848 7 
1759435223775314840 5 
1759435223775314848 6 
1759435223775315664 38 
1759435223775316848 7 
1759435223775317728 8 10 
1759435223811239568 3 
1759435223840710440 26 
1759435223841604728 1 
1759435223841604736 9 
1759435223841604752 14 
1759435223841618736 2 
1759435223841936936 37 
1759435223841938112 6 
1759435223841938120 7 
1759435223841940112 5 
1759435223841940120 6 
1759435223841940936 38 
1759435223841942120 7 
1759435223841943000 8 10 
1759435223877868936 3 
1759435223908234104 1 
1759435223908234112 9 
1759435223908234128 14 
1759435223908248104 2 
1759435223908566312 37 
1759435223908567488 6 
1759435223908567496 7 
1759435223908569488 5 
1759435223908569496 6 
1759435223908570312 38 
1759435223908571496 7 
1759435223908572376 8 10 
1759435224000000016 32 
1759435224000019960 34 
1759435224000710456 26 
1759435224160710472 26 
1759435224297592336 19 
1759435224297592344 12 
1759435224297592360 15 
1759435224297592392 46 
1759435224297594672 11 13 
1759435224457592408 26 
1759435224617592424 26 
1759435224707760040 1 
1759435224744023832 3 
1759435224774389008 1 
1759435224774389016 9 
1759435224774389032 14 
1759435224774403000 2 
1759435224774721216 37 
1759435224774722392 6 
1759435224774722400 7 
1759435224774724392 5 
1759435224774724400 6 
1759435224774725216 38 
1759435224774726400 7 
1759435224774727280 8 10 
1759435224777592440 26 
1759435224810652200 3 
1759435224841017360 1 
1759435224841017368 9 
1759435224841017384 14 
1759435224841031368 2 
1759435224841349568 37 
1759435224841350744 6 
1759435224841350752 7 
1759435224841352744 5 
1759435224841352752 6 
1759435224841353568 38 
1759435224841354752 7 
1759435224841355632 8 10 
1759435224877280464 3 
1759435224907645632 1 
1759435224907645640 9 
1759435224907645656 14 
1759435224907659640 2 
1759435224907977840 37 
1759435224907979016 6 
1759435224907979024 7 
1759435224907981016 5 
1759435224907981024 6 
1759435224907981840 38 
1759435224907983024 7 
1759435224907983904 8 10 
1759435224937592456 26 
1759435225000000016 32 
1759435225000020000 34 
1759435225097592472 26 
1759435225257592488 26 
1759435225417592504 26 
1759435225577592520 26 
1759435225707169592 1 
1759435225737592536 26 
1759435225743436464 3 
1759435225773801624 1 
1759435225773801632 9 
1759435225773801648 14 
1759435225773815632 2 
1759435225774133832 37 
1759435225774135008 6 
1759435225774135016 7 
1759435225774137008 5 
1759435225774137016 6 
1759435225774137832 38 
1759435225774139016 7 
1759435225774139896 8 10 
1759435225810063736 3 
1759435225840428896 1 
1759435225840428904 9 
1759435225840428920 14 
1759435225840442904 2 
1759435225840761104 37 
1759435225840762280 6 
1759435225840762288 7 
1759435225840764280 5 
1759435225840764288 6 
1759435225840765104 38 
1759435225840766288 7 
1759435225840767168 8 10 
1759435225874413248 22 
1759435225876694000 3 
1759435225897592552 26 
1759435225907059168 1 
1759435225907059176 9 
1759435225907059192 14 
1759435225907073176 2 
1759435225907391376 37 
1759435225907392552 6 
1759435225907392560 7 
1759435225907394552 5 
1759435225907394560 6 
1759435225907395376 38 
1759435225907396560 7 
1759435225907397440 8 10 
1759435226000000016 32 
1759435226000020032 34 
1759435226057592568 26 
1759435226217592584 26 
1759435226377592600 26 
1759435226537592616 26 
1759435226639975856 1 
1759435226697592632 26 
1759435226706605888 1 
1759435226706619904 2 
1759435226742873000 3 
1759435226773238160 1 
1759435226773238168 9 
1759435226773238184 14 
1759435226773252168 2 
1759435226773570368 37 
1759435226773571544 6 
1759435226773571552 7 
1759435226773573544 5 
1759435226773573552 6 
1759435226773574368 38 
1759435226773575552 7 
1759435226773576432 8 10 
1759435226809500264 3 
1759435226839865432 1 
1759435226839865440 9 
1759435226839865456 14 
1759435226839879440 2 
1759435226840197640 37 
1759435226840198816 6 
1759435226840198824 7 
1759435226840200816 5 
1759435226840200824 6 
1759435226840201640 38 
1759435226840202824 7 
1759435226840203704 8 10 
1759435226857592648 26 
1759435226876133632 3 
1759435226880769888 19 
1759435226880769896 12 
1759435226880769912 15 
1759435226880769944 46 
1759435226880772224 11 13 
1759435226906498808 1 
1759435226906498816 9 
1759435226906498832 14 
1759435226906512808 2 
1759435226906831016 37 
1759435226906832192 6 
1759435226906832200 7 
1759435226906834192 5 
1759435226906834200 6 
1759435226906835016 38 
1759435226906836200 7 
1759435226906837080 8 10 
1759435227000000016 32 
1759435227000019960 34 
1759435227040769960 26 
1759435227200769976 26 
1759435227360769992 26 
1759435227520770008 26 
1759435227680770024 26 
1759435227706041752 1 
1759435227742308528 3 
1759435227772673696 1 
1759435227772673704 9 
1759435227772673720 14 
1759435227772687704 2 
1759435227773005904 37 
1759435227773007080 6 
1759435227773007088 7 
1759435227773009080 5 
1759435227773009088 6 
1759435227773009904 38 
1759435227773011088 7 
1759435227773011968 8 10 
1759435227808934896 3 
1759435227839300072 1 
1759435227839300080 9 
1759435227839300096 14 
1759435227839314072 2 
1759435227839632280 37 
1759435227839633456 6 
1759435227839633464 7 
1759435227839635456 5 
1759435227839635464 6 
1759435227839636280 38 
1759435227839637464 7 
1759435227839638344 8 10 
1759435227840770040 26 
1759435227875564168 3 
1759435227905929344 1 
1759435227905929352 9 
1759435227905929368 14 
1759435227905943344 2 
1759435227906261552 37 
1759435227906262728 6 
1759435227906262736 7 
1759435227906264728 5 
1759435227906264736 6 
1759435227906265552 38 
1759435227906266736 7 
1759435227906267616 8 10 
1759435228000000016 32 
1759435228000020000 34 
1759435228000770056 26 
1759435228160770072 26 
1759435228320770088 26 
1759435228480770104 26 
1759435228640770120 26 
1759435228705479296 1 
1759435228741748168 3 
1759435228772113328 1 
1759435228772113336 9 
1759435228772113352 14 
1759435228772127336 2 
1759435228772445536 37 
1759435228772446712 6 
1759435228772446720 7 
1759435228772448712 5 
1759435228772448720 6 
1759435228772449536 38 
1759435228772450720 7 
1759435228772451600 8 10 
1759435228800770136 26 
1759435228808378432 3 
1759435228838743600 1 
1759435228838743608 9 
1759435228838743624 14 
1759435228838757608 2 
1759435228839075808 37 
1759435228839076984 6 
1759435228839076992 7 
1759435228839078984 5 
1759435228839078992 6 
1759435228839079808 38 
1759435228839080992 7 
1759435228839081872 8 10 
1759435228862702296 22 
1759435228875007704 3 
1759435228905372872 1 
1759435228905372880 9 
1759435228905372896 14 
1759435228905386872 2 
1759435228905705080 37 
1759435228905706256 6 
1759435228905706264 7 
1759435228905708256 5 
1759435228905708264 6 
1759435228905709080 38 
1759435228905710264 7 
1759435228905711144 8 10 
1759435228960770152 26 
1759435229000000016 32 
1759435229000019928 34 
1759435229120770168 26 
1759435229280770184 26 
1759435229302700904 19 
1759435229302700912 12 
1759435229302700928 15 
1759435229302700960 46 
1759435229302703240 11 13 
1759435229462700976 26 
1759435229622700992 26 
1759435229704922920 1 
1759435229741193696 3 
1759435229771558872 1 
1759435229771558880 9 
1759435229771558896 14 
1759435229771572872 2 
1759435229771891080 37 
1759435229771892256 6 
1759435229771892264 7 
1759435229771894256 5 
1759435229771894264 6 
1759435229771895080 38 
1759435229771896264 7 
1759435229771897144 8 10 
1759435229782701008 26 
1759435229807819968 3 
1759435229838185144 1 
1759435229838185152 9 
1759435229838185168 14 
1759435229838199144 2 
1759435229838517352 37 
1759435229838518528 6 
1759435229838518536 7 
1759435229838520528 5 
1759435229838520536 6 
1759435229838521352 38 
1759435229838522536 7 
1759435229838523416 8 10 
1759435229874449336 3 
1759435229904814496 1 
1759435229904814504 9 
1759435229904814520 14 
1759435229904828512 2 
1759435229905146704 37 
1759435229905147880 6 
1759435229905147888 7 
1759435229905149880 5 
1759435229905149888 6 
1759435229905150704 38 
1759435229905151888 7 
1759435229905152768 8 10 
1759435229942701024 26 
1759435230000000016 32 
1759435230000019968 34 
1759435230102701040 26 
1759435230262701056 26 
1759435230422701072 26 
1759435230582701088 26 
1759435230704359464 1 
1759435230740627232 3 
1759435230742701104 26 
1759435230770992408 1 
1759435230770992416 9 
1759435230770992432 14 
1759435230771006408 2 
1759435230771324616 37 
1759435230771325792 6 
1759435230771325800 7 
1759435230771327792 5 
1759435230771327800 6 
1759435230771328616 38 
1759435230771329800 7 
1759435230771330680 8 10 
1759435230807257600 3 
1759435230837622768 1 
1759435230837622776 9 
1759435230837622792 14 
1759435230837636776 2 
1759435230837954976 37 
1759435230837956152 6 
1759435230837956160 7 
1759435230837958152 5 
1759435230837958160 6 
1759435230837958976 38 
1759435230837960160 7 
1759435230837961040 8 10 
1759435230873883872 3 
1759435230902701120 26 
1759435230904249032 1 
1759435230904249040 9 
1759435230904249056 14 
1759435230904263048 2 
1759435230904581240 37 
1759435230904582416 6 
1759435230904582424 7 
1759435230904584416 5 
1759435230904584424 6 
1759435230904585240 38 
1759435230904586424 7 
1759435230904587304 8 10 
1759435231000000016 32 
1759435231000020000 34 
1759435231001672408 17 
1759435231062701136 26 
1759435231222701152 26 
1759435231382701168 26 
1759435231542701184 26 
1759435231702701200 26 
1759435231703786992 1 
1759435231740055872 3 
1759435231770421040 1 
1759435231770421048 9 
1759435231770421064 14 
1759435231770435040 2 
1759435231770753248 37 
1759435231770754424 6 
1759435231770754432 7 
1759435231770756424 5 
1759435231770756432 6 
1759435231770757248 38 
1759435231770758432 7 
1759435231770759312 8 10 
1759435231806682136 3 
1759435231837047312 1 
1759435231837047320 9 
1759435231837047336 14 
1759435231837061312 2 
1759435231837379520 37 
1759435231837380696 6 
1759435231837380704 7 
1759435231837382696 5 
1759435231837382704 6 
1759435231837383520 38 
1759435231837384704 7 
1759435231837385584 8 10 
1759435231850991344 22 
1759435231862701216 26 
1759435231873309408 3 
1759435231903674584 1 
1759435231903674592 9 
1759435231903674608 14 
1759435231903688576 2 
1759435231904006792 37 
1759435231904007968 6 
1759435231904007976 7 
1759435231904009968 5 
1759435231904009976 6 
1759435231904010792 38 
1759435231904011976 7 
1759435231904012856 8 10 
1759435232000000016 32 
1759435232000019936 34 
1759435232022701232 26 
1759435232182701248 26 
1759435232342701264 26 
1759435232502701280 26 
1759435232662701296 26 
1759435232703204632 1 
1759435232739469408 3 
1759435232769834576 1 
1759435232769834584 9 
1759435232769834600 14 
1759435232769848576 2 
1759435232770166784 37 
1759435232770167960 6 
1759435232770167968 7 
1759435232770169960 5 
1759435232770169968 6 
1759435232770170784 38 
1759435232770171968 7 
1759435232770172848 8 10 
1759435232806095672 3 
1759435232822701312 26 
1759435232836460848 1 
1759435232836460856 9 
1759435232836460872 14 
1759435232836474848 2 
1759435232836793056 37 
1759435232836794232 6 
1759435232836794240 7 
1759435232836796232 5 
1759435232836796240 6 
1759435232836797056 38 
1759435232836798240 7 
1759435232836799120 8 10 
1759435232872720048 3 
1759435232903085216 1 
1759435232903085224 9 
1759435232903085240 14 
1759435232903099216 2 
1759435232903417424 37 
1759435232903418600 6 
1759435232903418608 7 
1759435232903420600 5 
1759435232903420608 6 
1759435232903421424 38 
1759435232903422608 7 
1759435232903423488 8 10 
1759435232982701328 26 
1759435233000000016 32 
1759435233000019976 34 
1759435233142701344 26 
1759435233302701360 26 
1759435233462701376 26 
1759435233604535944 19 
1759435233604535952 12 
1759435233604535968 15 
1759435233604536000 46 
1759435233604538280 11 13 
1759435233702600168 1 
1759435233738867944 3 
1759435233764536016 26 
1759435233769233120 1 
1759435233769233128 9 
1759435233769233144 14 
1759435233769247120 2 
1759435233769565328 37 
1759435233769566504 6 
1759435233769566512 7 
1759435233769568504 5 
1759435233769568512 6 
1759435233769569328 38 
1759435233769570512 7 
1759435233769571392 8 10 
1759435233805493312 3 
1759435233835858488 1 
1759435233835858496 9 
1759435233835858512 14 
1759435233835872488 2 
1759435233836190696 37 
1759435233836191872 6 
1759435233836191880 7 
1759435233836193872 5 
1759435233836193880 6 
1759435233836194696 38 
1759435233836195880 7 
1759435233836196760 8 10 
1759435233872119584 3 
1759435233902484760 1 
1759435233902484768 9 
1759435233902484784 14 
1759435233902498752 2 
1759435233902816968 37 
1759435233902818144 6 
1759435233902818152 7 
1759435233902820144 5 
1759435233902820152 6 
1759435233902820968 38 
1759435233902822152 7 
1759435233902823032 8 10 
1759435233924536032 26 
1759435234000000016 32 
1759435234000020008 34 
1759435234084536048 26 
1759435234244536064 26 
1759435234404536080 26 
1759435234564536096 26 
1759435234701993704 1 
1759435234724536112 26 
1759435234738260584 3 
1759435234768625760 1 
1759435234768625768 9 
1759435234768625784 14 
1759435234768639752 2 
1759435234768957968 37 
1759435234768959144 6 
1759435234768959152 7 
1759435234768961144 5 
1759435234768961152 6 
1759435234768961968 38 
1759435234768963152 7 
1759435234768964032 8 10 
1759435234804886848 3 
1759435234835252024 1 
1759435234835252032 9 
1759435234835252048 14 
1759435234835266024 2 
1759435234835584232 37 
1759435234835585408 6 
1759435234835585416 7 
1759435234835587408 5 
1759435234835587416 6 
1759435234835588232 38 
1759435234835589416 7 
1759435234835590296 8 10 
1759435234839280392 22 
1759435234871514120 3 
1759435234884536128 26 
1759435234901879296 1 
1759435234901879304 9 
1759435234901879320 14 
1759435234901893296 2 
1759435234902211504 37 
1759435234902212680 6 
1759435234902212688 7 
1759435234902214680 5 
1759435234902214688 6 
1759435234902215504 38 
1759435234902216688 7 
1759435234902217568 8 10 
1759435235000000016 32 
1759435235000019944 34 
1759435235044536144 26 
1759435235204536160 26 
1759435235364536176 26 
1759435235524536192 26 
1759435235684536208 26 
1759435235701406344 1 
1759435235737671120 3 
1759435235768036288 1 
1759435235768036296 9 
1759435235768036312 14 
1759435235768050288 2 
1759435235768368496 37 
1759435235768369672 6 
1759435235768369680 7 
1759435235768371672 5 
1759435235768371680 6 
1759435235768372496 38 
1759435235768373680 7 
1759435235768374560 8 10 
1759435235804300392 3 
1759435235834665560 1 
1759435235834665568 9 
1759435235834665584 14 
1759435235834679560 2 
1759435235834997768 37 
1759435235834998944 6 
1759435235834998952 7 
1759435235835000944 5 
1759435235835000952 6 
1759435235835001768 38 
1759435235835002952 7 
1759435235835003832 8 10 
1759435235844536224 26 
1759435235870925760 3 
1759435235901290936 1 
1759435235901290944 9 
1759435235901290960 14 
1759435235901304928 2 
1759435235901623144 37 
1759435235901624320 6 
1759435235901624328 7 
1759435235901626320 5 
1759435235901626328 6 
1759435235901627144 38 
1759435235901628328 7 
1759435235901629208 8 10 
1759435236000000016 32 
1759435236000019984 34 
1759435236004536240 26 
1759435236164536256 26 
1759435236324536272 26 
1759435236360921008 19 
1759435236360921016 12 
1759435236360921032 15 
1759435236360921064 46 
1759435236360923344 11 13 
1759435236520921080 26 
1759435236634181616 1 
1759435236680921096 26 
1759435236700812560 1 
1759435236700826560 2 
1759435236737074656 3 
1759435236767439832 1 
1759435236767439840 9 
1759435236767439856 14 
1759435236767453832 2 
1759435236767772040 37 
1759435236767773216 6 
1759435236767773224 7 
1759435236767775216 5 
1759435236767775224 6 
1759435236767776040 38 
1759435236767777224 7 
1759435236767778104 8 10 
1759435236803701024 3 
1759435236834066192 1 
1759435236834066200 9 
1759435236834066216 14 
1759435236834080200 2 
1759435236834398400 37 
1759435236834399576 6 
1759435236834399584 7 
1759435236834401576 5 
1759435236834401584 6 
1759435236834402400 38 
1759435236834403584 7 
1759435236834404464 8 10 
1759435236840921112 26 
1759435236870328296 3 
1759435236900693456 1 
1759435236900693464 9 
1759435236900693480 14 
1759435236900707472 2 
1759435236901025664 37 
1759435236901026840 6 
1759435236901026848 7 
1759435236901028840 5 
1759435236901028848 6 
1759435236901029664 38 
1759435236901030848 7 
1759435236901031728 8 10 
1759435237000000016 32 
1759435237000020024 34 
1759435237000921128 26 
1759435237160921144 26 
1759435237320921160 26 
1759435237480921176 26 
1759435237640921192 26 
1759435237700210408 1 
1759435237736475296 3 
1759435237766840464 1 
1759435237766840472 9 
1759435237766840488 14 
1759435237766854464 2 
1759435237767172672 37 
1759435237767173848 6 
1759435237767173856 7 
1759435237767175848 5 
1759435237767175856 6 
1759435237767176672 38 
1759435237767177856 7 
1759435237767178736 8 10 
1759435237800921208 26 
1759435237803101568 3 
1759435237827569440 22 
1759435237833466728 1 
1759435237833466736 9 
1759435237833466752 14 
1759435237833480736 2 
1759435237833798936 37 
1759435237833800112 6 
1759435237833800120 7 
1759435237833802112 5 
1759435237833802120 6 
1759435237833802936 38 
1759435237833804120 7 
1759435237833805000 8 10 
1759435237869728832 3 
1759435237900094000 1 
1759435237900094008 9 
1759435237900094024 14 
1759435237900108008 2 
1759435237900426208 37 
1759435237900427384 6 
1759435237900427392 7 
1759435237900429384 5 
1759435237900429392 6 
1759435237900430208 38 
1759435237900431392 7 
1759435237900432272 8 10 
1759435237960921224 26 
1759435238000000016 32 
1759435238000019960 34 
1759435238120921240 26 
1759435238280921256 26 
1759435238440921272 26 
1759435238600921288 26 
1759435238699615064 1 
1759435238735882832 3 
1759435238760921304 26 
1759435238766247992 1 
1759435238766248000 9 
1759435238766248016 14 
1759435238766262000 2 
1759435238766580200 37 
1759435238766581376 6 
1759435238766581384 7 
1759435238766583376 5 
1759435238766583384 6 
1759435238766584200 38 
1759435238766585384 7 
1759435238766586264 8 10 
1759435238802512096 3 
1759435238832877264 1 
1759435238832877272 9 
1759435238832877288 14 
1759435238832891272 2 
1759435238833209472 37 
1759435238833210648 6 
1759435238833210656 7 
1759435238833212648 5 
1759435238833212656 6 
1759435238833213472 38 
1759435238833214656 7 
1759435238833215536 8 10 
1759435238869142472 3 
1759435238899507640 1 
1759435238899507648 9 
1759435238899507664 14 
1759435238899521640 2 
1759435238899839848 37 
1759435238899841024 6 
1759435238899841032 7 
1759435238899843024 5 
1759435238899843032 6 
1759435238899843848 38 
1759435238899845032 7 
1759435238899845912 8 10 
1759435238920921320 26 
1759435239000000016 32 
1759435239000019992 34 
1759435239080921336 26 
1759435239240921352 26 
1759435239400921368 26 
1759435239560921384 26 
1759435239699051584 1 
1759435239720921400 26 
1759435239735319368 3 
1759435239765684528 1 
1759435239765684536 9 
1759435239765684552 14 
1759435239765698536 2 
1759435239766016736 37 
1759435239766017912 6 
1759435239766017920 7 
1759435239766019912 5 
1759435239766019920 6 
1759435239766020736 38 
1759435239766021920 7 
1759435239766022800 8 10 
1759435239801939736 3 
1759435239832304896 1 
1759435239832304904 9 
1759435239832304920 14 
1759435239832318912 2 
1759435239832637104 37 
1759435239832638280 6 
1759435239832638288 7 
1759435239832640280 5 
1759435239832640288 6 
1759435239832641104 38 
1759435239832642288 7 
1759435239832643168 8 10 
1759435239868575008 3 
1759435239880921416 26 
1759435239898940176 1 
1759435239898940184 9 
1759435239898940200 14 
1759435239898954176 2 
1759435239899272384 37 
1759435239899273560 6 
1759435239899273568 7 
1759435239899275560 5 
1759435239899275568 6 
1759435239899276384 38 
1759435239899277568 7 
1759435239899278448 8 10 
1759435240000000016 32 
1759435240000019928 34 
1759435240040921432 26 
1759435240200921448 26 
1759435240360921464 26 
1759435240520921480 26 
1759435240545781448 19 
1759435240545781456 12 
1759435240545781472 15 
1759435240545781504 46 
1759435240545783784 11 13 
1759435240698471120 1 
1759435240705781520 26 
1759435240734738000 3 
1759435240765103176 1 
1759435240765103184 9 
1759435240765103200 14 
1759435240765117176 2 
1759435240765435384 37 
1759435240765436560 6 
1759435240765436568 7 
1759435240765438560 5 
1759435240765438568 6 
1759435240765439384 38 
1759435240765440568 7 
1759435240765441448 8 10 
1759435240801361272 3 
1759435240815858488 22 
1759435240831726440 1 
1759435240831726448 9 
1759435240831726464 14 
1759435240831740448 2 
1759435240832058648 37 
1759435240832059824 6 
1759435240832059832 7 
1759435240832061824 5 
1759435240832061832 6 
1759435240832062648 38 
1759435240832063832 7 
1759435240832064712 8 10 
1759435240865781536 26 
1759435240867994544 3 
1759435240898359720 1 
1759435240898359728 9 
1759435240898359744 14 
1759435240898373712 2 
1759435240898691928 37 
1759435240898693104 6 
1759435240898693112 7 
1759435240898695104 5 
1759435240898695112 6 
1759435240898695928 38 
1759435240898697112 7 
1759435240898697992 8 10 
1759435241000000016 32 
1759435241000019968 34 
1759435241025781552 26 
1759435241185781568 26 
1759435241345781584 26 
1759435241505781600 26 
1759435241665781616 26 
1759435241697903760 1 
1759435241734169536 3 
1759435241764534704 1 
1759435241764534712 9 
1759435241764534728 14 
1759435241764548712 2 
1759435241764866912 37 
1759435241764868088 6 
1759435241764868096 7 
1759435241764870088 5 
1759435241764870096 6 
1759435241764870912 38 
1759435241764872096 7 
1759435241764872976 8 10 
1759435241800798808 3 
1759435241825781632 26 
1759435241831163984 1 
1759435241831163992 9 
1759435241831164008 14 
1759435241831177976 2 
1759435241831496192 37 
1759435241831497368 6 
1759435241831497376 7 
1759435241831499368 5 
1759435241831499376 6 
1759435241831500192 38 
1759435241831501376 7 
1759435241831502256 8 10 
1759435241867426176 3 
1759435241897791352 1 
1759435241897791360 9 
1759435241897791376 14 
1759435241897805352 2 
1759435241898123560 37 
1759435241898124736 6 
1759435241898124744 7 
1759435241898126736 5 
1759435241898126744 6 
1759435241898127560 38 
1759435241898128744 7 
1759435241898129624 8 10 
1759435241985781648 26 
1759435242000000016 32 
1759435242000020000 34 
1759435242145781664 26 
1759435242305781680 26 
1759435242465781696 26 
1759435242625781712 26 
1759435242697320304 1 
1759435242733586072 3 
1759435242763951248 1 
1759435242763951256 9 
1759435242763951272 14 
1759435242763965248 2 
1759435242764283456 37 
1759435242764284632 6 
1759435242764284640 7 
1759435242764286632 5 
1759435242764286640 6 
1759435242764287456 38 
1759435242764288640 7 
1759435242764289520 8 10 
1759435242785781728 26 
1759435242800216440 3 
1759435242830581600 1 
1759435242830581608 9 
1759435242830581624 14 
1759435242830595616 2 
1759435242830913808 37 
1759435242830914984 6 
1759435242830914992 7 
1759435242830916984 5 
1759435242830916992 6 
1759435242830917808 38 
1759435242830918992 7 
1759435242830919872 8 10 
1759435242866843712 3 
1759435242897208872 1 
1759435242897208880 9 
1759435242897208896 14 
1759435242897222880 2 
1759435242897541080 37 
1759435242897542256 6 
1759435242897542264 7 
1759435242897544256 5 
1759435242897544264 6 
1759435242897545080 38 
1759435242897546264 7 
1759435242897547144 8 10 
1759435242945781744 26 
1759435243000000016 32 
1759435243000019936 34 
1759435243105781760 26 
1759435243224389480 19 
1759435243224389488 12 
1759435243224389504 15 
1759435243224389536 46 
1759435243224391816 11 13 
1759435243384389552 26 
1759435243544389568 26 
1759435243696731832 1 
1759435243704389584 26 
1759435243732997704 3 
1759435243763362880 1 
1759435243763362888 9 
1759435243763362904 14 
1759435243763376880 2 
1759435243763695088 37 
1759435243763696264 6 
1759435243763696272 7 
1759435243763698264 5 
1759435243763698272 6 
1759435243763699088 38 
1759435243763700272 7 
1759435243763701152 8 10 
1759435243799623976 3 
1759435243804147536 22 
1759435243829989152 1 
1759435243829989160 9 
1759435243829989176 14 
1759435243830003152 2 
1759435243830321360 37 
1759435243830322536 6 
1759435243830322544 7 
1759435243830324536 5 
1759435243830324544 6 
1759435243830325360 38 
1759435243830326544 7 
1759435243830327424 8 10 
1759435243864389600 26 
1759435243866252248 3 
1759435243896617424 1 
1759435243896617432 9 
1759435243896617448 14 
1759435243896631416 2 
1759435243896949632 37 
1759435243896950808 6 
1759435243896950816 7 
1759435243896952808 5 
1759435243896952816 6 
1759435243896953632 38 
1759435243896954816 7 
1759435243896955696 8 10 
1759435244000000016 32 
1759435244000019968 34 
1759435244024389616 26 
1759435244184389632 26 
1759435244344389648 26 
1759435244504389664 26 
1759435244664389680 26 
1759435244696134464 1 
1759435244732401248 3 
1759435244762766408 1 
1759435244762766416 9 
1759435244762766432 14 
1759435244762780416 2 
1759435244763098616 37 
1759435244763099792 6 
1759435244763099800 7 
1759435244763101792 5 
1759435244763101800 6 
1759435244763102616 38 
1759435244763103800 7 
1759435244763104680 8 10 
1759435244799032512 3 
1759435244824389696 26 
1759435244829397680 1 
1759435244829397688 9 
1759435244829397704 14 
1759435244829411688 2 
1759435244829729888 37 
1759435244829731064 6 
1759435244829731072 7 
1759435244829733064 5 
1759435244829733072 6 
1759435244829733888 38 
1759435244829735072 7 
1759435244829735952 8 10 
1759435244865657880 3 
1759435244896023056 1 
1759435244896023064 9 
1759435244896023080 14 
1759435244896037056 2 
1759435244896355264 37 
1759435244896356440 6 
1759435244896356448 7 
1759435244896358440 5 
1759435244896358448 6 
1759435244896359264 38 
1759435244896360448 7 
1759435244896361328 8 10 
1759435244984389712 26 
1759435245000000016 32 
1759435245000020008 34 
1759435245144389728 26 
1759435245304389744 26 
1759435245464389760 26 
1759435245624389776 26 
1759435245695543008 1 
1759435245731809784 3 
1759435245762174960 1 
1759435245762174968 9 
1759435245762174984 14 
1759435245762188952 2 
1759435245762507168 37 
1759435245762508344 6 
1759435245762508352 7 
1759435245762510344 5 
1759435245762510352 6 
1759435245762511168 38 
1759435245762512352 7 
1759435245762513232 8 10 
1759435245784389792 26 
1759435245798433152 3 
1759435245828798328 1 
1759435245828798336 9 
1759435245828798352 14 
1759435245828812320 2 
1759435245829130536 37 
1759435245829131712 6 
1759435245829131720 7 
1759435245829133712 5 
1759435245829133720 6 
1759435245829134536 38 
1759435245829135720 7 
1759435245829136600 8 10 
1759435245865059424 3 
1759435245895424600 1 
1759435245895424608 9 
1759435245895424624 14 
1759435245895438592 2 
1759435245895756808 37 
1759435245895757984 6 
1759435245895757992 7 
1759435245895759984 5 
1759435245895759992 6 
1759435245895760808 38 
1759435245895761992 7 
1759435245895762872 8 10 
1759435245944389808 26 
1759435246000000016 32 
1759435246000019944 34 
1759435246104389824 26 
1759435246264389840 26 
1759435246424389856 26 
1759435246584389872 26 
1759435246628312280 1 
1759435246694944224 1 
1759435246694958224 2 
1759435246731204416 3 
1759435246744389888 26 
1759435246761569600 1 
1759435246761569608 9 
1759435246761569624 14 
1759435246761583592 2 
1759435246761901808 37 
1759435246761902984 6 
1759435246761902992 7 
1759435246761904984 5 
1759435246761904992 6 
1759435246761905808 38 
1759435246761906992 7 
1759435246761907872 8 10 
1759435246792436584 22 
1759435246797829688 3 
1759435246828194864 1 
1759435246828194872 9 
1759435246828194888 14 
1759435246828208864 2 
1759435246828527072 37 
1759435246828528248 6 
1759435246828528256 7 
1759435246828530248 5 
1759435246828530256 6 
1759435246828531072 38 
1759435246828532256 7 
1759435246828533136 8 10 
1759435246864457960 3 
1759435246894823120 1 
1759435246894823128 9 
1759435246894823144 14 
1759435246894837128 2 
1759435246895155328 37 
1759435246895156504 6 
1759435246895156512 7 
1759435246895158504 5 
1759435246895158512 6 
1759435246895159328 38 
1759435246895160512 7 
1759435246895161392 8 10 
1759435246904389904 26 
1759435247000000016 32 
1759435247000019984 34 
1759435247064389920 26 
1759435247224389936 26 
1759435247384389952 26 
1759435247544389968 26 
1759435247694340176 1 
1759435247704389984 26 
1759435247730607960 3 
1759435247760973128 1 
1759435247760973136 9 
1759435247760973152 14 
1759435247760987128 2 
1759435247761305336 37 
1759435247761306512 6 
1759435247761306520 7 
1759435247761308512 5 
1759435247761308520 6 
1759435247761309336 38 
1759435247761310520 7 
1759435247761311400 8 10 
1759435247797236224 3 
1759435247827601392 1 
1759435247827601400 9 
1759435247827601416 14 
1759435247827615400 2 
1759435247827933600 37 
1759435247827934776 6 
1759435247827934784 7 
1759435247827936776 5 
1759435247827936784 6 
1759435247827937600 38 
1759435247827938784 7 
1759435247827939664 8 10 
1759435247863864592 3 
1759435247864390000 26 
1759435247894229768 1 
1759435247894229776 9 
1759435247894229792 14 
1759435247894243768 2 
1759435247894561976 37 
1759435247894563152 6 
1759435247894563160 7 
1759435247894565152 5 
1759435247894565160 6 
1759435247894565976 38 
1759435247894567160 7 
1759435247894568040 8 10 
1759435248000000016 32 
1759435248000020016 34 
1759435248024390016 26 
1759435248151529192 19 
1759435248151529200 12 
1759435248151529216 15 
1759435248151529248 46 
1759435248151531528 11 13 
1759435248311529264 26 
1759435248471529280 26 
1759435248631529296 26 
1759435248693752712 1 
1759435248730021496 3 
1759435248760386656 1 
1759435248760386664 9 
1759435248760386680 14 
1759435248760400664 2 
1759435248760718864 37 
1759435248760720040 6 
1759435248760720048 7 
1759435248760722040 5 
1759435248760722048 6 
1759435248760722864 38 
1759435248760724048 7 
1759435248760724928 8 10 
1759435248791529312 26 
1759435248796647864 3 
1759435248827013032 1 
1759435248827013040 9 
1759435248827013056 14 
1759435248827027032 2 
1759435248827345240 37 
1759435248827346416 6 
1759435248827346424 7 
1759435248827348416 5 
1759435248827348424 6 
1759435248827349240 38 
1759435248827350424 7 
1759435248827351304 8 10 
1759435248863275128 3 
1759435248893640304 1 
1759435248893640312 9 
1759435248893640328 14 
1759435248893654304 2 
1759435248893972512 37 
1759435248893973688 6 
1759435248893973696 7 
1759435248893975688 5 
1759435248893975696 6 
1759435248893976512 38 
1759435248893977696 7 
1759435248893978576 8 10 
1759435248951529328 26 
1759435249000000016 32 
1759435249000019952 34 
1759435249111529344 26 
1759435249271529360 26 
1759435249431529376 26 
1759435249591529392 26 
1759435249693163240 1 
1759435249729429128 3 
1759435249751529408 26 
1759435249759794296 1 
1759435249759794304 9 
1759435249759794320 14 
1759435249759808296 2 
1759435249760126504 37 
1759435249760127680 6 
1759435249760127688 7 
1759435249760129680 5 
1759435249760129688 6 
1759435249760130504 38 
1759435249760131688 7 
1759435249760132568 8 10 
1759435249780725632 22 
1759435249796054392 3 
1759435249826419560 1 
1759435249826419568 9 
1759435249826419584 14 
1759435249826433568 2 
1759435249826751768 37 
1759435249826752944 6 
1759435249826752952 7 
1759435249826754944 5 
1759435249826754952 6 
1759435249826755768 38 
1759435249826756952 7 
1759435249826757832 8 10 
1759435249862681664 3 
1759435249893046832 1 
1759435249893046840 9 
1759435249893046856 14 
1759435249893060832 2 
1759435249893379040 37 
1759435249893380216 6 
1759435249893380224 7 
1759435249893382216 5 
1759435249893382224 6 
1759435249893383040 38 
1759435249893384224 7 
1759435249893385104 8 10 
1759435249911529424 26 
1759435250000000016 32 
1759435250000019984 34 
1759435250071529440 26 
1759435250231529456 26 
1759435250391529472 26 
1759435250551529488 26 
1759435250692569896 1 
1759435250711529504 26 
1759435250728834664 3 
1759435250759199840 1 
1759435250759199848 9 
1759435250759199864 14 
1759435250759213832 2 
1759435250759532048 37 
1759435250759533224 6 
1759435250759533232 7 
1759435250759535224 5 
1759435250759535232 6 
1759435250759536048 38 
1759435250759537232 7 
1759435250759538112 8 10 
1759435250795460928 3 
1759435250825826104 1 
1759435250825826112 9 
1759435250825826128 14 
1759435250825840104 2 
1759435250826158312 37 
1759435250826159488 6 
1759435250826159496 7 
1759435250826161488 5 
1759435250826161496 6 
1759435250826162312 38 
1759435250826163496 7 
1759435250826164376 8 10 
1759435250862090296 3 
1759435250871529520 26 
1759435250892455464 1 
1759435250892455472 9 
1759435250892455488 14 
1759435250892469472 2 
1759435250892787672 37 
1759435250892788848 6 
1759435250892788856 7 
1759435250892790848 5 
1759435250892790856 6 
1759435250892791672 38 
1759435250892792856 7 
1759435250892793736 8 10 
1759435251000000016 32 
1759435251000020024 34 
1759435251031529536 26 
1759435251191529552 26 
1759435251351529568 26 
1759435251511529584 26 
1759435251537723720 19 
1759435251537723728 12 
1759435251537723744 15 
1759435251537723776 46 
1759435251537726056 11 13 
1759435251691980424 1 
1759435251697723792 26 
1759435251728247200 3 
1759435251758612368 1 
1759435251758612376 9 
1759435251758612392 14 
1759435251758626368 2 
1759435251758944576 37 
1759435251758945752 6 
1759435251758945760 7 
1759435251758947752 5 
1759435251758947760 6 
1759435251758948576 38 
1759435251758949760 7 
1759435251758950640 8 10 
1759435251794875568 3 
1759435251825240728 1 
1759435251825240736 9 
1759435251825240752 14 
1759435251825254736 2 
1759435251825572936 37 
1759435251825574112 6 
1759435251825574120 7 
1759435251825576112 5 
1759435251825576120 6 
1759435251825576936 38 
1759435251825578120 7 
1759435251825579000 8 10 
1759435251857723808 26 
1759435251861506832 3 
1759435251891872000 1 
1759435251891872008 9 
1759435251891872024 14 
1759435251891886008 2 
1759435251892204208 37 
1759435251892205384 6 
1759435251892205392 7 
1759435251892207384 5 
1759435251892207392 6 
1759435251892208208 38 
1759435251892209392 7 
1759435251892210272 8 10 
1759435252000000016 32 
1759435252000019952 34 
1759435252017723824 26 
1759435252177723840 26 
1759435252337723856 26 
1759435252497723872 26 
1759435252657723888 26 
1759435252691387952 1 
1759435252727651832 3 
1759435252758017000 1 
1759435252758017008 9 
1759435252758017024 14 
1759435252758031000 2 
1759435252758349208 37 
1759435252758350384 6 
1759435252758350392 7 
1759435252758352384 5 
1759435252758352392 6 
1759435252758353208 38 
1759435252758354392 7 
1759435252758355272 8 10 
1759435252769014680 22 
1759435252794279104 3 
1759435252817723904 26 
1759435252824644272 1 
1759435252824644280 9 
1759435252824644296 14 
1759435252824658272 2 
1759435252824976480 37 
1759435252824977656 6 
1759435252824977664 7 
1759435252824979656 5 
1759435252824979664 6 
1759435252824980480 38 
1759435252824981664 7 
1759435252824982544 8 10 
1759435252860897368 3 
1759435252891262536 1 
1759435252891262544 9 
1759435252891262560 14 
1759435252891276544 2 
1759435252891594744 37 
1759435252891595920 6 
1759435252891595928 7 
1759435252891597920 5 
1759435252891597928 6 
1759435252891598744 38 
1759435252891599928 7 
1759435252891600808 8 10 
1759435252977723920 26 
1759435253000000016 32 
1759435253000019992 34 
1759435253137723936 26 
1759435253297723952 26 
1759435253457723968 26 
1759435253617723984 26 
1759435253690790584 1 
1759435253727057368 3 
1759435253757422528 1 
1759435253757422536 9 
1759435253757422552 14 
1759435253757436536 2 
1759435253757754736 37 
1759435253757755912 6 
1759435253757755920 7 
1759435253757757912 5 
1759435253757757920 6 
1759435253757758736 38 
1759435253757759920 7 
1759435253757760800 8 10 
1759435253777724000 26 
1759435253793682632 3 
1759435253824047800 1 
1759435253824047808 9 
1759435253824047824 14 
1759435253824061808 2 
1759435253824380008 37 
1759435253824381184 6 
1759435253824381192 7 
1759435253824383184 5 
1759435253824383192 6 
1759435253824384008 38 
1759435253824385192 7 
1759435253824386072 8 10 
1759435253860310000 3 
1759435253890675168 1 
1759435253890675176 9 
1759435253890675192 14 
1759435253890689176 2 
1759435253891007376 37 
1759435253891008552 6 
1759435253891008560 7 
1759435253891010552 5 
1759435253891010560 6 
1759435253891011376 38 
1759435253891012560 7 
1759435253891013440 8 10 
1759435253937724016 26 
1759435254000000016 32 
1759435254000020024 34 
1759435254097724032 26 
1759435254257724048 26 
1759435254417724064 26 
1759435254577724080 26 
1759435254690202112 1 
1759435254726467896 3 
1759435254737724096 26 
1759435254742269448 19 
1759435254742269456 12 
1759435254742269472 15 
1759435254742269504 46 
1759435254742271784 11 13 
1759435254756833064 1 
1759435254756833072 9 
1759435254756833088 14 
1759435254756847072 2 
1759435254757165272 37 
1759435254757166448 6 
1759435254757166456 7 
1759435254757168448 5 
1759435254757168456 6 
1759435254757169272 38 
1759435254757170456 7 
1759435254757171336 8 10 
1759435254793095264 3 
1759435254823460432 1 
1759435254823460440 9 
1759435254823460456 14 
1759435254823474440 2 
1759435254823792640 37 
1759435254823793816 6 
1759435254823793824 7 
1759435254823795816 5 
1759435254823795824 6 
1759435254823796640 38 
1759435254823797824 7 
1759435254823798704 8 10 
1759435254859723536 3 
1759435254890088704 1 
1759435254890088712 9 
1759435254890088728 14 
1759435254890102704 2 
1759435254890420912 37 
1759435254890422088 6 
1759435254890422096 7 
1759435254890424088 5 
1759435254890424096 6 
1759435254890424912 38 
1759435254890426096 7 
1759435254890426976 8 10 
1759435254902269520 26 
1759435255000000016 32 
1759435255000019960 34 
1759435255062269536 26 
1759435255222269552 26 
1759435255382269568 26 
1759435255542269584 26 
1759435255689601656 1 
1759435255702269600 26 
1759435255725868536 3 
1759435255756233704 1 
1759435255756233712 9 
1759435255756233728 14 
1759435255756247704 2 
1759435255756565912 37 
1759435255756567088 6 
1759435255756567096 7 
1759435255756569088 5 
1759435255756569096 6 
1759435255756569912 38 
1759435255756571096 7 
1759435255756571976 8 10 
1759435255757303728 22 
1759435255792495800 3 
1759435255822860976 1 
1759435255822860984 9 
1759435255822861000 14 
1759435255822874976 2 
1759435255823193184 37 
1759435255823194360 6 
1759435255823194368 7 
1759435255823196360 5 
1759435255823196368 6 
1759435255823197184 38 
1759435255823198368 7 
1759435255823199248 8 10 
1759435255859122072 3 
1759435255862269616 26 
1759435255889487248 1 
1759435255889487256 9 
1759435255889487272 14 
1759435255889501240 2 
1759435255889819456 37 
1759435255889820632 6 
1759435255889820640 7 
1759435255889822632 5 
1759435255889822640 6 
1759435255889823456 38 
1759435255889824640 7 
1759435255889825520 8 10 
1759435256000000016 32 
1759435256000019992 34 
1759435256022269632 26 
1759435256182269648 26 
1759435256342269664 26 
1759435256502269680 26 
1759435256622381936 1 
1759435256662269696 26 
1759435256689012960 1 
1759435256689026976 2 
1759435256725279072 3 
1759435256755644240 1 
1759435256755644248 9 
1759435256755644264 14 
1759435256755658240 2 
1759435256755976448 37 
1759435256755977624 6 
1759435256755977632 7 
1759435256755979624 5 
1759435256755979632 6 
1759435256755980448 38 
1759435256755981632 7 
1759435256755982512 8 10 
1759435256791908336 3 
1759435256822269712 26 
1759435256822273512 1 
1759435256822273520 9 
1759435256822273536 14 
1759435256822287512 2 
1759435256822605720 37 
1759435256822606896 6 
1759435256822606904 7 
1759435256822608896 5 
1759435256822608904 6 
1759435256822609720 38 
1759435256822610904 7 
1759435256822611784 8 10 
1759435256858536712 3 
1759435256888901888 1 
1759435256888901896 9 
1759435256888901912 14 
1759435256888915880 2 
1759435256889234096 37 
1759435256889235272 6 
1759435256889235280 7 
1759435256889237272 5 
1759435256889237280 6 
1759435256889238096 38 
1759435256889239280 7 
1759435256889240160 8 10 
1759435256982269728 26 
1759435257000000016 32 
1759435257000020032 34 
1759435257142269744 26 
1759435257272381600 19 
1759435257272381608 12 
1759435257272381624 15 
1759435257272381656 46 
1759435257272383936 11 13 
1759435257432381672 26 
1759435257592381688 26 
1759435257688432832 1 
1759435257724698608 3 
1759435257752381704 26 
1759435257755063776 1 
1759435257755063784 9 
1759435257755063800 14 
1759435257755077776 2 
1759435257755395984 37 
1759435257755397160 6 
1759435257755397168 7 
1759435257755399160 5 
1759435257755399168 6 
1759435257755399984 38 
1759435257755401168 7 
1759435257755402048 8 10 
1759435257791327976 3 
1759435257821693136 1 
1759435257821693144 9 
1759435257821693160 14 
1759435257821707144 2 
1759435257822025344 37 
1759435257822026520 6 
1759435257822026528 7 
1759435257822028520 5 
1759435257822028528 6 
1759435257822029344 38 
1759435257822030528 7 
1759435257822031408 8 10 
1759435257857953248 3 
1759435257888318400 1 
1759435257888318408 9 
1759435257888318424 14 
1759435257888332416 2 
1759435257888650608 37 
1759435257888651784 6 
1759435257888651792 7 
1759435257888653784 5 
1759435257888653792 6 
1759435257888654608 38 
1759435257888655792 7 
1759435257888656672 8 10 
1759435257912381720 26 
1759435258000000016 32 
1759435258000019968 34 
1759435258072381736 26 
1759435258232381752 26 
1759435258392381768 26 
1759435258552381784 26 
1759435258687857360 1 
1759435258712381800 26 
1759435258724127240 3 
1759435258745592776 22 
1759435258754492416 1 
1759435258754492424 9 
1759435258754492440 14 
1759435258754506416 2 
1759435258754824624 37 
1759435258754825800 6 
1759435258754825808 7 
1759435258754827800 5 
1759435258754827808 6 
1759435258754828624 38 
1759435258754829808 7 
1759435258754830688 8 10 
1759435258790756512 3 
1759435258821121688 1 
1759435258821121696 9 
1759435258821121712 14 
1759435258821135680 2 
1759435258821453896 37 
1759435258821455072 6 
1759435258821455080 7 
1759435258821457072 5 
1759435258821457080 6 
1759435258821457896 38 
1759435258821459080 7 
1759435258821459960 8 10 
1759435258857388784 3 
1759435258872381816 26 
1759435258887753944 1 
1759435258887753952 9 
1759435258887753968 14 
1759435258887767952 2 
1759435258888086152 37 
1759435258888087328 6 
1759435258888087336 7 
1759435258888089328 5 
1759435258888089336 6 
1759435258888090152 38 
1759435258888091336 7 
1759435258888092216 8 10 
1759435259000000016 32 
1759435259000020000 34 
1759435259032381832 26 
1759435259192381848 26 
1759435259352381864 26 
1759435259512381880 26 
1759435259672381896 26 
1759435259687320008 1 
1759435259723587784 3 
1759435259753952936 1 
1759435259753952944 9 
1759435259753952960 14 
1759435259753966952 2 
1759435259754285144 37 
1759435259754286320 6 
1759435259754286328 7 
1759435259754288320 5 
1759435259754288328 6 
1759435259754289144 38 
1759435259754290328 7 
1759435259754291208 8 10 
1759435259790218048 3 
1759435259811852504 19 
1759435259811852512 12 
1759435259811852528 15 
1759435259811852560 46 
1759435259811854840 11 13 
1759435259820583216 1 
1759435259820583224 9 
1759435259820583240 14 
1759435259820597224 2 
1759435259820915424 37 
1759435259820916600 6 
1759435259820916608 7 
1759435259820918600 5 
1759435259820918608 6 
1759435259820919424 38 
1759435259820920608 7 
1759435259820921488 8 10 
1759435259856850416 3 
1759435259887215592 1 
1759435259887215600 9 
1759435259887215616 14 
1759435259887229592 2 
1759435259887547800 37 
1759435259887548976 6 
1759435259887548984 7 
1759435259887550976 5 
1759435259887550984 6 
1759435259887551800 38 
1759435259887552984 7 
1759435259887553864 8 10 
1759435259971852576 26 
1759435260000000016 32 
1759435260000019936 34 
1759435260131852592 26 
1759435260291852608 26 
1759435260451852624 26 
1759435260611852640 26 
1759435260686794552 1 
1759435260723063320 3 
1759435260753428480 1 
1759435260753428488 9 
1759435260753428504 14 
1759435260753442488 2 
1759435260753760688 37 
1759435260753761864 6 
1759435260753761872 7 
1759435260753763864 5 
1759435260753763872 6 
1759435260753764688 38 
1759435260753765872 7 
1759435260753766752 8 10 
1759435260771852656 26 
1759435260789693688 3 
1759435260820058856 1 
1759435260820058864 9 
1759435260820058880 14 
1759435260820072856 2 
1759435260820391064 37 
1759435260820392240 6 
1759435260820392248 7 
1759435260820394240 5 
1759435260820394248 6 
1759435260820395064 38 
1759435260820396248 7 
1759435260820397128 8 10 
1759435260856327960 3 
1759435260886693136 1 
1759435260886693144 9 
1759435260886693160 14 
1759435260886707128 2 
1759435260887025344 37 
1759435260887026520 6 
1759435260887026528 7 
1759435260887028520 5 
1759435260887028528 6 
1759435260887029344 38 
1759435260887030528 7 
1759435260887031408 8 10 
1759435260931852672 26 
1759435261000000016 32 
1759435261000019976 34 
1759435261091852688 26 
1759435261251852704 26 
1759435261411852720 26 
1759435261571852736 26 
1759435261686285088 1 
1759435261722556952 3 
1759435261731852752 26 
1759435261733881824 22 
1759435261752922120 1 
1759435261752922128 9 
1759435261752922144 14 
1759435261752936128 2 
1759435261753254328 37 
1759435261753255504 6 
1759435261753255512 7 
1759435261753257504 5 
1759435261753257512 6 
1759435261753258328 38 
1759435261753259512 7 
1759435261753260392 8 10 
1759435261789193224 3 
1759435261819558400 1 
1759435261819558408 9 
1759435261819558424 14 
1759435261819572400 2 
1759435261819890608 37 
1759435261819891784 6 
1759435261819891792 7 
1759435261819893784 5 
1759435261819893792 6 
1759435261819894608 38 
1759435261819895792 7 
1759435261819896672 8 10 
1759435261855827496 3 
1759435261886192656 1 
1759435261886192664 9 
1759435261886192680 14 
1759435261886206664 2 
1759435261886524864 37 
1759435261886526040 6 
1759435261886526048 7 
1759435261886528040 5 
1759435261886528048 6 
1759435261886528864 38 
1759435261886530048 7 
1759435261886530928 8 10 
1759435261891852768 26 
1759435262000000016 32 
1759435262000020016 34 
1759435262051852784 26 
1759435262211852800 26 
1759435262371852816 26 
1759435262531852832 26 
1759435262685808720 1 
1759435262691852848 26 
1759435262722083496 3 
1759435262752448656 1 
1759435262752448664 9 
1759435262752448680 14 
1759435262752462664 2 
1759435262752780864 37 
1759435262752782040 6 
1759435262752782048 7 
1759435262752784040 5 
1759435262752784048 6 
1759435262752784864 38 
1759435262752786048 7 
1759435262752786928 8 10 
1759435262788717768 3 
1759435262819082936 1 
1759435262819082944 9 
1759435262819082960 14 
1759435262819096936 2 
1759435262819415144 37 
1759435262819416320 6 
1759435262819416328 7 
1759435262819418320 5 
1759435262819418328 6 
1759435262819419144 38 
1759435262819420328 7 
1759435262819421208 8 10 
1759435262851852864 26 
1759435262855354136 3 
1759435262885719296 1 
1759435262885719304 9 
1759435262885719320 14 
1759435262885733304 2 
1759435262886051504 37 
1759435262886052680 6 
1759435262886052688 7 
1759435262886054680 5 
1759435262886054688 6 
1759435262886055504 38 
1759435262886056688 7 
1759435262886057568 8 10 
1759435263000000016 32 
1759435263000019952 34 
1759435263011852880 26 
1759435263171852896 26 
1759435263331852912 26 
1759435263431792352 19 
1759435263431792360 12 
1759435263431792376 15 
1759435263431792408 46 
1759435263431794688 11 13 
1759435263591792424 26 
1759435263685324264 1 
1759435263721595032 3 
1759435263751792440 26 
1759435263751960192 1 
1759435263751960200 9 
1759435263751960216 14 
1759435263751974208 2 
1759435263752292400 37 
1759435263752293576 6 
1759435263752293584 7 
1759435263752295576 5 
1759435263752295584 6 
1759435263752296400 38 
1759435263752297584 7 
1759435263752298464 8 10 
1759435263788229400 3 
1759435263818594576 1 
1759435263818594584 9 
1759435263818594600 14 
1759435263818608576 2 
1759435263818926784 37 
1759435263818927960 6 
1759435263818927968 7 
1759435263818929960 5 
1759435263818929968 6 
1759435263818930784 38 
1759435263818931968 7 
1759435263818932848 8 10 
1759435263854861672 3 
1759435263885226848 1 
1759435263885226856 9 
1759435263885226872 14 
1759435263885240848 2 
1759435263885559056 37 
1759435263885560232 6 
1759435263885560240 7 
1759435263885562232 5 
1759435263885562240 6 
1759435263885563056 38 
1759435263885564240 7 
1759435263885565120 8 10 
1759435263911792456 26 
1759435264000000016 32 
1759435264000019992 34 
1759435264071792472 26 
1759435264231792488 26 
1759435264391792504 26 
1759435264551792520 26 
1759435264684799800 1 
1759435264711792536 26 
1759435264721071672 3 
1759435264722170872 22 
1759435264751436840 1 
1759435264751436848 9 
1759435264751436864 14 
1759435264751450848 2 
1759435264751769048 37 
1759435264751770224 6 
1759435264751770232 7 
1759435264751772224 5 
1759435264751772232 6 
1759435264751773048 38 
1759435264751774232 7 
1759435264751775112 8 10 
1759435264787702944 3 
1759435264818068112 1 
1759435264818068120 9 
1759435264818068136 14 
1759435264818082112 2 
1759435264818400320 37 
1759435264818401496 6 
1759435264818401504 7 
1759435264818403496 5 
1759435264818403504 6 
1759435264818404320 38 
1759435264818405504 7 
1759435264818406384 8 10 
1759435264854335208 3 
1759435264871792552 26 
1759435264884700384 1 
1759435264884700392 9 
1759435264884700408 14 
1759435264884714384 2 
1759435264885032592 37 
1759435264885033768 6 
1759435264885033776 7 
1759435264885035768 5 
1759435264885035776 6 
1759435264885036592 38 
1759435264885037776 7 
1759435264885038656 8 10 
1759435265000000016 32 
1759435265000020032 34 
1759435265001715016 17 
1759435265031792568 26 
1759435265191792584 26 
1759435265351792600 26 
1759435265511792616 26 
1759435265671792632 26 
1759435265684272336 1 
1759435265720541208 3 
1759435265750906368 1 
1759435265750906376 9 
1759435265750906392 14 
1759435265750920384 2 
1759435265751238576 37 
1759435265751239752 6 
1759435265751239760 7 
1759435265751241752 5 
1759435265751241760 6 
1759435265751242576 38 
1759435265751243760 7 
1759435265751244640 8 10 
1759435265787174480 3 
1759435265817539648 1 
1759435265817539656 9 
1759435265817539672 14 
1759435265817553648 2 
1759435265817871856 37 
1759435265817873032 6 
1759435265817873040 7 
1759435265817875032 5 
1759435265817875040 6 
1759435265817875856 38 
1759435265817877040 7 
1759435265817877920 8 10 
1759435265831792648 26 
1759435265853801848 3 
1759435265884167024 1 
1759435265884167032 9 
1759435265884167048 14 
1759435265884181016 2 
1759435265884499232 37 
1759435265884500408 6 
1759435265884500416 7 
1759435265884502408 5 
1759435265884502416 6 
1759435265884503232 38 
1759435265884504416 7 
1759435265884505296 8 10 
1759435265991792664 26 
1759435266000000016 32 
1759435266000019968 34 
1759435266151792680 26 
1759435266311792696 26 
1759435266471792712 26 
1759435266617090600 1 
1759435266631792728 26 
1759435266683725648 1 
1759435266683739648 2 
1759435266719986744 3 
1759435266750351920 1 
1759435266750351928 9 
1759435266750351944 14 
1759435266750365920 2 
1759435266750684128 37 
1759435266750685304 6 
1759435266750685312 7 
1759435266750687304 5 
1759435266750687312 6 
1759435266750688128 38 
1759435266750689312 7 
1759435266750690192 8 10 
1759435266786616016 3 
1759435266791792744 26 
1759435266816981192 1 
1759435266816981200 9 
1759435266816981216 14 
1759435266816995184 2 
1759435266817313400 37 
1759435266817314576 6 
1759435266817314584 7 
1759435266817316576 5 
1759435266817316584 6 
1759435266817317400 38 
1759435266817318584 7 
1759435266817319464 8 10 
1759435266840755432 19 
1759435266840755440 12 
1759435266840755456 15 
1759435266840755488 46 
1759435266840757768 11 13 
1759435266853245384 3 
1759435266883610552 1 
1759435266883610560 9 
1759435266883610576 14 
1759435266883624560 2 
1759435266883942760 37 
1759435266883943936 6 
1759435266883943944 7 
1759435266883945936 5 
1759435266883945944 6 
1759435266883946760 38 
1759435266883947944 7 
1759435266883948824 8 10 
1759435267000000016 32 
1759435267000020000 34 
1759435267000755504 26 
1759435267160755520 26 
1759435267320755536 26 
1759435267480755552 26 
1759435267640755568 26 
1759435267683142520 1 
1759435267710459920 22 
1759435267719406288 3 
1759435267749771464 1 
1759435267749771472 9 
1759435267749771488 14 
1759435267749785456 2 
1759435267750103672 37 
1759435267750104848 6 
1759435267750104856 7 
1759435267750106848 5 
1759435267750106856 6 
1759435267750107672 38 
1759435267750108856 7 
1759435267750109736 8 10 
1759435267786035656 3 
1759435267800755584 26 
1759435267816400816 1 
1759435267816400824 9 
1759435267816400840 14 
1759435267816414824 2 
1759435267816733024 37 
1759435267816734200 6 
1759435267816734208 7 
1759435267816736200 5 
1759435267816736208 6 
1759435267816737024 38 
1759435267816738208 7 
1759435267816739088 8 10 
1759435267852662920 3 
1759435267883028088 1 
1759435267883028096 9 
1759435267883028112 14 
1759435267883042096 2 
1759435267883360296 37 
1759435267883361472 6 
1759435267883361480 7 
1759435267883363472 5 
1759435267883363480 6 
1759435267883364296 38 
1759435267883365480 7 
1759435267883366360 8 10 
1759435267960755600 26 
1759435268000000016 32 
1759435268000019944 34 
1759435268120755616 26 
1759435268280755632 26 
1759435268440755648 26 
1759435268600755664 26 
1759435268682540040 1 
1759435268718805920 3 
1759435268749171088 1 
1759435268749171096 9 
1759435268749171112 14 
1759435268749185096 2 
1759435268749503296 37 
1759435268749504472 6 
1759435268749504480 7 
1759435268749506472 5 
1759435268749506480 6 
1759435268749507296 38 
1759435268749508480 7 
1759435268749509360 8 10 
1759435268760755680 26 
1759435268785432192 3 
1759435268815797360 1 
1759435268815797368 9 
1759435268815797384 14 
1759435268815811368 2 
1759435268816129568 37 
1759435268816130744 6 
1759435268816130752 7 
1759435268816132744 5 
1759435268816132752 6 
1759435268816133568 38 
1759435268816134752 7 
1759435268816135632 8 10 
1759435268852060464 3 
1759435268882425624 1 
1759435268882425632 9 
1759435268882425648 14 
1759435268882439632 2 
1759435268882757832 37 
1759435268882759008 6 
1759435268882759016 7 
1759435268882761008 5 
1759435268882761016 6 
1759435268882761832 38 
1759435268882763016 7 
1759435268882763896 8 10 
1759435268920755696 26 
1759435269000000016 32 
1759435269000019976 34 
1759435269080755712 26 
1759435269240755728 26 
1759435269400755744 26 
1759435269560755760 26 
1759435269681927688 1 
1759435269718193464 3 
1759435269720755776 26 
1759435269748558632 1 
1759435269748558640 9 
1759435269748558656 14 
1759435269748572632 2 
1759435269748890840 37 
1759435269748892016 6 
1759435269748892024 7 
1759435269748894016 5 
1759435269748894024 6 
1759435269748894840 38 
1759435269748896024 7 
1759435269748896904 8 10 
1759435269784818728 3 
1759435269815183904 1 
1759435269815183912 9 
1759435269815183928 14 
1759435269815197904 2 
1759435269815516112 37 
1759435269815517288 6 
1759435269815517296 7 
1759435269815519288 5 
1759435269815519296 6 
1759435269815520112 38 
1759435269815521296 7 
1759435269815522176 8 10 
1759435269851444096 3 
1759435269880755792 26 
1759435269881809272 1 
1759435269881809280 9 
1759435269881809296 14 
1759435269881823272 2 
1759435269882141480 37 
1759435269882142656 6 
1759435269882142664 7 
1759435269882144656 5 
1759435269882144664 6 
1759435269882145480 38 
1759435269882146664 7 
1759435269882147544 8 10 
1759435270000000016 32 
1759435270000020016 34 
1759435270040755808 26 
1759435270200755824 26 
1759435270360755840 26 
1759435270420794776 19 
1759435270420794784 12 
1759435270420794800 15 
1759435270420794832 46 
1759435270420797112 11 13 
1759435270580794848 26 
1759435270681313216 1 
1759435270698748968 22 
1759435270717578000 3 
1759435270740794864 26 
1759435270747943160 1 
1759435270747943168 9 
1759435270747943184 14 
1759435270747957168 2 
1759435270748275368 37 
1759435270748276544 6 
1759435270748276552 7 
1759435270748278544 5 
1759435270748278552 6 
1759435270748279368 38 
1759435270748280552 7 
1759435270748281432 8 10 
1759435270784206368 3 
1759435270814571536 1 
1759435270814571544 9 
1759435270814571560 14 
1759435270814585536 2 
1759435270814903744 37 
1759435270814904920 6 
1759435270814904928 7 
1759435270814906920 5 
1759435270814906928 6 
1759435270814907744 38 
1759435270814908928 7 
1759435270814909808 8 10 
1759435270850832640 3 
1759435270881197808 1 
1759435270881197816 9 
1759435270881197832 14 
1759435270881211808 2 
1759435270881530016 37 
1759435270881531192 6 
1759435270881531200 7 
1759435270881533192 5 
1759435270881533200 6 
1759435270881534016 38 
1759435270881535200 7 
1759435270881536080 8 10 
1759435270900794880 26 
1759435271000000016 32 
1759435271000019952 34 
1759435271060794896 26 
1759435271220794912 26 
1759435271380794928 26 
1759435271540794944 26 
1759435271680720768 1 
1759435271700794960 26 
1759435271716985632 3 
1759435271747350792 1 
1759435271747350800 9 
1759435271747350816 14 
1759435271747364808 2 
1759435271747683000 37 
1759435271747684176 6 
1759435271747684184 7 
1759435271747686176 5 
1759435271747686184 6 
1759435271747687000 38 
1759435271747688184 7 
1759435271747689064 8 10 
1759435271783612904 3 
1759435271813978064 1 
1759435271813978072 9 
1759435271813978088 14 
1759435271813992072 2 
1759435271814310272 37 
1759435271814311448 6 
1759435271814311456 7 
1759435271814313448 5 
1759435271814313456 6 
1759435271814314272 38 
1759435271814315456 7 
1759435271814316336 8 10 
1759435271850237168 3 
1759435271860794976 26 
1759435271880602352 1 
1759435271880602360 9 
1759435271880602376 14 
1759435271880616344 2 
1759435271880934560 37 
1759435271880935736 6 
1759435271880935744 7 
1759435271880937736 5 
1759435271880937744 6 
1759435271880938560 38 
1759435271880939744 7 
1759435271880940624 8 10 
1759435272000000016 32 
1759435272000019992 34 
1759435272020794992 26 
1759435272180795008 26 
1759435272340795024 26 
1759435272500795040 26 
1759435272660795056 26 
1759435272680130296 1 
1759435272716396168 3 
1759435272746761344 1 
1759435272746761352 9 
1759435272746761368 14 
1759435272746775344 2 
1759435272747093552 37 
1759435272747094728 6 
1759435272747094736 7 
1759435272747096728 5 
1759435272747096736 6 
1759435272747097552 38 
1759435272747098736 7 
1759435272747099616 8 10 
1759435272783023440 3 
1759435272813388592 1 
1759435272813388600 9 
1759435272813388616 14 
1759435272813402608 2 
1759435272813720800 37 
1759435272813721976 6 
1759435272813721984 7 
1759435272813723976 5 
1759435272813723984 6 
1759435272813724800 38 
1759435272813725984 7 
1759435272813726864 8 10 
1759435272820795072 26 
1759435272849651808 3 
1759435272880016968 1 
1759435272880016976 9 
1759435272880016992 14 
1759435272880030976 2 
1759435272880349176 37 
1759435272880350352 6 
1759435272880350360 7 
1759435272880352352 5 
1759435272880352360 6 
1759435272880353176 38 
1759435272880354360 7 
1759435272880355240 8 10 
1759435272923218264 19 
1759435272923218272 12 
1759435272923218288 15 
1759435272923218320 46 
1759435272923220600 11 13 
1759435273000000016 32 
1759435273000020024 34 
1759435273083218336 26 
1759435273243218352 26 
1759435273403218368 26 
1759435273563218384 26 
1759435273679556928 1 
1759435273687038016 22 
1759435273715826704 3 
1759435273723218400 26 
1759435273746191880 1 
1759435273746191888 9 
1759435273746191904 14 
1759435273746205872 2 
1759435273746524088 37 
1759435273746525264 6 
1759435273746525272 7 
1759435273746527264 5 
1759435273746527272 6 
1759435273746528088 38 
1759435273746529272 7 
1759435273746530152 8 10 
1759435273782456072 3 
1759435273812821232 1 
1759435273812821240 9 
1759435273812821256 14 
1759435273812835240 2 
1759435273813153440 37 
1759435273813154616 6 
1759435273813154624 7 
1759435273813156616 5 
1759435273813156624 6 
1759435273813157440 38 
1759435273813158624 7 
1759435273813159504 8 10 
1759435273849086336 3 
1759435273879451504 1 
1759435273879451512 9 
1759435273879451528 14 
1759435273879465512 2 
1759435273879783712 37 
1759435273879784888 6 
1759435273879784896 7 
1759435273879786888 5 
1759435273879786896 6 
1759435273879787712 38 
1759435273879788896 7 
1759435273879789776 8 10 
1759435273883218416 26 
1759435274000000016 32 
1759435274000019952 34 
1759435274043218432 26 
1759435274203218448 26 
1759435274363218464 26 
1759435274523218480 26 
1759435274679006456 1 
1759435274683218496 26 
1759435274715278336 3 
1759435274745643496 1 
1759435274745643504 9 
1759435274745643520 14 
1759435274745657504 2 
1759435274745975704 37 
1759435274745976880 6 
1759435274745976888 7 
1759435274745978880 5 
1759435274745978888 6 
1759435274745979704 38 
1759435274745980888 7 
1759435274745981768 8 10 
1759435274781907600 3 
1759435274812272768 1 
1759435274812272776 9 
1759435274812272792 14 
1759435274812286776 2 
1759435274812604976 37 
1759435274812606152 6 
1759435274812606160 7 
1759435274812608152 5 
1759435274812608160 6 
1759435274812608976 38 
1759435274812610160 7 
1759435274812611040 8 10 
1759435274843218512 26 
1759435274848534872 3 
1759435274878900040 1 
1759435274878900048 9 
1759435274878900064 14 
1759435274878914048 2 
1759435274879232248 37 
1759435274879233424 6 
1759435274879233432 7 
1759435274879235424 5 
1759435274879235432 6 
1759435274879236248 38 
1759435274879237432 7 
1759435274879238312 8 10 
1759435275000000016 32 
1759435275000019984 34 
1759435275003218528 26 
1759435275163218544 26 
1759435275323218560 26 
1759435275483218576 26 
1759435275643218592 26 
1759435275678434992 1 
1759435275714700872 3 
1759435275745066040 1 
1759435275745066048 9 
1759435275745066064 14 
1759435275745080040 2 
1759435275745398248 37 
1759435275745399424 6 
1759435275745399432 7 
1759435275745401424 5 
1759435275745401432 6 
1759435275745402248 38 
1759435275745403432 7 
1759435275745404312 8 10 
1759435275781328136 3 
1759435275803218608 26 
1759435275811693312 1 
1759435275811693320 9 
1759435275811693336 14 
1759435275811707312 2 
1759435275812025520 37 
1759435275812026696 6 
1759435275812026704 7 
1759435275812028696 5 
1759435275812028704 6 
1759435275812029520 38 
1759435275812030704 7 
1759435275812031584 8 10 
1759435275847958504 3 
1759435275878323664 1 
1759435275878323672 9 
1759435275878323688 14 
1759435275878337680 2 
1759435275878655872 37 
1759435275878657048 6 
1759435275878657056 7 
1759435275878659048 5 
1759435275878659056 6 
1759435275878659872 38 
1759435275878661056 7 
1759435275878661936 8 10 
1759435275963218624 26 
1759435276000000016 32 
1759435276000020024 34 
1759435276123218640 26 
1759435276283218656 26 
1759435276367600448 19 
1759435276367600456 12 
1759435276367600472 15 
1759435276367600504 46 
1759435276367602784 11 13 
1759435276527600520 26 
1759435276611239256 1 
1759435276675327064 22 
1759435276677870304 1 
1759435276677884304 2 
1759435276687600536 26 
1759435276714132400 3 
1759435276744497576 1 
1759435276744497584 9 
1759435276744497600 14 
1759435276744511576 2 
1759435276744829784 37 
1759435276744830960 6 
1759435276744830968 7 
1759435276744832960 5 
1759435276744832968 6 
1759435276744833784 38 
1759435276744834968 7 
1759435276744835848 8 10 
1759435276780760776 3 
1759435276811125944 1 
1759435276811125952 9 
1759435276811125968 14 
1759435276811139944 2 
1759435276811458152 37 
1759435276811459328 6 
1759435276811459336 7 
1759435276811461328 5 
1759435276811461336 6 
1759435276811462152 38 
1759435276811463336 7 
1759435276811464216 8 10 
1759435276847392040 3 
1759435276847600552 26 
1759435276877757200 1 
1759435276877757208 9 
1759435276877757224 14 
1759435276877771216 2 
1759435276878089408 37 
1759435276878090584 6 
1759435276878090592 7 
1759435276878092584 5 
1759435276878092592 6 
1759435276878093408 38 
1759435276878094592 7 
1759435276878095472 8 10 
1759435277000000016 32 
1759435277000019960 34 
1759435277007600568 26 
1759435277167600584 26 
1759435277327600600 26 
1759435277487600616 26 
1759435277647600632 26 
1759435277677317160 1 
1759435277713584936 3 
1759435277743950104 1 
1759435277743950112 9 
1759435277743950128 14 
1759435277743964112 2 
1759435277744282312 37 
1759435277744283488 6 
1759435277744283496 7 
1759435277744285488 5 
1759435277744285496 6 
1759435277744286312 38 
1759435277744287496 7 
1759435277744288376 8 10 
1759435277780217304 3 
1759435277807600648 26 
1759435277810582464 1 
1759435277810582472 9 
1759435277810582488 14 
1759435277810596480 2 
1759435277810914672 37 
1759435277810915848 6 
1759435277810915856 7 
1759435277810917848 5 
1759435277810917856 6 
1759435277810918672 38 
1759435277810919856 7 
1759435277810920736 8 10 
1759435277846846576 3 
1759435277877211736 1 
1759435277877211744 9 
1759435277877211760 14 
1759435277877225744 2 
1759435277877543944 37 
1759435277877545120 6 
1759435277877545128 7 
1759435277877547120 5 
1759435277877547128 6 
1759435277877547944 38 
1759435277877549128 7 
1759435277877550008 8 10 
1759435277967600664 26 
1759435278000000016 32 
1759435278000019992 34 
1759435278127600680 26 
1759435278287600696 26 
1759435278447600712 26 
1759435278573071984 19 
1759435278573071992 12 
1759435278573072008 15 
1759435278573072040 46 
1759435278573074320 11 13 
1759435278676766696 1 
1759435278713038576 3 
1759435278733072056 26 
1759435278743403752 1 
1759435278743403760 9 
1759435278743403776 14 
1759435278743417744 2 
1759435278743735960 37 
1759435278743737136 6 
1759435278743737144 7 
1759435278743739136 5 
1759435278743739144 6 
1759435278743739960 38 
1759435278743741144 7 
1759435278743742024 8 10 
1759435278779666840 3 
1759435278810032000 1 
1759435278810032008 9 
1759435278810032024 14 
1759435278810046016 2 
1759435278810364208 37 
1759435278810365384 6 
1759435278810365392 7 
1759435278810367384 5 
1759435278810367392 6 
1759435278810368208 38 
1759435278810369392 7 
1759435278810370272 8 10 
1759435278846297112 3 
1759435278876662272 1 
1759435278876662280 9 
1759435278876662296 14 
1759435278876676280 2 
1759435278876994480 37 
1759435278876995656 6 
1759435278876995664 7 
1759435278876997656 5 
1759435278876997664 6 
1759435278876998480 38 
1759435278876999664 7 
1759435278877000544 8 10 
1759435278893072072 26 
1759435279000000016 32 
1759435279000020024 34 
1759435279053072088 26 
1759435279213072104 26 
1759435279373072120 26 
1759435279533072136 26 
1759435279663616112 22 
1759435279676210320 1 
1759435279693072152 26 
1759435279712477104 3 
1759435279742842272 1 
1759435279742842280 9 
1759435279742842296 14 
1759435279742856280 2 
1759435279743174480 37 
1759435279743175656 6 
1759435279743175664 7 
1759435279743177656 5 
1759435279743177664 6 
1759435279743178480 38 
1759435279743179664 7 
1759435279743180544 8 10 
1759435279779106376 3 
1759435279809471544 1 
1759435279809471552 9 
1759435279809471568 14 
1759435279809485552 2 
1759435279809803752 37 
1759435279809804928 6 
1759435279809804936 7 
1759435279809806928 5 
1759435279809806936 6 
1759435279809807752 38 
1759435279809808936 7 
1759435279809809816 8 10 
1759435279845727744 3 
1759435279853072168 26 
1759435279876092912 1 
1759435279876092920 9 
1759435279876092936 14 
1759435279876106920 2 
1759435279876425120 37 
1759435279876426296 6 
1759435279876426304 7 
1759435279876428296 5 
1759435279876428304 6 
1759435279876429120 38 
1759435279876430304 7 
1759435279876431184 8 10 
1759435280000000016 32 
1759435280000019960 34 
1759435280013072184 26 
1759435280173072200 26 
1759435280333072216 26 
1759435280493072232 26 
1759435280653072248 26 
1759435280675642856 1 
1759435280711911640 3 
1759435280742276808 1 
1759435280742276816 9 
1759435280742276832 14 
1759435280742290816 2 
1759435280742609016 37 
1759435280742610192 6 
1759435280742610200 7 
1759435280742612192 5 
1759435280742612200 6 
1759435280742613016 38 
1759435280742614200 7 
1759435280742615080 8 10 
1759435280778539008 3 
1759435280808904176 1 
1759435280808904184 9 
1759435280808904200 14 
1759435280808918184 2 
1759435280809236384 37 
1759435280809237560 6 
1759435280809237568 7 
1759435280809239560 5 
1759435280809239568 6 
1759435280809240384 38 
1759435280809241568 7 
1759435280809242448 8 10 
1759435280813072264 26 
1759435280845168280 3 
1759435280875533456 1 
1759435280875533464 9 
1759435280875533480 14 
1759435280875547456 2 
1759435280875865664 37 
1759435280875866840 6 
1759435280875866848 7 
1759435280875868840 5 
1759435280875868848 6 
1759435280875869664 38 
1759435280875870848 7 
1759435280875871728 8 10 
1759435280973072280 26 
1759435281000000016 32 
1759435281000020000 34 
1759435281133072296 26 
1759435281293072312 26 
1759435281453072328 26 
1759435281613072344 26 
1759435281675091408 1 
1759435281711359280 3 
1759435281741724440 1 
1759435281741724448 9 
1759435281741724464 14 
1759435281741738456 2 
1759435281742056648 37 
1759435281742057824 6 
1759435281742057832 7 
1759435281742059824 5 
1759435281742059832 6 
1759435281742060648 38 
1759435281742061832 7 
1759435281742062712 8 10 
1759435281773072360 26 
1759435281777989552 3 
1759435281808354712 1 
1759435281808354720 9 
1759435281808354736 14 
1759435281808368720 2 
1759435281808686920 37 
1759435281808688096 6 
1759435281808688104 7 
1759435281808690096 5 
1759435281808690104 6 
1759435281808690920 38 
1759435281808692104 7 
1759435281808692984 8 10 
1759435281844618816 3 
1759435281874983984 1 
1759435281874983992 9 
1759435281874984008 14 
1759435281874997992 2 
1759435281875316192 37 
1759435281875317368 6 
1759435281875317376 7 
1759435281875319368 5 
1759435281875319376 6 
1759435281875320192 38 
1759435281875321376 7 
1759435281875322256 8 10 
1759435281933072376 26 
1759435282000000016 32 
1759435282000019936 34 
1759435282093072392 26 
1759435282253072408 26 
1759435282413072424 26 
1759435282573072440 26 
1759435282651905160 22 
1759435282674543048 1 
1759435282710813816 3 
1759435282733072456 26 
1759435282741178976 1 
1759435282741178984 9 
1759435282741179000 14 
1759435282741192992 2 
1759435282741511184 37 
1759435282741512360 6 
1759435282741512368 7 
1759435282741514360 5 
1759435282741514368 6 
1759435282741515184 38 
1759435282741516368 7 
1759435282741517248 8 10 
1759435282777442088 3 
1759435282807807248 1 
1759435282807807256 9 
1759435282807807272 14 
1759435282807821256 2 
1759435282808139456 37 
1759435282808140632 6 
1759435282808140640 7 
1759435282808142632 5 
1759435282808142640 6 
1759435282808143456 38 
1759435282808144640 7 
1759435282808145520 8 10 
1759435282844073456 3 
1759435282874438632 1 
1759435282874438640 9 
1759435282874438656 14 
1759435282874452624 2 
1759435282874770840 37 
1759435282874772016 6 
1759435282874772024 7 
1759435282874774016 5 
1759435282874774024 6 
1759435282874774840 38 
1759435282874776024 7 
1759435282874776904 8 10 
1759435282893072472 26 
1759435283000000016 32 
1759435283000019968 34 
1759435283053072488 26 
1759435283213072504 26 
1759435283373072520 26 
1759435283533072536 26 
1759435283590057768 19 
1759435283590057776 12 
1759435283590057792 15 
1759435283590057824 46 
1759435283590060104 11 13 
1759435283673988576 1 
1759435283710256352 3 
1759435283740621528 1 
1759435283740621536 9 
1759435283740621552 14 
1759435283740635528 2 
1759435283740953736 37 
1759435283740954912 6 
1759435283740954920 7 
1759435283740956912 5 
1759435283740956920 6 
1759435283740957736 38 
1759435283740958920 7 
1759435283740959800 8 10 
1759435283750057840 26 
1759435283776888720 3 
1759435283807253880 1 
1759435283807253888 9 
1759435283807253904 14 
1759435283807267896 2 
1759435283807586088 37 
1759435283807587264 6 
1759435283807587272 7 
1759435283807589264 5 
1759435283807589272 6 
1759435283807590088 38 
1759435283807591272 7 
1759435283807592152 8 10 
1759435283843515992 3 
1759435283873881152 1 
1759435283873881160 9 
1759435283873881176 14 
1759435283873895160 2 
1759435283874213360 37 
1759435283874214536 6 
1759435283874214544 7 
1759435283874216536 5 
1759435283874216544 6 
1759435283874217360 38 
1759435283874218544 7 
1759435283874219424 8 10 
1759435283910057856 26 
1759435284000000016 32 
1759435284000020008 34 
1759435284070057872 26 
1759435284230057888 26 
1759435284390057904 26 
1759435284550057920 26 
1759435284673432120 1 
1759435284709692992 3 
1759435284710057936 26 
1759435284740058168 1 
1759435284740058176 9 
1759435284740058192 14 
1759435284740072160 2 
1759435284740390376 37 
1759435284740391552 6 
1759435284740391560 7 
1759435284740393552 5 
1759435284740393560 6 
1759435284740394376 38 
1759435284740395560 7 
1759435284740396440 8 10 
1759435284776329256 3 
1759435284806694424 1 
1759435284806694432 9 
1759435284806694448 14 
1759435284806708432 2 
1759435284807026632 37 
1759435284807027808 6 
1759435284807027816 7 
1759435284807029808 5 
1759435284807029816 6 
1759435284807030632 38 
1759435284807031816 7 
1759435284807032696 8 10 
1759435284842958528 3 
1759435284870057952 26 
1759435284873323696 1 
1759435284873323704 9 
1759435284873323720 14 
1759435284873337704 2 
1759435284873655904 37 
1759435284873657080 6 
1759435284873657088 7 
1759435284873659080 5 
1759435284873659088 6 
1759435284873659904 38 
1759435284873661088 7 
1759435284873661968 8 10 
1759435285000000016 32 
1759435285000019944 34 
1759435285030057968 26 
1759435285190057984 26 
1759435285350058000 26 
1759435285510058016 26 
1759435285640194208 22 
1759435285670058032 26 
1759435285672878656 1 
1759435285709150528 3 
1759435285739515688 1 
1759435285739515696 9 
1759435285739515712 14 
1759435285739529696 2 
1759435285739847896 37 
1759435285739849072 6 
1759435285739849080 7 
1759435285739851072 5 
1759435285739851080 6 
1759435285739851896 38 
1759435285739853080 7 
1759435285739853960 8 10 
1759435285772592488 19 
1759435285772592496 12 
1759435285772592512 15 
1759435285772592544 46 
1759435285772594824 11 13 
1759435285775780792 3 
1759435285806145960 1 
1759435285806145968 9 
1759435285806145984 14 
1759435285806159968 2 
1759435285806478168 37 
1759435285806479344 6 
1759435285806479352 7 
1759435285806481344 5 
1759435285806481352 6 
1759435285806482168 38 
1759435285806483352 7 
1759435285806484232 8 10 
1759435285842409168 3 
1759435285872774336 1 
1759435285872774344 9 
1759435285872774360 14 
1759435285872788336 2 
1759435285873106544 37 
1759435285873107720 6 
1759435285873107728 7 
1759435285873109720 5 
1759435285873109728 6 
1759435285873110544 38 
1759435285873111728 7 
1759435285873112608 8 10 
1759435285932592560 26 
1759435286000000016 32 
1759435286000019976 34 
1759435286092592576 26 
1759435286252592592 26 
1759435286412592608 26 
1759435286572592624 26 
1759435286605699912 1 
1759435286672329960 1 
1759435286672343968 2 
1759435286708597064 3 
1759435286732592640 26 
1759435286738962240 1 
1759435286738962248 9 
1759435286738962264 14 
1759435286738976232 2 
1759435286739294448 37 
1759435286739295624 6 
1759435286739295632 7 
1759435286739297624 5 
1759435286739297632 6 
1759435286739298448 38 
1759435286739299632 7 
1759435286739300512 8 10 
1759435286775227328 3 
1759435286805592496 1 
1759435286805592504 9 
1759435286805592520 14 
1759435286805606504 2 
1759435286805924704 37 
1759435286805925880 6 
1759435286805925888 7 
1759435286805927880 5 
1759435286805927888 6 
1759435286805928704 38 
1759435286805929888 7 
1759435286805930768 8 10 
1759435286841853704 3 
1759435286872218864 1 
1759435286872218872 9 
1759435286872218888 14 
1759435286872232872 2 
1759435286872551072 37 
1759435286872552248 6 
1759435286872552256 7 
1759435286872554248 5 
1759435286872554256 6 
1759435286872555072 38 
1759435286872556256 7 
1759435286872557136 8 10 
1759435286892592656 26 
1759435287000000016 32 
1759435287000020016 34 
1759435287052592672 26 
1759435287212592688 26 
1759435287372592704 26 
1759435287532592720 26 
1759435287671760824 1 
1759435287692592736 26 
1759435287708031600 3 
1759435287738396776 1 
1759435287738396784 9 
1759435287738396800 14 
1759435287738410768 2 
1759435287738728984 37 
1759435287738730160 6 
1759435287738730168 7 
1759435287738732160 5 
1759435287738732168 6 
1759435287738732984 38 
1759435287738734168 7 
1759435287738735048 8 10 
1759435287774656968 3 
1759435287805022128 1 
1759435287805022136 9 
1759435287805022152 14 
1759435287805036136 2 
1759435287805354336 37 
1759435287805355512 6 
1759435287805355520 7 
1759435287805357512 5 
1759435287805357520 6 
1759435287805358336 38 
1759435287805359520 7 
1759435287805360400 8 10 
1759435287841288240 3 
1759435287852592752 26 
1759435287871653400 1 
1759435287871653408 9 
1759435287871653424 14 
1759435287871667408 2 
1759435287871985608 37 
1759435287871986784 6 
1759435287871986792 7 
1759435287871988784 5 
1759435287871988792 6 
1759435287871989608 38 40 
1759435287871990584 5 
1759435287871991672 8 10 
1759435287871992584 5 
1759435287871994584 5 
1759435287871996584 5 
1759435287871998584 5 
1759435287872000584 5 
1759435287872002584 5 
1759435287872004584 5 
1759435287872006584 5 
1759435287872008584 5 
1759435287872010584 5 
1759435287872012584 5 
1759435287872014584 5 
1759435287872016584 5 
1759435287872018584 5 
1759435287872020584 5 
1759435287872022584 5 
1759435287872024584 5 
1759435287872026584 5 
1759435287872028584 5 
1759435287872030584 5 
1759435287872032584 5 
1759435287872034584 5 
1759435287872036584 5 
1759435287872038584 5 
1759435287872040584 5 
1759435287872042584 5 
1759435287872044584 5 
1759435287872046584 5 
1759435287872048584 5 
1759435287872050584 5 
1759435287872052584 5 
1759435287872054584 5 
1759435287872056584 5 
1759435287872058792 7 
1759435287964053576 19 
1759435287964053584 12 
1759435287964053600 15 
1759435287964053632 46 
1759435287964055912 11 13 
1759435288000000016 32 
1759435288000019952 34 
1759435288124053648 26 
1759435288284053664 26 
1759435288444053680 26 
1759435288604053696 26 
1759435288628483256 22 
1759435288671189352 1 
1759435288707457232 3 
1759435288737822408 1 
1759435288737822416 9 
1759435288737822432 14 
1759435288737836408 2 
1759435288738154616 37 
1759435288738155792 6 
1759435288738155800 7 
1759435288738157792 5 
1759435288738157800 6 
1759435288738158616 38 
1759435288738159800 7 
1759435288738160680 8 10 
1759435288764053712 26 
1759435288774080504 3 
1759435288804445672 1 
1759435288804445680 9 
1759435288804445696 14 
1759435288804459672 2 
1759435288804777880 37 
1759435288804779056 6 
1759435288804779064 7 
1759435288804781056 5 
1759435288804781064 6 
1759435288804781880 38 
1759435288804783064 7 
1759435288804783944 8 10 
1759435288840713768 3 
1759435288871078952 1 
1759435288871078960 9 
1759435288871078976 14 
1759435288871092944 2 
1759435288871411160 37 
1759435288871412336 6 
1759435288871412344 7 
1759435288871414336 5 
1759435288871414344 6 
1759435288871415160 38 
1759435288871416344 7 
1759435288871417224 8 10 
1759435288924053728 26 
1759435289000000016 32 
1759435289000019984 34 
1759435289084053744 26 
1759435289244053760 26 
1759435289404053776 26 
1759435289564053792 26 
1759435289670617992 1 
1759435289706883768 3 
1759435289724053808 26 
1759435289737248936 1 
1759435289737248944 9 
1759435289737248960 14 
1759435289737262944 2 
1759435289737581144 37 
1759435289737582320 6 
1759435289737582328 7 
1759435289737584320 5 
1759435289737584328 6 
1759435289737585144 38 
1759435289737586328 7 
1759435289737587208 8 10 
1759435289773515040 3 
1759435289803880208 1 
1759435289803880216 9 
1759435289803880232 14 
1759435289803894208 2 
1759435289804212416 37 
1759435289804213592 6 
1759435289804213600 7 
1759435289804215592 5 
1759435289804215600 6 
1759435289804216416 38 
1759435289804217600 7 
1759435289804218480 8 10 
1759435289840144408 3 
1759435289870509584 1 
1759435289870509592 9 
1759435289870509608 14 
1759435289870523584 2 
1759435289870841792 37 
1759435289870842968 6 
1759435289870842976 7 
1759435289870844968 5 
1759435289870844976 6 
1759435289870845792 38 
1759435289870846976 7 
1759435289870847856 8 10 
1759435289884053824 26 
1759435290000000016 32 
1759435290000020024 34 
1759435290044053840 26 
1759435290204053856 26 
1759435290364053872 26 
1759435290524053888 26 
1759435290670047544 1 
1759435290684053904 26 
1759435290706313312 3 
1759435290736678488 1 
1759435290736678496 9 
1759435290736678512 14 
1759435290736692480 2 
1759435290737010696 37 
1759435290737011872 6 
1759435290737011880 7 
1759435290737013872 5 
1759435290737013880 6 
1759435290737014696 38 
1759435290737015880 7 
1759435290737016760 8 10 
1759435290772942680 3 
1759435290803307840 1 
1759435290803307848 9 
1759435290803307864 14 
1759435290803321848 2 
1759435290803640048 37 
1759435290803641224 6 
1759435290803641232 7 
1759435290803643224 5 
1759435290803643232 6 
1759435290803644048 38 
1759435290803645232 7 
1759435290803646112 8 10 
1759435290839572952 3 
1759435290844053920 26 
1759435290869938120 1 
1759435290869938128 9 
1759435290869938144 14 
1759435290869952120 2 
1759435290870270328 37 
1759435290870271504 6 
1759435290870271512 7 
1759435290870273504 5 
1759435290870273512 6 
1759435290870274328 38 
1759435290870275512 7 
1759435290870276392 8 10 
1759435291000000016 32 
1759435291000019960 34 
1759435291004053936 26 
1759435291164053952 26 
1759435291279399384 19 
1759435291279399392 12 
1759435291279399408 15 
1759435291279399440 46 
1759435291279401720 11 13 
1759435291439399456 26 
1759435291599399472 26 
1759435291616772304 22 
1759435291669472072 1 
1759435291705738848 3 
1759435291736104016 1 
1759435291736104024 9 
1759435291736104040 14 
1759435291736118024 2 
1759435291736436224 37 
1759435291736437400 6 
1759435291736437408 7 
1759435291736439400 5 
1759435291736439408 6 
1759435291736440224 38 
1759435291736441408 7 
1759435291736442288 8 10 
1759435291759399488 26 
1759435291772361216 3 
1759435291802726384 1 
1759435291802726392 9 
1759435291802726408 14 
1759435291802740392 2 
1759435291803058592 37 
1759435291803059768 6 
1759435291803059776 7 
1759435291803061768 5 
1759435291803061776 6 
1759435291803062592 38 
1759435291803063776 7 
1759435291803064656 8 10 
1759435291838998488 3 
1759435291869363664 1 
1759435291869363672 9 
1759435291869363688 14 
1759435291869377664 2 
1759435291869695872 37 
1759435291869697048 6 
1759435291869697056 7 
1759435291869699048 5 
1759435291869699056 6 
1759435291869699872 38 
1759435291869701056 7 
1759435291869701936 8 10 
1759435291919399504 26 
1759435292000000016 32 
1759435292000020000 34 
1759435292079399520 26 
1759435292239399536 26 
1759435292399399552 26 
1759435292559399568 26 
1759435292668909608 1 
1759435292705173488 3 
1759435292719399584 26 
1759435292735538656 1 
1759435292735538664 9 
1759435292735538680 14 
1759435292735552664 2 
1759435292735870864 37 
1759435292735872040 6 
1759435292735872048 7 
1759435292735874040 5 
1759435292735874048 6 
1759435292735874864 38 
1759435292735876048 7 
1759435292735876928 8 10 
1759435292771806760 3 
1759435292802171936 1 
1759435292802171944 9 
1759435292802171960 14 
1759435292802185928 2 
1759435292802504144 37 
1759435292802505320 6 
1759435292802505328 7 
1759435292802507320 5 
1759435292802507328 6 
1759435292802508144 38 
1759435292802509328 7 
1759435292802510208 8 10 
1759435292838438024 3 
1759435292868803192 1 
1759435292868803200 9 
1759435292868803216 14 
1759435292868817200 2 
1759435292869135400 37 
1759435292869136576 6 
1759435292869136584 7 
1759435292869138576 5 
1759435292869138584 6 
1759435292869139400 38 
1759435292869140584 7 
1759435292869141464 8 10 
1759435292879399600 26 
1759435293000000016 32 
1759435293000019936 34 
1759435293039399616 26 
1759435293199399632 26 
1759435293359399648 26 
1759435293519399664 26 
1759435293668354240 1 
1759435293679399680 26 
1759435293704625024 3 
1759435293734990192 1 
1759435293734990200 9 
1759435293734990216 14 
1759435293735004200 2 
1759435293735322400 37 
1759435293735323576 6 
1759435293735323584 7 
1759435293735325576 5 
1759435293735325584 6 
1759435293735326400 38 
1759435293735327584 7 
1759435293735328464 8 10 
1759435293771254296 3 
1759435293801619464 1 
1759435293801619472 9 
1759435293801619488 14 
1759435293801633472 2 
1759435293801951672 37 
1759435293801952848 6 
1759435293801952856 7 
1759435293801954848 5 
1759435293801954856 6 
1759435293801955672 38 
1759435293801956856 7 
1759435293801957736 8 10 
1759435293837885664 3 
1759435293839399696 26 
1759435293868250840 1 
1759435293868250848 9 
1759435293868250864 14 
1759435293868264840 2 
1759435293868583048 37 
1759435293868584224 6 
1759435293868584232 7 
1759435293868586224 5 
1759435293868586232 6 
1759435293868587048 38 
1759435293868588232 7 
1759435293868589112 8 10 
1759435293999399712 26 
1759435294000000016 32 
1759435294000019976 34 
1759435294159399728 26 
1759435294319399744 26 
1759435294479399760 26 
1759435294605061352 22 
1759435294639399776 26 
1759435294667803792 1 
1759435294704073568 3 
1759435294734438728 1 
1759435294734438736 9 
1759435294734438752 14 
1759435294734452736 2 
1759435294734770936 37 
1759435294734772112 6 
1759435294734772120 7 
1759435294734774112 5 
1759435294734774120 6 
1759435294734774936 38 
1759435294734776120 7 
1759435294734777000 8 10 
1759435294770703936 3 
1759435294799399792 26 
1759435294801069104 1 
1759435294801069112 9 
1759435294801069128 14 
1759435294801083104 2 
1759435294801401312 37 
1759435294801402488 6 
1759435294801402496 7 
1759435294801404488 5 
1759435294801404496 6 
1759435294801405312 38 
1759435294801406496 7 
1759435294801407376 8 10 
1759435294837332200 3 
1759435294867697376 1 
1759435294867697384 9 
1759435294867697400 14 
1759435294867711376 2 
1759435294868029584 37 
1759435294868030760 6 
1759435294868030768 7 
1759435294868032760 5 
1759435294868032768 6 
1759435294868033584 38 
1759435294868034768 7 
1759435294868035648 8 10 
1759435294959399808 26 
1759435295000000016 32 
1759435295000020016 34 
1759435295119399824 26 
1759435295279399840 26 
1759435295439399856 26 
1759435295599399872 26 
1759435295667248320 1 
1759435295703516200 3 
1759435295733881376 1 
1759435295733881384 9 
1759435295733881400 14 
1759435295733895368 2 
1759435295734213584 37 
1759435295734214760 6 
1759435295734214768 7 
1759435295734216760 5 
1759435295734216768 6 
1759435295734217584 38 
1759435295734218768 7 
1759435295734219648 8 10 
1759435295759399888 26 
1759435295766101600 19 
1759435295766101608 12 
1759435295766101624 15 
1759435295766101656 46 
1759435295766103936 11 13 
1759435295770143464 3 
1759435295800508640 1 
1759435295800508648 9 
1759435295800508664 14 
1759435295800522640 2 
1759435295800840848 37 
1759435295800842024 6 
1759435295800842032 7 
1759435295800844024 5 
1759435295800844032 6 
1759435295800844848 38 
1759435295800846032 7 
1759435295800846912 8 10 
1759435295836772736 3 
1759435295867137912 1 
1759435295867137920 9 
1759435295867137936 14 
1759435295867151912 2 
1759435295867470120 37 
1759435295867471296 6 
1759435295867471304 7 
1759435295867473296 5 
1759435295867473304 6 
1759435295867474120 38 
1759435295867475304 7 
1759435295867476184 8 10 
1759435295926101672 26 
1759435296000000016 32 
1759435296000019944 34 
1759435296086101688 26 
1759435296246101704 26 
1759435296406101720 26 
1759435296566101736 26 
1759435296600038592 1 
1759435296666672536 1 
1759435296666686536 2 
1759435296702935736 3 
1759435296726101752 26 
1759435296733300896 1 
1759435296733300904 9 
1759435296733300920 14 
1759435296733314904 2 
1759435296733633104 37 
1759435296733634280 6 
1759435296733634288 7 
1759435296733636280 5 
1759435296733636288 6 
1759435296733637104 38 
1759435296733638288 7 
1759435296733639168 8 10 
1759435296769564000 3 
1759435296799929168 1 
1759435296799929176 9 
1759435296799929192 14 
1759435296799943176 2 
1759435296800261376 37 
1759435296800262552 6 
1759435296800262560 7 
1759435296800264552 5 
1759435296800264560 6 
1759435296800265376 38 
1759435296800266560 7 
1759435296800267440 8 10 
1759435296836192368 3 
1759435296866557544 1 
1759435296866557552 9 
1759435296866557568 14 
1759435296866571544 2 
1759435296866889752 37 
1759435296866890928 6 
1759435296866890936 7 
1759435296866892928 5 
1759435296866892936 6 
1759435296866893752 38 
1759435296866894936 7 
1759435296866895816 8 10 
1759435296886101768 26 
1759435297000000016 32 
1759435297000019984 34 
1759435297046101784 26 
1759435297206101800 26 
1759435297366101816 26 
1759435297526101832 26 
1759435297593350400 22 
1759435297666095496 1 
1759435297686101848 26 
1759435297702360264 3 
1759435297732725440 1 
1759435297732725448 9 
1759435297732725464 14 
1759435297732739440 2 
1759435297733057648 37 
1759435297733058824 6 
1759435297733058832 7 
1759435297733060824 5 
1759435297733060832 6 
1759435297733061648 38 
1759435297733062832 7 
1759435297733063712 8 10 
1759435297768988536 3 
1759435297799353712 1 
1759435297799353720 9 
1759435297799353736 14 
1759435297799367704 2 
1759435297799685920 37 
1759435297799687096 6 
1759435297799687104 7 
1759435297799689096 5 
1759435297799689104 6 
1759435297799689920 38 
1759435297799691104 7 
1759435297799691984 8 10 
1759435297835617904 3 
1759435297846101864 26 
1759435297865983072 1 
1759435297865983080 9 
1759435297865983096 14 
1759435297865997080 2 
1759435297866315280 37 
1759435297866316456 6 
1759435297866316464 7 
1759435297866318456 5 
1759435297866318464 6 
1759435297866319280 38 
1759435297866320464 7 
1759435297866321344 8 10 
1759435298000000016 32 
1759435298000020016 34 
1759435298006101880 26 
1759435298166101896 26 
1759435298326101912 26 
1759435298486101928 26 
1759435298646101944 26 
1759435298665512016 1 
1759435298701777800 3 
1759435298732142960 1 
1759435298732142968 9 
1759435298732142984 14 
1759435298732156968 2 
1759435298732475168 37 
1759435298732476344 6 
1759435298732476352 7 
1759435298732478344 5 
1759435298732478352 6 
1759435298732479168 38 
1759435298732480352 7 
1759435298732481232 8 10 
1759435298768408168 3 
1759435298798773336 1 
1759435298798773344 9 
1759435298798773360 14 
1759435298798787336 2 
1759435298799105544 37 
1759435298799106720 6 
1759435298799106728 7 
1759435298799108720 5 
1759435298799108728 6 
1759435298799109544 38 
1759435298799110728 7 
1759435298799111608 8 10 
1759435298806101960 26 
1759435298835035432 3 
1759435298865400608 1 
1759435298865400616 9 
1759435298865400632 14 
1759435298865414608 2 
1759435298865732816 37 
1759435298865733992 6 
1759435298865734000 7 
1759435298865735992 5 
1759435298865736000 6 
1759435298865736816 38 
1759435298865738000 7 
1759435298865738880 8 10 
1759435298966101976 26 
1759435299000000016 32 
1759435299000019944 34 
1759435299126101992 26 
1759435299286102008 26 
1759435299446102024 26 
1759435299606102040 26 
1759435299664943544 1 
1759435299701216432 3 
1759435299731581600 1 
1759435299731581608 9 
1759435299731581624 14 
1759435299731595600 2 
1759435299731913808 37 
1759435299731914984 6 
1759435299731914992 7 
1759435299731916984 5 
1759435299731916992 6 
1759435299731917808 38 
1759435299731918992 7 
1759435299731919872 8 10 
1759435299766102056 26 
1759435299767838696 3 
1759435299798203864 1 
1759435299798203872 9 
1759435299798203888 14 
1759435299798217872 2 
1759435299798536072 37 
1759435299798537248 6 
1759435299798537256 7 
1759435299798539248 5 
1759435299798539256 6 
1759435299798540072 38 
1759435299798541256 7 
1759435299798542136 8 10 
1759435299834469968 3 
1759435299864835144 1 
1759435299864835152 9 
1759435299864835168 14 
1759435299864849144 2 
1759435299865167352 37 
1759435299865168528 6 
1759435299865168536 7 
1759435299865170528 5 
1759435299865170536 6 
1759435299865171352 38 
1759435299865172536 7 
1759435299865173416 8 10 
1759435299926102072 26 
1759435300000000016 32 
1759435300000019976 34 
1759435300063574512 19 
1759435300063574520 12 
1759435300063574536 15 
1759435300063574568 46 
1759435300063576848 11 13 
1759435300223574584 26 
1759435300383574600 26 
1759435300543574616 26 
1759435300581639448 22 
1759435300664377184 1 
1759435300700644968 3 
1759435300703574632 26 
1759435300731010136 1 
1759435300731010144 9 
1759435300731010160 14 
1759435300731024136 2 
1759435300731342344 37 
1759435300731343520 6 
1759435300731343528 7 
1759435300731345520 5 
1759435300731345528 6 
1759435300731346344 38 
1759435300731347528 7 
1759435300731348408 8 10 
1759435300767270232 3 
1759435300797635400 1 
1759435300797635408 9 
1759435300797635424 14 
1759435300797649408 2 
1759435300797967608 37 
1759435300797968784 6 
1759435300797968792 7 
1759435300797970784 5 
1759435300797970792 6 
1759435300797971608 38 
1759435300797972792 7 
1759435300797973672 8 10 
1759435300833902608 3 
1759435300863574648 26 
1759435300864267784 1 
1759435300864267792 9 
1759435300864267808 14 
1759435300864281776 2 
1759435300864599992 37 
1759435300864601168 6 
1759435300864601176 7 
1759435300864603168 5 
1759435300864603176 6 
1759435300864603992 38 
1759435300864605176 7 
1759435300864606056 8 10 
1759435301000000016 32 
1759435301000020016 34 
1759435301023574664 26 
1759435301183574680 26 
1759435301343574696 26 
1759435301503574712 26 
1759435301663574728 26 
1759435301663812728 1 
1759435301700080504 3 
1759435301730445672 1 
1759435301730445680 9 
1759435301730445696 14 
1759435301730459672 2 
1759435301730777880 37 
1759435301730779056 6 
1759435301730779064 7 
1759435301730781056 5 
1759435301730781064 6 
1759435301730781880 38 
1759435301730783064 7 
1759435301730783944 8 10 
1759435301766710872 3 
1759435301797076048 1 
1759435301797076056 9 
1759435301797076072 14 
1759435301797090048 2 
1759435301797408256 37 
1759435301797409432 6 
1759435301797409440 7 
1759435301797411432 5 
1759435301797411440 6 
1759435301797412256 38 
1759435301797413440 7 
1759435301797414320 8 10 
1759435301823574744 26 
1759435301833341144 3 
1759435301863706304 1 
1759435301863706312 9 
1759435301863706328 14 
1759435301863720312 2 
1759435301864038512 37 
1759435301864039688 6 
1759435301864039696 7 
1759435301864041688 5 
1759435301864041696 6 
1759435301864042512 38 
1759435301864043696 7 
1759435301864044576 8 10 
1759435301983574760 26 
1759435302000000016 32 
1759435302000019952 34 
1759435302143574776 26 
1759435302303574792 26 
1759435302463574808 26 
1759435302623574824 26 
1759435302663253264 1 
1759435302699520136 3 
1759435302729885320 1 
1759435302729885328 9 
1759435302729885344 14 
1759435302729899312 2 
1759435302730217528 37 
1759435302730218704 6 
1759435302730218712 7 
1759435302730220704 5 
1759435302730220712 6 
1759435302730221528 38 
1759435302730222712 7 
1759435302730223592 8 10 
1759435302766150408 3 
1759435302783574840 26 
1759435302796515568 1 
1759435302796515576 9 
1759435302796515592 14 
1759435302796529584 2 
1759435302796847776 37 
1759435302796848952 6 
1759435302796848960 7 
1759435302796850952 5 
1759435302796850960 6 
1759435302796851776 38 
1759435302796852960 7 
1759435302796853840 8 10 
1759435302832783680 3 
1759435302863148848 1 
1759435302863148856 9 
1759435302863148872 14 
1759435302863162848 2 
1759435302863481056 37 
1759435302863482232 6 
1759435302863482240 7 
1759435302863484232 5 
1759435302863484240 6 
1759435302863485056 38 
1759435302863486240 7 
1759435302863487120 8 10 
1759435302943574856 26 
1759435303000000016 32 
1759435303000019984 34 
1759435303052993952 19 
1759435303052993960 12 
1759435303052993976 15 
1759435303052994008 46 
1759435303052996288 11 13 
1759435303212994024 26 
1759435303372994040 26 
1759435303532994056 26 
1759435303569928496 22 
1759435303662710888 1 
1759435303692994072 26 
1759435303698978672 3 
1759435303729343840 1 
1759435303729343848 9 
1759435303729343864 14 
1759435303729357848 2 
1759435303729676048 37 
1759435303729677224 6 
1759435303729677232 7 
1759435303729679224 5 
1759435303729679232 6 
1759435303729680048 38 
1759435303729681232 7 
1759435303729682112 8 10 
1759435303765609944 3 
1759435303795975112 1 
1759435303795975120 9 
1759435303795975136 14 
1759435303795989112 2 
1759435303796307320 37 
1759435303796308496 6 
1759435303796308504 7 
1759435303796310496 5 
1759435303796310504 6 
1759435303796311320 38 
1759435303796312504 7 
1759435303796313384 8 10 
1759435303832240312 3 
1759435303852994088 26 
1759435303862605472 1 
1759435303862605480 9 
1759435303862605496 14 
1759435303862619480 2 
1759435303862937680 37 
1759435303862938856 6 
1759435303862938864 7 
1759435303862940856 5 
1759435303862940864 6 
1759435303862941680 38 
1759435303862942864 7 
1759435303862943744 8 10 
1759435304000000016 32 
1759435304000020016 34 
1759435304012994104 26 
1759435304172994120 26 
1759435304332994136 26 
1759435304492994152 26 
1759435304652994168 26 
1759435304662165432 1 
1759435304698435208 3 
1759435304728800376 1 
1759435304728800384 9 
1759435304728800400 14 
1759435304728814376 2 
1759435304729132584 37 
1759435304729133760 6 
1759435304729133768 7 
1759435304729135760 5 
1759435304729135768 6 
1759435304729136584 38 
1759435304729137768 7 
1759435304729138648 8 10 
1759435304765066576 3 
1759435304795431736 1 
1759435304795431744 9 
1759435304795431760 14 
1759435304795445744 2 
1759435304795763944 37 
1759435304795765120 6 
1759435304795765128 7 
1759435304795767120 5 
1759435304795767128 6 
1759435304795767944 38 
1759435304795769128 7 
1759435304795770008 8 10 
1759435304812994184 26 
1759435304831695848 3 
1759435304862061008 1 
1759435304862061016 9 
1759435304862061032 14 
1759435304862075016 2 
1759435304862393216 37 
1759435304862394392 6 
1759435304862394400 7 
1759435304862396392 5 
1759435304862396400 6 
1759435304862397216 38 
1759435304862398400 7 
1759435304862399280 8 10 
1759435304972994200 26 
1759435305000000016 32 
1759435305000019952 34 
1759435305005128128 17 
1759435305132994216 26 
1759435305292994232 26 
1759435305358642216 19 
1759435305358642224 12 
1759435305358642240 15 
1759435305358642272 46 
1759435305358644552 11 13 
1759435305518642288 26 
1759435305661626976 1 
1759435305678642304 26 
1759435305697894840 3 
1759435305728260008 1 
1759435305728260016 9 
1759435305728260032 14 
1759435305728274016 2 
1759435305728592216 37 
1759435305728593392 6 
1759435305728593400 7 
1759435305728595392 5 
1759435305728595400 6 
1759435305728596216 38 
1759435305728597400 7 
1759435305728598280 8 10 
1759435305764527112 3 
1759435305794892280 1 
1759435305794892288 9 
1759435305794892304 14 
1759435305794906280 2 
1759435305795224488 37 
1759435305795225664 6 
1759435305795225672 7 
1759435305795227664 5 
1759435305795227672 6 
1759435305795228488 38 
1759435305795229672 7 
1759435305795230552 8 10 
1759435305831160376 3 
1759435305838642320 26 
1759435305861525560 1 
1759435305861525568 9 
1759435305861525584 14 
1759435305861539552 2 
1759435305861857768 37 
1759435305861858944 6 
1759435305861858952 7 
1759435305861860944 5 
1759435305861860952 6 
1759435305861861768 38 
1759435305861862952 7 
1759435305861863832 8 10 
1759435305998642336 26 
1759435306000000016 32 
1759435306000019984 34 
1759435306158642352 26 
1759435306318642368 26 
1759435306478642384 26 
1759435306558217544 22 
1759435306594463232 1 
1759435306638642400 26 
1759435306661100184 1 
1759435306661114184 2 
1759435306697365376 3 
1759435306727730544 1 
1759435306727730552 9 
1759435306727730568 14 
1759435306727744552 2 
1759435306728062752 37 
1759435306728063928 6 
1759435306728063936 7 
1759435306728065928 5 
1759435306728065936 6 
1759435306728066752 38 
1759435306728067936 7 
1759435306728068816 8 10 
1759435306763995648 3 
1759435306794360816 1 
1759435306794360824 9 
1759435306794360840 14 
1759435306794374824 2 
1759435306794693024 37 
1759435306794694200 6 
1759435306794694208 7 
1759435306794696200 5 
1759435306794696208 6 
1759435306794697024 38 
1759435306794698208 7 
1759435306794699088 8 10 
1759435306798642416 26 
1759435306830626016 3 
1759435306860991192 1 
1759435306860991200 9 
1759435306860991216 14 
1759435306861005192 2 
1759435306861323400 37 
1759435306861324576 6 
1759435306861324584 7 
1759435306861326576 5 
1759435306861326584 6 
1759435306861327400 38 
1759435306861328584 7 
1759435306861329464 8 10 
1759435306958642432 26 
1759435307000000016 32 
1759435307000019928 34 
1759435307118642448 26 
1759435307278642464 26 
1759435307438642480 26 
1759435307598642496 26 
1759435307660556136 1 
1759435307696824920 3 
1759435307727190088 1 
1759435307727190096 9 
1759435307727190112 14 
1759435307727204088 2 
1759435307727522296 37 
1759435307727523472 6 
1759435307727523480 7 
1759435307727525472 5 
1759435307727525480 6 
1759435307727526296 38 
1759435307727527480 7 
1759435307727528360 8 10 
1759435307758642512 26 
1759435307763456192 3 
1759435307793821360 1 
1759435307793821368 9 
1759435307793821384 14 
1759435307793835360 2 
1759435307794153568 37 
1759435307794154744 6 
1759435307794154752 7 
1759435307794156744 5 
1759435307794156752 6 
1759435307794157568 38 
1759435307794158752 7 
1759435307794159632 8 10 
1759435307830086560 3 
1759435307860451736 1 
1759435307860451744 9 
1759435307860451760 14 
1759435307860465728 2 
1759435307860783944 37 
1759435307860785120 6 
1759435307860785128 7 
1759435307860787120 5 
1759435307860787128 6 
1759435307860787944 38 
1759435307860789128 7 
1759435307860790008 8 10 
1759435307918642528 26 
1759435308000000016 32 
1759435308000019968 34 
1759435308078642544 26 
1759435308238642560 26 
1759435308398642576 26 
1759435308558642592 26 
1759435308660017680 1 
1759435308696286456 3 
1759435308718642608 26 
1759435308726651632 1 
1759435308726651640 9 
1759435308726651656 14 
1759435308726665632 2 
1759435308726983840 37 
1759435308726985016 6 
1759435308726985024 7 
1759435308726987016 5 
1759435308726987024 6 
1759435308726987840 38 
1759435308726989024 7 
1759435308726989904 8 10 
1759435308762916832 3 
1759435308793281984 1 
1759435308793281992 9 
1759435308793282008 14 
1759435308793296000 2 
1759435308793614192 37 
1759435308793615368 6 
1759435308793615376 7 
1759435308793617368 5 
1759435308793617376 6 
1759435308793618192 38 
1759435308793619376 7 
1759435308793620256 8 10 
1759435308829546096 3 
1759435308859911256 1 
1759435308859911264 9 
1759435308859911280 14 
1759435308859925272 2 
1759435308860243464 37 
1759435308860244640 6 
1759435308860244648 7 
1759435308860246640 5 
1759435308860246648 6 
1759435308860247464 38 
1759435308860248648 7 
1759435308860249528 8 10 
1759435308878642624 26 
1759435309000000016 32 
1759435309000020008 34 
1759435309038642640 26 
1759435309118726816 19 
1759435309118726824 12 
1759435309118726840 15 
1759435309118726872 46 
1759435309118729152 11 13 
1759435309278726888 26 
1759435309438726904 26 
1759435309546506592 22 
1759435309598726920 26 
1759435309659468216 1 
1759435309695735096 3 
1759435309726100264 1 
1759435309726100272 9 
1759435309726100288 14 
1759435309726114272 2 
1759435309726432472 37 
1759435309726433648 6 
1759435309726433656 7 
1759435309726435648 5 
1759435309726435656 6 
1759435309726436472 38 
1759435309726437656 7 
1759435309726438536 8 10 
1759435309758726936 26 
1759435309762366368 3 
1759435309792731544 1 
1759435309792731552 9 
1759435309792731568 14 
1759435309792745544 2 
1759435309793063752 37 
1759435309793064928 6 
1759435309793064936 7 
1759435309793066928 5 
1759435309793066936 6 
1759435309793067752 38 
1759435309793068936 7 
1759435309793069816 8 10 
1759435309828995640 3 
1759435309859360816 1 
1759435309859360824 9 
1759435309859360840 14 
1759435309859374808 2 
1759435309859693024 37 
1759435309859694200 6 
1759435309859694208 7 
1759435309859696200 5 
1759435309859696208 6 
1759435309859697024 38 
1759435309859698208 7 
1759435309859699088 8 10 
1759435309918726952 26 
1759435310000000016 32 
1759435310000019944 34 
1759435310078726968 26 
1759435310238726984 26 
1759435310398727000 26 
1759435310558727016 26 
1759435310658910760 1 
1759435310695176640 3 
1759435310718727032 26 
1759435310725541816 1 
1759435310725541824 9 
1759435310725541840 14 
1759435310725555808 2 
1759435310725874024 37 
1759435310725875200 6 
1759435310725875208 7 
1759435310725877200 5 
1759435310725877208 6 
1759435310725878024 38 
1759435310725879208 7 
1759435310725880088 8 10 
1759435310761807912 3 
1759435310792173088 1 
1759435310792173096 9 
1759435310792173112 14 
1759435310792187080 2 
1759435310792505296 37 
1759435310792506472 6 
1759435310792506480 7 
1759435310792508472 5 
1759435310792508480 6 
1759435310792509296 38 
1759435310792510480 7 
1759435310792511360 8 10 
1759435310828438280 3 
1759435310858803440 1 
1759435310858803448 9 
1759435310858803464 14 
1759435310858817448 2 
1759435310859135648 37 
1759435310859136824 6 
1759435310859136832 7 
1759435310859138824 5 
1759435310859138832 6 
1759435310859139648 38 
1759435310859140832 7 
1759435310859141712 8 10 
1759435310878727048 26 
1759435311000000016 32 
1759435311000019984 34 
1759435311038727064 26 
1759435311198727080 26 
1759435311358727096 26 
1759435311427974120 19 
1759435311427974128 12 
1759435311427974144 15 
1759435311427974176 46 
1759435311427976456 11 13 
1759435311587974192 26 
1759435311658357392 1 
1759435311694626176 3 
1759435311724991344 1 
1759435311724991352 9 
1759435311724991368 14 
1759435311725005352 2 
1759435311725323552 37 
1759435311725324728 6 
1759435311725324736 7 
1759435311725326728 5 
1759435311725326736 6 
1759435311725327552 38 
1759435311725328736 7 
1759435311725329616 8 10 
1759435311747974208 26 
1759435311761258448 3 
1759435311791623624 1 
1759435311791623632 9 
1759435311791623648 14 
1759435311791637616 2 
1759435311791955832 37 
1759435311791957008 6 
1759435311791957016 7 
1759435311791959008 5 
1759435311791959016 6 
1759435311791959832 38 
1759435311791961016 7 
1759435311791961896 8 10 
1759435311827887816 3 
1759435311858252976 1 
1759435311858252984 9 
1759435311858253000 14 
1759435311858266992 2 
1759435311858585184 37 
1759435311858586360 6 
1759435311858586368 7 
1759435311858588360 5 
1759435311858588368 6 
1759435311858589184 38 
1759435311858590368 7 
1759435311858591248 8 10 
1759435311907974224 26 
1759435312000000016 32 
1759435312000020024 34 
1759435312067974240 26 
1759435312227974256 26 
1759435312387974272 26 
1759435312534795640 22 
1759435312547974288 26 
1759435312657825952 1 
1759435312694095720 3 
1759435312707974304 26 
1759435312724460880 1 
1759435312724460888 9 
1759435312724460904 14 
1759435312724474888 2 
1759435312724793088 37 
1759435312724794264 6 
1759435312724794272 7 
1759435312724796264 5 
1759435312724796272 6 
1759435312724797088 38 
1759435312724798272 7 
1759435312724799152 8 10 
1759435312760725088 3 
1759435312791090256 1 
1759435312791090264 9 
1759435312791090280 14 
1759435312791104256 2 
1759435312791422464 37 
1759435312791423640 6 
1759435312791423648 7 
1759435312791425640 5 
1759435312791425648 6 
1759435312791426464 38 
1759435312791427648 7 
1759435312791428528 8 10 
1759435312827357352 3 
1759435312857722528 1 
1759435312857722536 9 
1759435312857722552 14 
1759435312857736528 2 
1759435312858054736 37 
1759435312858055912 6 
1759435312858055920 7 
1759435312858057912 5 
1759435312858057920 6 
1759435312858058736 38 
1759435312858059920 7 
1759435312858060800 8 10 
1759435312867974320 26 
1759435313000000016 32 
1759435313000019960 34 
1759435313027974336 26 
1759435313187974352 26 
1759435313347974368 26 
1759435313507974384 26 
1759435313657278488 1 
1759435313667974400 26 
1759435313693551352 3 
1759435313723916520 1 
1759435313723916528 9 
1759435313723916544 14 
1759435313723930528 2 
1759435313724248728 37 
1759435313724249904 6 
1759435313724249912 7 
1759435313724251904 5 
1759435313724251912 6 
1759435313724252728 38 
1759435313724253912 7 
1759435313724254792 8 10 
1759435313760181624 3 
1759435313790546792 1 
1759435313790546800 9 
1759435313790546816 14 
1759435313790560800 2 
1759435313790879000 37 
1759435313790880176 6 
1759435313790880184 7 
1759435313790882176 5 
1759435313790882184 6 
1759435313790883000 38 
1759435313790884184 7 
1759435313790885064 8 10 
1759435313826811896 3 
1759435313827974416 26 
1759435313857177072 1 
1759435313857177080 9 
1759435313857177096 14 
1759435313857191064 2 
1759435313857509280 37 
1759435313857510456 6 
1759435313857510464 7 
1759435313857512456 5 
1759435313857512464 6 
1759435313857513280 38 
1759435313857514464 7 
1759435313857515344 8 10 
1759435313987974432 26 
1759435314000000016 32 
1759435314000020000 34 
1759435314147974448 26 
1759435314255390248 19 
1759435314255390256 12 
1759435314255390272 15 
1759435314255390304 46 
1759435314255392584 11 13 
1759435314415390320 26 
1759435314575390336 26 
1759435314656725120 1 
1759435314692991896 3 
1759435314723357064 1 
1759435314723357072 9 
1759435314723357088 14 
1759435314723371064 2 
1759435314723689272 37 
1759435314723690448 6 
1759435314723690456 7 
1759435314723692448 5 
1759435314723692456 6 
1759435314723693272 38 
1759435314723694456 7 
1759435314723695336 8 10 
1759435314735390352 26 
1759435314759620160 3 
1759435314789985336 1 
1759435314789985344 9 
1759435314789985360 14 
1759435314789999336 2 
1759435314790317544 37 
1759435314790318720 6 
1759435314790318728 7 
1759435314790320720 5 
1759435314790320728 6 
1759435314790321544 38 
1759435314790322728 7 
1759435314790323608 8 10 
1759435314826245528 3 
1759435314856610712 1 
1759435314856610720 9 
1759435314856610736 14 
1759435314856624704 2 
1759435314856942920 37 
1759435314856944096 6 
1759435314856944104 7 
1759435314856946096 5 
1759435314856946104 6 
1759435314856946920 38 
1759435314856948104 7 
1759435314856948984 8 10 
1759435314895390368 26 
1759435315000000016 32 
1759435315000019936 34 
1759435315055390384 26 
1759435315215390400 26 
1759435315375390416 26 
1759435315523084688 22 
1759435315535390432 26 
1759435315656147648 1 
1759435315692409432 3 
1759435315695390448 26 
1759435315722774608 1 
1759435315722774616 9 
1759435315722774632 14 
1759435315722788600 2 
1759435315723106816 37 
1759435315723107992 6 
1759435315723108000 7 
1759435315723109992 5 
1759435315723110000 6 
1759435315723110816 38 
1759435315723112000 7 
1759435315723112880 8 10 
1759435315759044800 3 
1759435315789409968 1 
1759435315789409976 9 
1759435315789409992 14 
1759435315789423968 2 
1759435315789742176 37 
1759435315789743352 6 
1759435315789743360 7 
1759435315789745352 5 
1759435315789745360 6 
1759435315789746176 38 
1759435315789747360 7 
1759435315789748240 8 10 
1759435315825671064 3 
1759435315855390464 26 
1759435315856036240 1 
1759435315856036248 9 
1759435315856036264 14 
1759435315856050240 2 
1759435315856368448 37 
1759435315856369624 6 
1759435315856369632 7 
1759435315856371624 5 
1759435315856371632 6 
1759435315856372448 38 
1759435315856373632 7 
1759435315856374512 8 10 
1759435316000000016 32 
1759435316000019976 34 
1759435316015390480 26 
1759435316175390496 26 
1759435316335390512 26 
1759435316495390528 26 
1759435316588946920 1 
1759435316655390544 26 
1759435316655579872 1 
1759435316655593872 2 
1759435316691845064 3 
1759435316722210232 1 
1759435316722210240 9 
1759435316722210256 14 
1759435316722224240 2 
1759435316722542440 37 
1759435316722543616 6 
1759435316722543624 7 
1759435316722545616 5 
1759435316722545624 6 
1759435316722546440 38 
1759435316722547624 7 
1759435316722548504 8 10 
1759435316758474336 3 
1759435316788839504 1 
1759435316788839512 9 
1759435316788839528 14 
1759435316788853512 2 
1759435316789171712 37 
1759435316789172888 6 
1759435316789172896 7 
1759435316789174888 5 
1759435316789174896 6 
1759435316789175712 38 
1759435316789176896 7 
1759435316789177776 8 10 
1759435316815390560 26 
1759435316825104608 3 
1759435316855469776 1 
1759435316855469784 9 
1759435316855469800 14 
1759435316855483776 2 
1759435316855801984 37 
1759435316855803160 6 
1759435316855803168 7 
1759435316855805160 5 
1759435316855805168 6 
1759435316855805984 38 
1759435316855807168 7 
1759435316855808048 8 10 
1759435316975390576 26 
1759435317000000016 32 
1759435317000020008 34 
1759435317135390592 26 
1759435317295390608 26 
1759435317455390624 26 
1759435317615390640 26 
1759435317655003728 1 
1759435317691271600 3 
1759435317721636776 1 
1759435317721636784 9 
1759435317721636800 14 
1759435317721650776 2 
1759435317721968984 37 
1759435317721970160 6 
1759435317721970168 7 
1759435317721972160 5 
1759435317721972168 6 
1759435317721972984 38 
1759435317721974168 7 
1759435317721975048 8 10 
1759435317757900872 3 
1759435317775390656 26 
1759435317788266048 1 
1759435317788266056 9 
1759435317788266072 14 
1759435317788280040 2 
1759435317788598256 37 
1759435317788599432 6 
1759435317788599440 7 
1759435317788601432 5 
1759435317788601440 6 
1759435317788602256 38 
1759435317788603440 7 
1759435317788604320 8 10 
1759435317824529240 3 
1759435317854894408 1 
1759435317854894416 9 
1759435317854894432 14 
1759435317854908416 2 
1759435317855226616 37 
1759435317855227792 6 
1759435317855227800 7 
1759435317855229792 5 
1759435317855229800 6 
1759435317855230616 38 
1759435317855231800 7 
1759435317855232680 8 10 
1759435317935390672 26 
1759435318000000016 32 
1759435318000019944 34 
1759435318095390688 26 
1759435318255390704 26 
1759435318415390720 26 
1759435318511373736 22 
1759435318575390736 26 
1759435318654428360 1 
1759435318690691136 3 
1759435318721056304 1 
1759435318721056312 9 
1759435318721056328 14 
1759435318721070312 2 
1759435318721388512 37 
1759435318721389688 6 
1759435318721389696 7 
1759435318721391688 5 
1759435318721391696 6 
1759435318721392512 38 
1759435318721393696 7 
1759435318721394576 8 10 
1759435318735390752 26 
1759435318757320408 3 
1759435318787685576 1 
1759435318787685584 9 
1759435318787685600 14 
1759435318787699584 2 
1759435318788017784 37 
1759435318788018960 6 
1759435318788018968 7 
1759435318788020960 5 
1759435318788020968 6 
1759435318788021784 38 
1759435318788022968 7 
1759435318788023848 8 10 
1759435318823949776 3 
1759435318854314952 1 
1759435318854314960 9 
1759435318854314976 14 
1759435318854328952 2 
1759435318854647160 37 
1759435318854648336 6 
1759435318854648344 7 
1759435318854650336 5 
1759435318854650344 6 
1759435318854651160 38 
1759435318854652344 7 
1759435318854653224 8 10 
1759435318895390768 26 
1759435319000000016 32 
1759435319000019984 34 
1759435319055390784 26 
1759435319120344736 19 
1759435319120344744 12 
1759435319120344760 15 
1759435319120344792 46 
1759435319120347072 11 13 
1759435319280344808 26 
1759435319440344824 26 
1759435319600344840 26 
1759435319653838888 1 
1759435319690103680 3 
1759435319720468856 1 
1759435319720468864 9 
1759435319720468880 14 
1759435319720482848 2 
1759435319720801064 37 
1759435319720802240 6 
1759435319720802248 7 
1759435319720804240 5 
1759435319720804248 6 
1759435319720805064 38 
1759435319720806248 7 
1759435319720807128 8 10 
1759435319756733048 3 
1759435319760344856 26 
1759435319787098208 1 
1759435319787098216 9 
1759435319787098232 14 
1759435319787112216 2 
1759435319787430416 37 
1759435319787431592 6 
1759435319787431600 7 
1759435319787433592 5 
1759435319787433600 6 
1759435319787434416 38 
1759435319787435600 7 
1759435319787436480 8 10 
1759435319823360312 3 
1759435319853725480 1 
1759435319853725488 9 
1759435319853725504 14 
1759435319853739488 2 
1759435319854057688 37 
1759435319854058864 6 
1759435319854058872 7 
1759435319854060864 5 
1759435319854060872 6 
1759435319854061688 38 
1759435319854062872 7 
1759435319854063752 8 10 
1759435319920344872 26 
1759435320000000016 32 
1759435320000020016 34 
1759435320080344888 26 
1759435320240344904 26 
1759435320400344920 26 
1759435320560344936 26 
1759435320653263440 1 
1759435320689531312 3 
1759435320719896488 1 
1759435320719896496 9 
1759435320719896512 14 
1759435320719910480 2 
1759435320720228696 37 
1759435320720229872 6 
1759435320720229880 7 
1759435320720231872 5 
1759435320720231880 6 
1759435320720232696 38 
1759435320720233880 7 
1759435320720234760 8 10 
1759435320720344952 26 
1759435320756161584 3 
1759435320786526744 1 
1759435320786526752 9 
1759435320786526768 14 
1759435320786540752 2 
1759435320786858952 37 
1759435320786860128 6 
1759435320786860136 7 
1759435320786862128 5 
1759435320786862136 6 
1759435320786862952 38 
1759435320786864136 7 
1759435320786865016 8 10 
1759435320822793848 3 
1759435320853159016 1 
1759435320853159024 9 
1759435320853159040 14 
1759435320853173024 2 
1759435320853491224 37 
1759435320853492400 6 
1759435320853492408 7 
1759435320853494400 5 
1759435320853494408 6 
1759435320853495224 38 
1759435320853496408 7 
1759435320853497288 8 10 
1759435320880344968 26 
1759435321000000016 32 
1759435321000019952 34 
1759435321040344984 26 
1759435321200345000 26 
1759435321360345016 26 
1759435321499662784 22 
1759435321520345032 26 
1759435321621456648 19 
1759435321621456656 12 
1759435321621456672 15 
1759435321621456704 46 
1759435321621458984 11 13 
1759435321652739080 1 
1759435321689005848 3 
1759435321719371024 1 
1759435321719371032 9 
1759435321719371048 14 
1759435321719385024 2 
1759435321719703232 37 
1759435321719704408 6 
1759435321719704416 7 
1759435321719706408 5 
1759435321719706416 6 
1759435321719707232 38 
1759435321719708416 7 
1759435321719709296 8 10 
1759435321755642120 3 
1759435321781456720 26 
1759435321786007288 1 
1759435321786007296 9 
1759435321786007312 14 
1759435321786021288 2 
1759435321786339496 37 
1759435321786340672 6 
1759435321786340680 7 
1759435321786342672 5 
1759435321786342680 6 
1759435321786343496 38 
1759435321786344680 7 
1759435321786345560 8 10 
1759435321822275488 3 
1759435321852640648 1 
1759435321852640656 9 
1759435321852640672 14 
1759435321852654656 2 
1759435321852972856 37 
1759435321852974032 6 
1759435321852974040 7 
1759435321852976032 5 
1759435321852976040 6 
1759435321852976856 38 
1759435321852978040 7 
1759435321852978920 8 10 
1759435321941456736 26 
1759435322000000016 32 
1759435322000019992 34 
1759435322101456752 26 
1759435322261456768 26 
1759435322421456784 26 
1759435322581456800 26 
1759435322652233616 1 
1759435322688505384 3 
1759435322718870552 1 
1759435322718870560 9 
1759435322718870576 14 
1759435322718884560 2 
1759435322719202760 37 
1759435322719203936 6 
1759435322719203944 7 
1759435322719205936 5 
1759435322719205944 6 
1759435322719206760 38 
1759435322719207944 7 
1759435322719208824 8 10 
1759435322741456816 26 
1759435322755137760 3 
1759435322785502928 1 
1759435322785502936 9 
1759435322785502952 14 
1759435322785516928 2 
1759435322785835136 37 
1759435322785836312 6 
1759435322785836320 7 
1759435322785838312 5 
1759435322785838320 6 
1759435322785839136 38 
1759435322785840320 7 
1759435322785841200 8 10 
1759435322821773024 3 
1759435322852138192 1 
1759435322852138200 9 
1759435322852138216 14 
1759435322852152200 2 
1759435322852470400 37 
1759435322852471576 6 
1759435322852471584 7 
1759435322852473576 5 
1759435322852473584 6 
1759435322852474400 38 
1759435322852475584 7 
1759435322852476464 8 10 
1759435322901456832 26 
1759435323000000016 32 
1759435323000019928 34 
1759435323061456848 26 
1759435323221456864 26 
1759435323381456880 26 
1759435323541456896 26 
1759435323651729144 1 
1759435323687999024 3 
1759435323701456912 26 
1759435323718364192 1 
1759435323718364200 9 
1759435323718364216 14 
1759435323718378200 2 
1759435323718696400 37 
1759435323718697576 6 
1759435323718697584 7 
1759435323718699576 5 
1759435323718699584 6 
1759435323718700400 38 
1759435323718701584 7 
1759435323718702464 8 10 
1759435323754630296 3 
1759435323784995472 1 
1759435323784995480 9 
1759435323784995496 14 
1759435323785009464 2 
1759435323785327680 37 
1759435323785328856 6 
1759435323785328864 7 
1759435323785330856 5 
1759435323785330864 6 
1759435323785331680 38 
1759435323785332864 7 
1759435323785333744 8 10 
1759435323821263568 3 
1759435323851628728 1 
1759435323851628736 9 
1759435323851628752 14 
1759435323851642736 2 
1759435323851960936 37 
1759435323851962112 6 
1759435323851962120 7 
1759435323851964112 5 
1759435323851964120 6 
1759435323851964936 38 
1759435323851966120 7 
1759435323851967000 8 10 
1759435323861456928 26 
1759435324000000016 32 
1759435324000019968 34 
1759435324021456944 26 
1759435324181456960 26 
1759435324341456976 26 
1759435324487951832 22 
1759435324501456992 26 
1759435324651220696 1 
1759435324661457008 26 
1759435324687489568 3 
1759435324717854728 1 
1759435324717854736 9 
1759435324717854752 14 
1759435324717868736 2 
1759435324718186936 37 
1759435324718188112 6 
1759435324718188120 7 
1759435324718190112 5 
1759435324718190120 6 
1759435324718190936 38 
1759435324718192120 7 
1759435324718193000 8 10 
1759435324754122832 3 
1759435324784488008 1 
1759435324784488016 9 
1759435324784488032 14 
1759435324784502008 2 
1759435324784820216 37 
1759435324784821392 6 
1759435324784821400 7 
1759435324784823392 5 
1759435324784823400 6 
1759435324784824216 38 
1759435324784825400 7 
1759435324784826280 8 10 
1759435324820758200 3 
1759435324821457024 26 
1759435324851123368 1 
1759435324851123376 9 
1759435324851123392 14 
1759435324851137376 2 
1759435324851455576 37 
1759435324851456752 6 
1759435324851456760 7 
1759435324851458752 5 
1759435324851458760 6 
1759435324851459576 38 
1759435324851460760 7 
1759435324851461640 8 10 
1759435324981457040 26 
1759435325000000016 32 
1759435325000020008 34 
1759435325141457056 26 
1759435325301457072 26 
1759435325461457088 26 
1759435325621457104 26 
1759435325650716320 1 
1759435325686990104 3 
1759435325717355280 1 
1759435325717355288 9 
1759435325717355304 14 
1759435325717369280 2 
1759435325717687488 37 
1759435325717688664 6 
1759435325717688672 7 
1759435325717690664 5 
1759435325717690672 6 
1759435325717691488 38 
1759435325717692672 7 
1759435325717693552 8 10 
1759435325753624376 3 
1759435325781457120 26 
1759435325783989536 1 
1759435325783989544 9 
1759435325783989560 14 
1759435325784003544 2 
1759435325784321744 37 
1759435325784322920 6 
1759435325784322928 7 
1759435325784324920 5 
1759435325784324928 6 
1759435325784325744 38 
1759435325784326928 7 
1759435325784327808 8 10 
1759435325820259744 3 
1759435325850624920 1 
1759435325850624928 9 
1759435325850624944 14 
1759435325850638920 2 
1759435325850957128 37 
1759435325850958304 6 
1759435325850958312 7 
1759435325850960304 5 
1759435325850960312 6 
1759435325850961128 38 
1759435325850962312 7 
1759435325850963192 8 10 
1759435325941457136 26 
1759435325967167464 19 
1759435325967167472 12 
1759435325967167488 15 
1759435325967167520 46 
1759435325967169800 11 13 
1759435326000000016 32 
1759435326000019944 34 
1759435326127167536 26 
1759435326287167552 26 
1759435326447167568 26 
1759435326583594600 1 
1759435326607167584 26 
1759435326650234536 1 
1759435326650248544 2 
1759435326686500648 3 
1759435326716865816 1 
1759435326716865824 9 
1759435326716865840 14 
1759435326716879816 2 
1759435326717198024 37 
1759435326717199200 6 
1759435326717199208 7 
1759435326717201200 5 
1759435326717201208 6 
1759435326717202024 38 
1759435326717203208 7 
1759435326717204088 8 10 
1759435326753135016 3 
1759435326767167600 26 
1759435326783500176 1 
1759435326783500184 9 
1759435326783500200 14 
1759435326783514184 2 
1759435326783832384 37 
1759435326783833560 6 
1759435326783833568 7 
1759435326783835560 5 
1759435326783835568 6 
1759435326783836384 38 
1759435326783837568 7 
1759435326783838448 8 10 
1759435326819769280 3 
1759435326850134448 1 
1759435326850134456 9 
1759435326850134472 14 
1759435326850148456 2 
1759435326850466656 37 
1759435326850467832 6 
1759435326850467840 7 
1759435326850469832 5 
1759435326850469840 6 
1759435326850470656 38 
1759435326850471840 7 
1759435326850472720 8 10 
1759435326927167616 26 
1759435327000000016 32 
1759435327000019984 34 
1759435327087167632 26 
1759435327247167648 26 
1759435327407167664 26 
1759435327476240880 22 
1759435327567167680 26 
1759435327649738400 1 
1759435327686010288 3 
1759435327716375456 1 
1759435327716375464 9 
1759435327716375480 14 
1759435327716389456 2 
1759435327716707664 37 
1759435327716708840 6 
1759435327716708848 7 
1759435327716710840 5 
1759435327716710848 6 
1759435327716711664 38 
1759435327716712848 7 
1759435327716713728 8 10 
1759435327727167696 26 
1759435327752646552 3 
1759435327783011712 1 
1759435327783011720 9 
1759435327783011736 14 
1759435327783025728 2 
1759435327783343920 37 
1759435327783345096 6 
1759435327783345104 7 
1759435327783347096 5 
1759435327783347104 6 
1759435327783347920 38 
1759435327783349104 7 
1759435327783349984 8 10 
1759435327819278824 3 
1759435327849643992 1 
1759435327849644000 9 
1759435327849644016 14 
1759435327849657992 2 
1759435327849976200 37 
1759435327849977376 6 
1759435327849977384 7 
1759435327849979376 5 
1759435327849979384 6 
1759435327849980200 38 
1759435327849981384 7 
1759435327849982264 8 10 
1759435327887167712 26 
1759435328000000016 32 
1759435328000020024 34 
1759435328047167728 26 
1759435328207167744 26 
1759435328367167760 26 
1759435328501943496 19 
1759435328501943504 12 
1759435328501943520 15 
1759435328501943552 46 
1759435328501945832 11 13 
1759435328649250040 1 
1759435328661943568 26 
1759435328685516824 3 
1759435328715881984 1 
1759435328715881992 9 
1759435328715882008 14 
1759435328715895992 2 
1759435328716214192 37 
1759435328716215368 6 
1759435328716215376 7 
1759435328716217368 5 
1759435328716217376 6 
1759435328716218192 38 
1759435328716219376 7 
1759435328716220256 8 10 
1759435328752151088 3 
1759435328782516264 1 
1759435328782516272 9 
1759435328782516288 14 
1759435328782530264 2 
1759435328782848472 37 
1759435328782849648 6 
1759435328782849656 7 
1759435328782851648 5 
1759435328782851656 6 
1759435328782852472 38 
1759435328782853656 7 
1759435328782854536 8 10 
1759435328818782456 3 
1759435328821943584 26 
1759435328849147624 1 
1759435328849147632 9 
1759435328849147648 14 
1759435328849161632 2 
1759435328849479832 37 
1759435328849481008 6 
1759435328849481016 7 
1759435328849483008 5 
1759435328849483016 6 
1759435328849483832 38 
1759435328849485016 7 
1759435328849485896 8 10 
1759435328981943600 26 
1759435329000000016 32 
1759435329000019960 34 
1759435329141943616 26 
1759435329301943632 26 
1759435329461943648 26 
1759435329621943664 26 
1759435329648737592 1 
1759435329685010360 3 
1759435329715375520 1 
1759435329715375528 9 
1759435329715375544 14 
1759435329715389528 2 
1759435329715707728 37 
1759435329715708904 6 
1759435329715708912 7 
1759435329715710904 5 
1759435329715710912 6 
1759435329715711728 38 
1759435329715712912 7 
1759435329715713792 8 10 
1759435329751643728 3 
1759435329781943680 26 
1759435329782008904 1 
1759435329782008912 9 
1759435329782008928 14 
1759435329782022896 2 
1759435329782341112 37 
1759435329782342288 6 
1759435329782342296 7 
1759435329782344288 5 
1759435329782344296 6 
1759435329782345112 38 
1759435329782346296 7 
1759435329782347176 8 10 
1759435329818276000 3 
1759435329848641160 1 
1759435329848641168 9 
1759435329848641184 14 
1759435329848655168 2 
1759435329848973368 37 
1759435329848974544 6 
1759435329848974552 7 
1759435329848976544 5 
1759435329848976552 6 
1759435329848977368 38 
1759435329848978552 7 
1759435329848979432 8 10 
1759435329941943696 26 
1759435330000000016 32 
1759435330000021400 34 
1759435330101943712 26 
1759435330261943728 26 
1759435330421943744 26 
1759435330464529928 22 
1759435330581943760 26 
1759435330648241120 1 
1759435330654619848 19 
1759435330654619856 12 
1759435330654619872 15 
1759435330654619904 46 
1759435330654622184 11 13 
1759435330684512992 3 
1759435330714878160 1 
1759435330714878168 9 
1759435330714878184 14 
1759435330714892168 2 
1759435330715210368 37 
1759435330715211544 6 
1759435330715211552 7 
1759435330715213544 5 
1759435330715213552 6 
1759435330715214368 38 
1759435330715215552 7 
1759435330715216432 8 10 
1759435330751149264 3 
1759435330781514440 1 
1759435330781514448 9 
1759435330781514464 14 
1759435330781528432 2 
1759435330781846648 37 
1759435330781847824 6 
1759435330781847832 7 
1759435330781849824 5 
1759435330781849832 6 
1759435330781850648 38 
1759435330781851832 7 
1759435330781852712 8 10 
1759435330814619920 26 
1759435330817783536 3 
1759435330848148696 1 
1759435330848148704 9 
1759435330848148720 14 
1759435330848162704 2 
1759435330848480904 37 
1759435330848482080 6 
1759435330848482088 7 
1759435330848484080 5 
1759435330848484088 6 
1759435330848484904 38 
1759435330848486088 7 
1759435330848486968 8 10 
1759435330974619936 26 
1759435331000000016 32 
1759435331000019936 34 
1759435331134619952 26 
1759435331294619968 26 
1759435331454619984 26 
1759435331614620000 26 
1759435331647759664 1 
1759435331684032528 3 
1759435331714397704 1 
1759435331714397712 9 
1759435331714397728 14 
1759435331714411704 2 
1759435331714729912 37 
1759435331714731088 6 
1759435331714731096 7 
1759435331714733088 5 
1759435331714733096 6 
1759435331714733912 38 
1759435331714735096 7 
1759435331714735976 8 10 
1759435331750666800 3 
1759435331774620016 26 
1759435331781031960 1 
1759435331781031968 9 
1759435331781031984 14 
1759435331781045976 2 
1759435331781364168 37 
1759435331781365344 6 
1759435331781365352 7 
1759435331781367344 5 
1759435331781367352 6 
1759435331781368168 38 
1759435331781369352 7 
1759435331781370232 8 10 
1759435331817301168 3 
1759435331847666344 1 
1759435331847666352 9 
1759435331847666368 14 
1759435331847680344 2 
1759435331847998552 37 
1759435331847999728 6 
1759435331847999736 7 
1759435331848001728 5 
1759435331848001736 6 
1759435331848002552 38 
1759435331848003736 7 
1759435331848004616 8 10 
1759435331934620032 26 
1759435332000000016 32 
1759435332000019968 34 
1759435332094620048 26 
1759435332254620064 26 
1759435332414620080 26 
1759435332574620096 26 
1759435332647268280 1 
1759435332683539072 3 
1759435332713904232 1 
1759435332713904240 9 
1759435332713904256 14 
1759435332713918240 2 
1759435332714236440 37 
1759435332714237616 6 
1759435332714237624 7 
1759435332714239616 5 
1759435332714239624 6 
1759435332714240440 38 
1759435332714241624 7 
1759435332714242504 8 10 
1759435332734620112 26 
1759435332750176336 3 
1759435332780541512 1 
1759435332780541520 9 
1759435332780541536 14 
1759435332780555512 2 
1759435332780873720 37 
1759435332780874896 6 
1759435332780874904 7 
1759435332780876896 5 
1759435332780876904 6 
1759435332780877720 38 
1759435332780878904 7 
1759435332780879784 8 10 
1759435332816810704 3 
1759435332847175872 1 
1759435332847175880 9 
1759435332847175896 14 
1759435332847189880 2 
1759435332847508080 37 
1759435332847509256 6 
1759435332847509264 7 
1759435332847511256 5 
1759435332847511264 6 
1759435332847512080 38 
1759435332847513264 7 
1759435332847514144 8 10 
1759435332894620128 26 
1759435333000000016 32 
1759435333000020008 34 
1759435333054620144 26 
1759435333214620160 26 
1759435333374620176 26 
1759435333452818976 22 
1759435333534620192 26 
1759435333646783824 1 
1759435333683058608 3 
1759435333694620208 26 
1759435333713423776 1 
1759435333713423784 9 
1759435333713423800 14 
1759435333713437776 2 
1759435333713755984 37 
1759435333713757160 6 
1759435333713757168 7 
1759435333713759160 5 
1759435333713759168 6 
1759435333713759984 38 
1759435333713761168 7 
1759435333713762048 8 10 
1759435333749692976 3 
1759435333780058144 1 
1759435333780058152 9 
1759435333780058168 14 
1759435333780072144 2 
1759435333780390352 37 
1759435333780391528 6 
1759435333780391536 7 
1759435333780393528 5 
1759435333780393536 6 
1759435333780394352 38 
1759435333780395536 7 
1759435333780396416 8 10 
1759435333816327248 3 
1759435333846692416 1 
1759435333846692424 9 
1759435333846692440 14 
1759435333846706416 2 
1759435333847024624 37 
1759435333847025800 6 
1759435333847025808 7 
1759435333847027800 5 
1759435333847027808 6 
1759435333847028624 38 
1759435333847029808 7 
1759435333847030688 8 10 
1759435333854620224 26 
1759435333918280840 19 
1759435333918280848 12 
1759435333918280864 15 
1759435333918280896 46 
1759435333918283176 11 13 
1759435334000000016 32 
1759435334000019944 34 
1759435334078280912 26 
1759435334238280928 26 
1759435334398280944 26 
1759435334558280960 26 
1759435334646298360 1 
1759435334682570240 3 
1759435334712935424 1 
1759435334712935432 9 
1759435334712935448 14 
1759435334712949416 2 
1759435334713267632 37 
1759435334713268808 6 
1759435334713268816 7 
1759435334713270808 5 
1759435334713270816 6 
1759435334713271632 38 
1759435334713272816 7 
1759435334713273696 8 10 
1759435334718280976 26 
1759435334749203512 3 
1759435334779568680 1 
1759435334779568688 9 
1759435334779568704 14 
1759435334779582688 2 
1759435334779900888 37 
1759435334779902064 6 
1759435334779902072 7 
1759435334779904064 5 
1759435334779904072 6 
1759435334779904888 38 
1759435334779906072 7 
1759435334779906952 8 10 
1759435334815838784 3 
1759435334846203952 1 
1759435334846203960 9 
1759435334846203976 14 
1759435334846217952 2 
1759435334846536160 37 
1759435334846537336 6 
1759435334846537344 7 
1759435334846539336 5 
1759435334846539344 6 
1759435334846540160 38 
1759435334846541344 7 
1759435334846542224 8 10 
1759435334878280992 26 
1759435335000000016 32 
1759435335000019984 34 
1759435335038281008 26 
1759435335198281024 26 
1759435335358281040 26 
1759435335518281056 26 
1759435335645821000 1 
1759435335678281072 26 
1759435335682090784 3 
1759435335712455944 1 
1759435335712455952 9 
1759435335712455968 14 
1759435335712469952 2 
1759435335712788152 37 
1759435335712789328 6 
1759435335712789336 7 
1759435335712791328 5 
1759435335712791336 6 
1759435335712792152 38 
1759435335712793336 7 
1759435335712794216 8 10 
1759435335748728048 3 
1759435335779093232 1 
1759435335779093240 9 
1759435335779093256 14 
1759435335779107224 2 
1759435335779425440 37 
1759435335779426616 6 
1759435335779426624 7 
1759435335779428616 5 
1759435335779428624 6 
1759435335779429440 38 
1759435335779430624 7 
1759435335779431504 8 10 
1759435335815367416 3 
1759435335838281088 26 
1759435335845732592 1 
1759435335845732600 9 
1759435335845732616 14 
1759435335845746592 2 
1759435335846064800 37 
1759435335846065976 6 
1759435335846065984 7 
1759435335846067976 5 
1759435335846067984 6 
1759435335846068800 38 
1759435335846069984 7 
1759435335846070864 8 10 
1759435335998281104 26 
1759435336000000016 32 
1759435336000020024 34 
1759435336158281120 26 
1759435336318281136 26 
1759435336441108024 22 
1759435336478281152 26 
1759435336578723264 1 
1759435336638281168 26 
1759435336645361216 1 
1759435336645375224 2 
1759435336681630320 3 
1759435336711995496 1 
1759435336711995504 9 
1759435336711995520 14 
1759435336712009488 2 
1759435336712327704 37 
1759435336712328880 6 
1759435336712328888 7 
1759435336712330880 5 
1759435336712330888 6 
1759435336712331704 38 
1759435336712332888 7 
1759435336712333768 8 10 
1759435336748265688 3 
1759435336778630856 1 
1759435336778630864 9 
1759435336778630880 14 
1759435336778644856 2 
1759435336778963064 37 
1759435336778964240 6 
1759435336778964248 7 
1759435336778966240 5 
1759435336778966248 6 
1759435336778967064 38 
1759435336778968248 7 
1759435336778969128 8 10 
1759435336798281184 26 
1759435336814900952 3 
1759435336845266112 1 
1759435336845266120 9 
1759435336845266136 14 
1759435336845280128 2 
1759435336845598320 37 
1759435336845599496 6 
1759435336845599504 7 
1759435336845601496 5 
1759435336845601504 6 
1759435336845602320 38 
1759435336845603504 7 
1759435336845604384 8 10 
1759435336958281200 26 
1759435337000000016 32 
1759435337000019952 34 
1759435337118281216 26 
1759435337278281232 26 
1759435337438281248 26 
1759435337598281264 26 
1759435337644866072 1 
1759435337681138952 3 
1759435337711504112 1 
1759435337711504120 9 
1759435337711504136 14 
1759435337711518120 2 
1759435337711836320 37 
1759435337711837496 6 
1759435337711837504 7 
1759435337711839496 5 
1759435337711839504 6 
1759435337711840320 38 
1759435337711841504 7 
1759435337711842384 8 10 
1759435337747773216 3 
1759435337758281280 26 
1759435337778138384 1 
1759435337778138392 9 
1759435337778138408 14 
1759435337778152392 2 
1759435337778470592 37 
1759435337778471768 6 
1759435337778471776 7 
1759435337778473768 5 
1759435337778473776 6 
1759435337778474592 38 
1759435337778475776 7 
1759435337778476656 8 10 
1759435337814408488 3 
1759435337844773664 1 
1759435337844773672 9 
1759435337844773688 14 
1759435337844787664 2 
1759435337845105872 37 
1759435337845107048 6 
1759435337845107056 7 
1759435337845109048 5 
1759435337845109056 6 
1759435337845109872 38 
1759435337845111056 7 
1759435337845111936 8 10 
1759435337887419568 19 
1759435337887419576 12 
1759435337887419592 15 
1759435337887419624 46 
1759435337887421904 11 13 
1759435338000000016 32 
1759435338000019984 34 
1759435338047419640 26 
1759435338207419656 26 
1759435338367419672 26 
1759435338527419688 26 
1759435338644371712 1 
1759435338680644488 3 
1759435338687419704 26 
1759435338711009656 1 
1759435338711009664 9 
1759435338711009680 14 
1759435338711023656 2 
1759435338711341864 37 
1759435338711343040 6 
1759435338711343048 7 
1759435338711345040 5 
1759435338711345048 6 
1759435338711345864 38 
1759435338711347048 7 
1759435338711347928 8 10 
1759435338747279752 3 
1759435338777644920 1 
1759435338777644928 9 
1759435338777644944 14 
1759435338777658928 2 
1759435338777977128 37 
1759435338777978304 6 
1759435338777978312 7 
1759435338777980304 5 
1759435338777980312 6 
1759435338777981128 38 
1759435338777982312 7 
1759435338777983192 8 10 
1759435338813912120 3 
1759435338844277296 1 
1759435338844277304 9 
1759435338844277320 14 
1759435338844291296 2 
1759435338844609504 37 
1759435338844610680 6 
1759435338844610688 7 
1759435338844612680 5 
1759435338844612688 6 
1759435338844613504 38 
1759435338844614688 7 
1759435338844615568 8 10 
1759435338847419720 26 
1759435339000000016 32 
1759435339000020024 34 
1759435339007419736 26 
1759435339167419752 26 
1759435339327419768 26 
1759435339429397072 22 
1759435339487419784 26 
1759435339643885248 1 
1759435339647419800 26 
1759435339680157024 3 
1759435339710522200 1 
1759435339710522208 9 
1759435339710522224 14 
1759435339710536192 2 
1759435339710854408 37 
1759435339710855584 6 
1759435339710855592 7 
1759435339710857584 5 
1759435339710857592 6 
1759435339710858408 38 
1759435339710859592 7 
1759435339710860472 8 10 
1759435339746791392 3 
1759435339777156560 1 
1759435339777156568 9 
1759435339777156584 14 
1759435339777170560 2 
1759435339777488768 37 
1759435339777489944 6 
1759435339777489952 7 
1759435339777491944 5 
1759435339777491952 6 
1759435339777492768 38 
1759435339777493952 7 
1759435339777494832 8 10 
1759435339807419816 26 
1759435339813424656 3 
1759435339843789840 1 
1759435339843789848 9 
1759435339843789864 14 
1759435339843803832 2 
1759435339844122048 37 
1759435339844123224 6 
1759435339844123232 7 
1759435339844125224 5 
1759435339844125232 6 
1759435339844126048 38 
1759435339844127232 7 
1759435339844128112 8 10 
1759435339967419832 26 
1759435340000000016 32 
1759435340000019960 34 
1759435340127419848 26 
1759435340287419864 26 
1759435340447419880 26 
1759435340478568336 19 
1759435340478568344 12 
1759435340478568360 15 
1759435340478568392 46 
1759435340478570672 11 13 
1759435340638568408 26 
1759435340643387776 1 
1759435340679659656 3 
1759435340710024832 1 
1759435340710024840 9 
1759435340710024856 14 
1759435340710038832 2 
1759435340710357040 37 
1759435340710358216 6 
1759435340710358224 7 
1759435340710360216 5 
1759435340710360224 6 
1759435340710361040 38 
1759435340710362224 7 
1759435340710363104 8 10 
1759435340746294928 3 
1759435340776660088 1 
1759435340776660096 9 
1759435340776660112 14 
1759435340776674096 2 
1759435340776992296 37 
1759435340776993472 6 
1759435340776993480 7 
1759435340776995472 5 
1759435340776995480 6 
1759435340776996296 38 
1759435340776997480 7 
1759435340776998360 8 10 
1759435340798568424 26 
1759435340812927192 3 
1759435340843292368 1 
1759435340843292376 9 
1759435340843292392 14 
1759435340843306368 2 
1759435340843624576 37 
1759435340843625752 6 
1759435340843625760 7 
1759435340843627752 5 
1759435340843627760 6 
1759435340843628576 38 
1759435340843629760 7 
1759435340843630640 8 10 
1759435340958568440 26 
1759435341000000016 32 
1759435341000019992 34 
1759435341118568456 26 
1759435341278568472 26 
1759435341438568488 26 
1759435341598568504 26 
1759435341642884424 1 
1759435341679157192 3 
1759435341709522352 1 
1759435341709522360 9 
1759435341709522376 14 
1759435341709536360 2 
1759435341709854560 37 
1759435341709855736 6 
1759435341709855744 7 
1759435341709857736 5 
1759435341709857744 6 
1759435341709858560 38 
1759435341709859744 7 
1759435341709860624 8 10 
1759435341745791464 3 
1759435341758568520 26 
1759435341776156632 1 
1759435341776156640 9 
1759435341776156656 14 
1759435341776170632 2 
