0 1759437580737939360 5
1 1759437580737939368 6
2 1759437580737940184 38
3 1759437580737941368 7
4 1759437580737942248 8
5 1759437580737942248 10
6 1759437580809369200 26
7 1759437580969369216 26
8 1759437581000000016 32
9 1759437581000019960 34
10 1759437581129369232 26
11 1759437581289369248 26
12 1759437581449369264 26
13 1759437581537607936 1
14 1759437581573916800 3
15 1759437581604281968 1
16 1759437581604281976 9
17 1759437581604281992 14
18 1759437581604295976 2
19 1759437581604614176 37
20 1759437581604615352 6
21 1759437581604615360 7
22 1759437581604617352 5
23 1759437581604617360 6
24 1759437581604618176 38
25 1759437581604619360 7
26 1759437581604620240 8
27 1759437581604620240 10
28 1759437581609369280 26
29 1759437581640584072 3
30 1759437581670949240 1
31 1759437581670949248 9
32 1759437581670949264 14
33 1759437581670963240 2
34 1759437581671281448 37
35 1759437581671282624 6
36 1759437581671282632 7
37 1759437581671284624 5
38 1759437581671284632 6
39 1759437581671285448 38
40 1759437581671286632 7
41 1759437581671287512 8
42 1759437581671287512 10
43 1759437581707253440 3
44 1759437581737618600 1
45 1759437581737618608 9
46 1759437581737618624 14
47 1759437581737632608 2
48 1759437581737950808 37
49 1759437581737951984 6
50 1759437581737951992 7
51 1759437581737953984 5
52 1759437581737953992 6
53 1759437581737954808 38
54 1759437581737955992 7
55 1759437581737956872 8
56 1759437581737956872 10
57 1759437581769369296 26
58 1759437581929369312 26
59 1759437582000000016 32
60 1759437582000019984 34
61 1759437582089369328 26
62 1759437582249369344 26
63 1759437582409369360 26
64 1759437582537643560 1
65 1759437582569369376 26
66 1759437582573949328 3
67 1759437582604314504 1
68 1759437582604314512 9
69 1759437582604314528 14
70 1759437582604328504 2
71 1759437582604646712 37
72 1759437582604647888 6
73 1759437582604647896 7
74 1759437582604649888 5
75 1759437582604649896 6
76 1759437582604650712 38
77 1759437582604651896 7
78 1759437582604652776 8
79 1759437582604652776 10
80 1759437582640616696 3
81 1759437582670981864 1
82 1759437582670981872 9
83 1759437582670981888 14
84 1759437582670995872 2
85 1759437582671314072 37
86 1759437582671315248 6
87 1759437582671315256 7
88 1759437582671317248 5
89 1759437582671317256 6
90 1759437582671318072 38
91 1759437582671319256 7
92 1759437582671320136 8
93 1759437582671320136 10
94 1759437582707287968 3
95 1759437582729369392 26
96 1759437582737653136 1
97 1759437582737653144 9
98 1759437582737653160 14
99 1759437582737667144 2
100 1759437582737985344 37
101 1759437582737986520 6
102 1759437582737986528 7
103 1759437582737988520 5
104 1759437582737988528 6
105 1759437582737989344 38
106 1759437582737990528 7
107 1759437582737991408 8
108 1759437582737991408 10
109 1759437582889369408 26
110 1759437583000000016 32
111 1759437583000020016 34
112 1759437583049369424 26
113 1759437583209369440 26
114 1759437583369369456 26
115 1759437583428674144 13
116 1759437583537694088 1
117 1759437583574002960 3
118 1759437583588671880 26
119 1759437583604368128 1
120 1759437583604368136 9
121 1759437583604368152 14
122 1759437583604382128 2
123 1759437583604700336 37
124 1759437583604701512 6
125 1759437583604701520 7
126 1759437583604703512 5
127 1759437583604703520 6
128 1759437583604704336 38
129 1759437583604705520 7
130 1759437583604706400 8
131 1759437583604706400 10
132 1759437583634472120 22
133 1759437583640672224 3
134 1759437583671037400 1
135 1759437583671037408 9
136 1759437583671037424 14
137 1759437583671051400 2
138 1759437583671369608 37
139 1759437583671370784 6
140 1759437583671370792 7
141 1759437583671372784 5
142 1759437583671372792 6
143 1759437583671373608 38
144 1759437583671374792 7
145 1759437583671375672 8
146 1759437583671375672 10
147 1759437583707347496 3
148 1759437583737712656 1
149 1759437583737712664 9
150 1759437583737712680 14
151 1759437583737726664 2
152 1759437583738044864 37
153 1759437583738046040 6
154 1759437583738046048 7
155 1759437583738048040 5
156 1759437583738048048 6
157 1759437583738048864 38
158 1759437583738050048 7
159 1759437583738050928 8
160 1759437583738050928 10
161 1759437583748671896 26
162 1759437583908671912 26
163 1759437584000000016 32
164 1759437584000020040 34
165 1759437584068671928 26
166 1759437584228671944 26
167 1759437584388671960 26
168 1759437584537768712 1
169 1759437584548671976 26
170 1759437584574083480 3
171 1759437584604448648 1
172 1759437584604448656 9
173 1759437584604448672 14
174 1759437584604462656 2
175 1759437584604780856 37
176 1759437584604782032 6
177 1759437584604782040 7
178 1759437584604784032 5
179 1759437584604784040 6
180 1759437584604784856 38
181 1759437584604786040 7
182 1759437584604786920 8
183 1759437584604786920 10
184 1759437584640753856 3
185 1759437584671119032 1
186 1759437584671119040 9
187 1759437584671119056 14
188 1759437584671133024 2
189 1759437584671451240 37
190 1759437584671452416 6
191 1759437584671452424 7
192 1759437584671454416 5
193 1759437584671454424 6
194 1759437584671455240 38
195 1759437584671456424 7
196 1759437584671457304 8
197 1759437584671457304 10
198 1759437584707425120 3
199 1759437584708671992 26
200 1759437584737790280 1
201 1759437584737790288 9
202 1759437584737790304 14
203 1759437584737804296 2
204 1759437584738122488 37
205 1759437584738123664 6
206 1759437584738123672 7
207 1759437584738125664 5
208 1759437584738125672 6
209 1759437584738126488 38
210 1759437584738127672 7
211 1759437584738128552 8
212 1759437584738128552 10
213 1759437584868672008 26
214 1759437585000000016 32
215 1759437585000019968 34
216 1759437585028672024 26
217 1759437585188672040 26
218 1759437585348672056 26
219 1759437585508672072 26
220 1759437585537873240 1
221 1759437585574188112 3
222 1759437585604553280 1
223 1759437585604553288 9
224 1759437585604553304 14
225 1759437585604567280 2
226 1759437585604885488 37
227 1759437585604886664 6
228 1759437585604886672 7
229 1759437585604888664 5
230 1759437585604888672 6
231 1759437585604889488 38
232 1759437585604890672 7
233 1759437585604891552 8
234 1759437585604891552 10
235 1759437585640861376 3
236 1759437585668672088 26
237 1759437585671226544 1
238 1759437585671226552 9
239 1759437585671226568 14
240 1759437585671240552 2
241 1759437585671558752 37
242 1759437585671559928 6
243 1759437585671559936 7
244 1759437585671561928 5
245 1759437585671561936 6
246 1759437585671562752 38
247 1759437585671563936 7
248 1759437585671564816 8
249 1759437585671564816 10
250 1759437585707536648 3
251 1759437585737901816 1
252 1759437585737901824 9
253 1759437585737901840 14
254 1759437585737915824 2
255 1759437585738234024 37
256 1759437585738235200 6
257 1759437585738235208 7
258 1759437585738237200 5
259 1759437585738237208 6
260 1759437585738238024 38
261 1759437585738239208 7
262 1759437585738240088 8
263 1759437585738240088 10
264 1759437585828672104 26
265 1759437585988672120 26
266 1759437586000000016 32
267 1759437586000020000 34
268 1759437586148672136 26
269 1759437586308672152 26
270 1759437586468672168 26
271 1759437586471321488 1
272 1759437586478016408 13
273 1759437586538000528 1
274 1759437586538014544 2
275 1759437586574311640 3
276 1759437586604676808 1
277 1759437586604676816 9
278 1759437586604676832 14
279 1759437586604690808 2
280 1759437586605009016 37
281 1759437586605010192 6
282 1759437586605010200 7
283 1759437586605012192 5
284 1759437586605012200 6
285 1759437586605013016 38
286 1759437586605014200 7
287 1759437586605015080 8
288 1759437586605015080 10
289 1759437586622761168 22
290 1759437586638014144 26
291 1759437586640985904 3
292 1759437586671351072 1
293 1759437586671351080 9
294 1759437586671351096 14
295 1759437586671365080 2
296 1759437586671683280 37
297 1759437586671684456 6
298 1759437586671684464 7
299 1759437586671686456 5
300 1759437586671686464 6
301 1759437586671687280 38
302 1759437586671688464 7
303 1759437586671689344 8
304 1759437586671689344 10
305 1759437586707661280 3
306 1759437586738026456 1
307 1759437586738026464 9
308 1759437586738026480 14
309 1759437586738040448 2
310 1759437586738358664 37
311 1759437586738359840 6
312 1759437586738359848 7
313 1759437586738361840 5
314 1759437586738361848 6
315 1759437586738362664 38
316 1759437586738363848 7
317 1759437586738364728 8
318 1759437586738364728 10
319 1759437586798014160 26
320 1759437586958014176 26
321 1759437587000000016 32
322 1759437587000020024 34
323 1759437587118014192 26
324 1759437587278014208 26
325 1759437587438014224 26
326 1759437587538136400 1
327 1759437587574451264 3
328 1759437587598014240 26
329 1759437587604816440 1
330 1759437587604816448 9
331 1759437587604816464 14
332 1759437587604830440 2
333 1759437587605148648 37
334 1759437587605149824 6
335 1759437587605149832 7
336 1759437587605151824 5
337 1759437587605151832 6
338 1759437587605152648 38
339 1759437587605153832 7
340 1759437587605154712 8
341 1759437587605154712 10
342 1759437587641124536 3
343 1759437587671489696 1
344 1759437587671489704 9
345 1759437587671489720 14
346 1759437587671503704 2
347 1759437587671821904 37
348 1759437587671823080 6
349 1759437587671823088 7
350 1759437587671825080 5
351 1759437587671825088 6
352 1759437587671825904 38
353 1759437587671827088 7
354 1759437587671827968 8
355 1759437587671827968 10
356 1759437587707800800 3
357 1759437587738165976 1
358 1759437587738165984 9
359 1759437587738166000 14
360 1759437587738179976 2
361 1759437587738498184 37
362 1759437587738499360 6
363 1759437587738499368 7
364 1759437587738501360 5
365 1759437587738501368 6
366 1759437587738502184 38
367 1759437587738503368 7
368 1759437587738504248 8
369 1759437587738504248 10
370 1759437587758014256 26
371 1759437587918014272 26
372 1759437588000000016 32
373 1759437588000019952 34
374 1759437588078014288 26
375 1759437588238014304 26
376 1759437588398014320 26
377 1759437588538279016 1
378 1759437588558014336 26
379 1759437588574594792 3
380 1759437588604959968 1
381 1759437588604959976 9
382 1759437588604959992 14
383 1759437588604973968 2
384 1759437588605292176 37
385 1759437588605293352 6
386 1759437588605293360 7
387 1759437588605295352 5
388 1759437588605295360 6
389 1759437588605296176 38
390 1759437588605297360 7
391 1759437588605298240 8
392 1759437588605298240 10
393 1759437588641271064 3
394 1759437588671636232 1
395 1759437588671636240 9
396 1759437588671636256 14
397 1759437588671650232 2
398 1759437588671968440 37
399 1759437588671969616 6
400 1759437588671969624 7
401 1759437588671971616 5
402 1759437588671971624 6
403 1759437588671972440 38
404 1759437588671973624 7
405 1759437588671974504 8
406 1759437588671974504 10
407 1759437588707950432 3
408 1759437588718014352 26
409 1759437588738315600 1
410 1759437588738315608 9
411 1759437588738315624 14
412 1759437588738329608 2
413 1759437588738647808 37
414 1759437588738648984 6
415 1759437588738648992 7
416 1759437588738650984 5
417 1759437588738650992 6
418 1759437588738651808 38
419 1759437588738652992 7
420 1759437588738653872 8
421 1759437588738653872 10
422 1759437588878014368 26
423 1759437588917517712 13
424 1759437589000000016 32
425 1759437589000019984 34
426 1759437589077515448 26
427 1759437589237515464 26
428 1759437589397515480 26
429 1759437589538444544 1
430 1759437589557515496 26
431 1759437589574761320 3
432 1759437589605126488 1
433 1759437589605126496 9
434 1759437589605126512 14
435 1759437589605140496 2
436 1759437589605458696 37
437 1759437589605459872 6
438 1759437589605459880 7
439 1759437589605461872 5
440 1759437589605461880 6
441 1759437589605462696 38
442 1759437589605463880 7
443 1759437589605464760 8
444 1759437589605464760 10
445 1759437589611050216 22
446 1759437589641439696 3
447 1759437589671804848 1
448 1759437589671804856 9
449 1759437589671804872 14
450 1759437589671818864 2
451 1759437589672137056 37
452 1759437589672138232 6
453 1759437589672138240 7
454 1759437589672140232 5
455 1759437589672140240 6
456 1759437589672141056 38
457 1759437589672142240 7
458 1759437589672143120 8
459 1759437589672143120 10
460 1759437589708112960 3
461 1759437589717515512 26
462 1759437589738478128 1
463 1759437589738478136 9
464 1759437589738478152 14
465 1759437589738492136 2
466 1759437589738810336 37
467 1759437589738811512 6
468 1759437589738811520 7
469 1759437589738813512 5
470 1759437589738813520 6
471 1759437589738814336 38
472 1759437589738815520 7
473 1759437589738816400 8
474 1759437589738816400 10
475 1759437589877515528 26
476 1759437590000000016 32
477 1759437590000020008 34
478 1759437590037515544 26
479 1759437590197515560 26
480 1759437590357515576 26
481 1759437590517515592 26
482 1759437590538613184 1
483 1759437590574930952 3
484 1759437590605296128 1
485 1759437590605296136 9
486 1759437590605296152 14
487 1759437590605310128 2
488 1759437590605628336 37
489 1759437590605629512 6
490 1759437590605629520 7
491 1759437590605631512 5
492 1759437590605631520 6
493 1759437590605632336 38
494 1759437590605633520 7
495 1759437590605634400 8
496 1759437590605634400 10
497 1759437590641612224 3
498 1759437590671977392 1
499 1759437590671977400 9
500 1759437590671977416 14
501 1759437590671991392 2
502 1759437590672309600 37
503 1759437590672310776 6
504 1759437590672310784 7
505 1759437590672312776 5
506 1759437590672312784 6
507 1759437590672313600 38
508 1759437590672314784 7
509 1759437590672315664 8
510 1759437590672315664 10
511 1759437590677515608 26
512 1759437590708290592 3
513 1759437590738655760 1
514 1759437590738655768 9
515 1759437590738655784 14
516 1759437590738669760 2
517 1759437590738987968 37
518 1759437590738989144 6
519 1759437590738989152 7
520 1759437590738991144 5
521 1759437590738991152 6
522 1759437590738991968 38
523 1759437590738993152 7
524 1759437590738994032 8
525 1759437590738994032 10
526 1759437590837515624 26
527 1759437590997515640 26
528 1759437591000000016 32
529 1759437591000020040 34
530 1759437591157515656 26
531 1759437591288038176 13
532 1759437591448035912 26
533 1759437591538791712 1
534 1759437591575106480 3
535 1759437591605471648 1
536 1759437591605471656 9
537 1759437591605471672 14
538 1759437591605485656 2
539 1759437591605803856 37
540 1759437591605805032 6
541 1759437591605805040 7
542 1759437591605807032 5
543 1759437591605807040 6
544 1759437591605807856 38
545 1759437591605809040 7
546 1759437591605809920 8
547 1759437591605809920 10
548 1759437591608035928 26
549 1759437591641784848 3
550 1759437591672150016 1
551 1759437591672150024 9
552 1759437591672150040 14
553 1759437591672164024 2
554 1759437591672482224 37
555 1759437591672483400 6
556 1759437591672483408 7
557 1759437591672485400 5
558 1759437591672485408 6
559 1759437591672486224 38
560 1759437591672487408 7
561 1759437591672488288 8
562 1759437591672488288 10
563 1759437591708466120 3
564 1759437591738831280 1
565 1759437591738831288 9
566 1759437591738831304 14
567 1759437591738845288 2
568 1759437591739163488 37
569 1759437591739164664 6
570 1759437591739164672 7
571 1759437591739166664 5
572 1759437591739166672 6
573 1759437591739167488 38
574 1759437591739168672 7
575 1759437591739169552 8
576 1759437591739169552 10
577 1759437591768035944 26
578 1759437591928035960 26
579 1759437592000000016 32
580 1759437592000019968 34
581 1759437592088035976 26
582 1759437592248035992 26
583 1759437592408036008 26
584 1759437592538973240 1
585 1759437592568036024 26
586 1759437592575292104 3
587 1759437592599339264 22
588 1759437592605657288 1
589 1759437592605657296 9
590 1759437592605657312 14
591 1759437592605671280 2
592 1759437592605989496 37
593 1759437592605990672 6
594 1759437592605990680 7
595 1759437592605992672 5
596 1759437592605992680 6
597 1759437592605993496 38
598 1759437592605994680 7
599 1759437592605995560 8
600 1759437592605995560 10
601 1759437592641970376 3
602 1759437592672335552 1
603 1759437592672335560 9
604 1759437592672335576 14
605 1759437592672349552 2
606 1759437592672667760 37
607 1759437592672668936 6
608 1759437592672668944 7
609 1759437592672670936 5
610 1759437592672670944 6
611 1759437592672671760 38
612 1759437592672672944 7
613 1759437592672673824 8
614 1759437592672673824 10
615 1759437592708652744 3
616 1759437592728036040 26
617 1759437592739017920 1
618 1759437592739017928 9
619 1759437592739017944 14
620 1759437592739031920 2
621 1759437592739350128 37
622 1759437592739351304 6
623 1759437592739351312 7
624 1759437592739353304 5
625 1759437592739353312 6
626 1759437592739354128 38
627 1759437592739355312 7
628 1759437592739356192 8
629 1759437592739356192 10
630 1759437592888036056 26
631 1759437593000000016 32
632 1759437593000019992 34
633 1759437593048036072 26
634 1759437593208036088 26
635 1759437593368036104 26
636 1759437593528036120 26
637 1759437593539170848 1
638 1759437593575488640 3
639 1759437593605853808 1
640 1759437593605853816 9
641 1759437593605853832 14
642 1759437593605867808 2
643 1759437593606186016 37
644 1759437593606187192 6
645 1759437593606187200 7
646 1759437593606189192 5
647 1759437593606189200 6
648 1759437593606190016 38
649 1759437593606191200 7
650 1759437593606192080 8
651 1759437593606192080 10
652 1759437593642170008 3
653 1759437593672535184 1
654 1759437593672535192 9
655 1759437593672535208 14
656 1759437593672549176 2
657 1759437593672867392 37
658 1759437593672868568 6
659 1759437593672868576 7
660 1759437593672870568 5
661 1759437593672870576 6
662 1759437593672871392 38
663 1759437593672872576 7
664 1759437593672873456 8
665 1759437593672873456 10
666 1759437593688036136 26
667 1759437593708849272 3
668 1759437593739214448 1
669 1759437593739214456 9
670 1759437593739214472 14
671 1759437593739228448 2
672 1759437593739546656 37
673 1759437593739547832 6
674 1759437593739547840 7
675 1759437593739549832 5
676 1759437593739549840 6
677 1759437593739550656 38
678 1759437593739551840 7
679 1759437593739552720 8
680 1759437593739552720 10
681 1759437593762506936 13
682 1759437593922504672 26
683 1759437594000000016 32
684 1759437594000020024 34
685 1759437594082504688 26
686 1759437594242504704 26
687 1759437594402504720 26
688 1759437594539361392 1
689 1759437594562504736 26
690 1759437594575679264 3
691 1759437594606044432 1
692 1759437594606044440 9
693 1759437594606044456 14
694 1759437594606058432 2
695 1759437594606376640 37
696 1759437594606377816 6
697 1759437594606377824 7
698 1759437594606379816 5
699 1759437594606379824 6
700 1759437594606380640 38
701 1759437594606381824 7
702 1759437594606382704 8
703 1759437594606382704 10
704 1759437594642359528 3
705 1759437594672724696 1
706 1759437594672724704 9
707 1759437594672724720 14
708 1759437594672738704 2
709 1759437594673056904 37
710 1759437594673058080 6
711 1759437594673058088 7
712 1759437594673060080 5
713 1759437594673060088 6
714 1759437594673060904 38
715 1759437594673062088 7
716 1759437594673062968 8
717 1759437594673062968 10
718 1759437594709037896 3
719 1759437594722504752 26
720 1759437594739403064 1
721 1759437594739403072 9
722 1759437594739403088 14
723 1759437594739417072 2
724 1759437594739735272 37
725 1759437594739736448 6
726 1759437594739736456 7
727 1759437594739738448 5
728 1759437594739738456 6
729 1759437594739739272 38
730 1759437594739740456 7
731 1759437594739741336 8
732 1759437594739741336 10
733 1759437594882504768 26
734 1759437595000000016 32
735 1759437595000019944 34
736 1759437595042504784 26
737 1759437595202504800 26
738 1759437595362504816 26
739 1759437595522504832 26
740 1759437595539538016 1
741 1759437595575857784 3
742 1759437595587628312 22
743 1759437595606222960 1
744 1759437595606222968 9
745 1759437595606222984 14
746 1759437595606236960 2
747 1759437595606555168 37
748 1759437595606556344 6
749 1759437595606556352 7
750 1759437595606558344 5
751 1759437595606558352 6
752 1759437595606559168 38
753 1759437595606560352 7
754 1759437595606561232 8
755 1759437595606561232 10
756 1759437595642536152 3
757 1759437595672901328 1
758 1759437595672901336 9
759 1759437595672901352 14
760 1759437595672915328 2
761 1759437595673233536 37
762 1759437595673234712 6
763 1759437595673234720 7
764 1759437595673236712 5
765 1759437595673236720 6
766 1759437595673237536 38
767 1759437595673238720 7
768 1759437595673239600 8
769 1759437595673239600 10
770 1759437595682504848 26
771 1759437595709215424 3
772 1759437595739580584 1
773 1759437595739580592 9
774 1759437595739580608 14
775 1759437595739594592 2
776 1759437595739912792 37
777 1759437595739913968 6
778 1759437595739913976 7
779 1759437595739915968 5
780 1759437595739915976 6
781 1759437595739916792 38
782 1759437595739917976 7
783 1759437595739918856 8
784 1759437595739918856 10
785 1759437595842504864 26
786 1759437596000000016 32
787 1759437596000019968 34
788 1759437596002504880 26
789 1759437596162504896 26
790 1759437596322504912 26
791 1759437596473033272 1
792 1759437596482504928 26
793 1759437596539715208 1
794 1759437596539729216 2
795 1759437596576029408 3
796 1759437596606394584 1
797 1759437596606394592 9
798 1759437596606394608 14
799 1759437596606408584 2
800 1759437596606726792 37
801 1759437596606727968 6
802 1759437596606727976 7
803 1759437596606729968 5
804 1759437596606729976 6
805 1759437596606730792 38
806 1759437596606731976 7
807 1759437596606732856 8
808 1759437596606732856 10
809 1759437596642504944 26
810 1759437596642706680 3
811 1759437596673071840 1
812 1759437596673071848 9
813 1759437596673071864 14
814 1759437596673085848 2
815 1759437596673404048 37
816 1759437596673405224 6
817 1759437596673405232 7
818 1759437596673407224 5
819 1759437596673407232 6
820 1759437596673408048 38
821 1759437596673409232 7
822 1759437596673410112 8
823 1759437596673410112 10
824 1759437596709387048 3
825 1759437596739752208 1
826 1759437596739752216 9
827 1759437596739752232 14
828 1759437596739766216 2
829 1759437596740084416 37
830 1759437596740085592 6
831 1759437596740085600 7
832 1759437596740087592 5
833 1759437596740087600 6
834 1759437596740088416 38
835 1759437596740089600 7
836 1759437596740090480 8
837 1759437596740090480 10
838 1759437596802504960 26
839 1759437596830159304 13
840 1759437596990157040 26
841 1759437597000000016 32
842 1759437597000019992 34
843 1759437597150157056 26
844 1759437597310157072 26
845 1759437597470157088 26
846 1759437597539888160 1
847 1759437597576203936 3
848 1759437597606569104 1
849 1759437597606569112 9
850 1759437597606569128 14
851 1759437597606583104 2
852 1759437597606901312 37
853 1759437597606902488 6
854 1759437597606902496 7
855 1759437597606904488 5
856 1759437597606904496 6
857 1759437597606905312 38
858 1759437597606906496 7
859 1759437597606907376 8
860 1759437597606907376 10
861 1759437597630157104 26
862 1759437597642881304 3
863 1759437597673246464 1
864 1759437597673246472 9
865 1759437597673246488 14
866 1759437597673260472 2
867 1759437597673578672 37
868 1759437597673579848 6
869 1759437597673579856 7
870 1759437597673581848 5
871 1759437597673581856 6
872 1759437597673582672 38
873 1759437597673583856 7
874 1759437597673584736 8
875 1759437597673584736 10
876 1759437597709556568 3
877 1759437597739921744 1
878 1759437597739921752 9
879 1759437597739921768 14
880 1759437597739935744 2
881 1759437597740253952 37
882 1759437597740255128 6
883 1759437597740255136 7
884 1759437597740257128 5
885 1759437597740257136 6
886 1759437597740257952 38
887 1759437597740259136 7
888 1759437597740260016 8
889 1759437597740260016 10
890 1759437597790157120 26
891 1759437597950157136 26
892 1759437598000000016 32
893 1759437598000020024 34
894 1759437598110157152 26
895 1759437598270157168 26
896 1759437598430157184 26
897 1759437598540037680 1
898 1759437598575917360 22
899 1759437598576353560 3
900 1759437598590157200 26
901 1759437598606718720 1
902 1759437598606718728 9
903 1759437598606718744 14
904 1759437598606732736 2
905 1759437598607050928 37
906 1759437598607052104 6
907 1759437598607052112 7
908 1759437598607054104 5
909 1759437598607054112 6
910 1759437598607054928 38
911 1759437598607056112 7
912 1759437598607056992 8
913 1759437598607056992 10
914 1759437598643026832 3
915 1759437598673392000 1
916 1759437598673392008 9
917 1759437598673392024 14
918 1759437598673406000 2
919 1759437598673724208 37
920 1759437598673725384 6
921 1759437598673725392 7
922 1759437598673727384 5
923 1759437598673727392 6
924 1759437598673728208 38
925 1759437598673729392 7
926 1759437598673730272 8
927 1759437598673730272 10
928 1759437598709705096 3
929 1759437598740070264 1
930 1759437598740070272 9
931 1759437598740070288 14
932 1759437598740084272 2
933 1759437598740402472 37
934 1759437598740403648 6
935 1759437598740403656 7
936 1759437598740405648 5
937 1759437598740405656 6
938 1759437598740406472 38
939 1759437598740407656 7
940 1759437598740408536 8
941 1759437598740408536 10
942 1759437598750157216 26
943 1759437598910157232 26
944 1759437599000000016 32
945 1759437599000019944 34
946 1759437599070157248 26
947 1759437599230157264 26
948 1759437599390157280 26
949 1759437599540177312 1
950 1759437599550157296 26
951 1759437599576489088 3
952 1759437599606854264 1
953 1759437599606854272 9
954 1759437599606854288 14
955 1759437599606868256 2
956 1759437599607186472 37
957 1759437599607187648 6
958 1759437599607187656 7
959 1759437599607189648 5
960 1759437599607189656 6
961 1759437599607190472 38
962 1759437599607191656 7
963 1759437599607192536 8
964 1759437599607192536 10
965 1759437599643167456 3
966 1759437599666358288 13
967 1759437599673532624 1
968 1759437599673532632 9
969 1759437599673532648 14
970 1759437599673546624 2
971 1759437599673864832 37
972 1759437599673866008 6
973 1759437599673866016 7
974 1759437599673868008 5
975 1759437599673868016 6
976 1759437599673868832 38
977 1759437599673870016 7
978 1759437599673870896 8
979 1759437599673870896 10
980 1759437599709835728 3
981 1759437599740200896 1
982 1759437599740200904 9
983 1759437599740200920 14
984 1759437599740214896 2
985 1759437599740533104 37
986 1759437599740534280 6
987 1759437599740534288 7
988 1759437599740536280 5
989 1759437599740536288 6
990 1759437599740537104 38
991 1759437599740538288 7
992 1759437599740539168 8
993 1759437599740539168 10
994 1759437599826356024 26
995 1759437599986356040 26
996 1759437600000000016 32
997 1759437600000019976 34
998 1759437600146356056 26
999 1759437600306356072 26
1000 1759437600466356088 26
1001 1759437600540314832 1
1002 1759437600576629712 3
1003 1759437600606994888 1
1004 1759437600606994896 9
1005 1759437600606994912 14
1006 1759437600607008888 2
1007 1759437600607327096 37
1008 1759437600607328272 6
1009 1759437600607328280 7
1010 1759437600607330272 5
1011 1759437600607330280 6
1012 1759437600607331096 38
1013 1759437600607332280 7
1014 1759437600607333160 8
1015 1759437600607333160 10
1016 1759437600626356104 26
1017 1759437600643302984 3
1018 1759437600673668152 1
1019 1759437600673668160 9
1020 1759437600673668176 14
1021 1759437600673682152 2
1022 1759437600674000360 37
1023 1759437600674001536 6
1024 1759437600674001544 7
1025 1759437600674003536 5
1026 1759437600674003544 6
1027 1759437600674004360 38
1028 1759437600674005544 7
1029 1759437600674006424 8
1030 1759437600674006424 10
1031 1759437600709980248 3
1032 1759437600740345408 1
1033 1759437600740345416 9
1034 1759437600740345432 14
1035 1759437600740359424 2
1036 1759437600740677616 37
1037 1759437600740678792 6
1038 1759437600740678800 7
1039 1759437600740680792 5
1040 1759437600740680800 6
1041 1759437600740681616 38
1042 1759437600740682800 7
1043 1759437600740683680 8
1044 1759437600740683680 10
1045 1759437600786356120 26
1046 1759437600946356136 26
1047 1759437601000000016 32
1048 1759437601000020000 34
1049 1759437601106356152 26
1050 1759437601266356168 26
1051 1759437601426356184 26
1052 1759437601540442472 1
1053 1759437601564206408 22
1054 1759437601576758240 3
1055 1759437601586356200 26
1056 1759437601607123408 1
1057 1759437601607123416 9
1058 1759437601607123432 14
1059 1759437601607137416 2
1060 1759437601607455616 37
1061 1759437601607456792 6
1062 1759437601607456800 7
1063 1759437601607458792 5
1064 1759437601607458800 6
1065 1759437601607459616 38
1066 1759437601607460800 7
1067 1759437601607461680 8
1068 1759437601607461680 10
1069 1759437601643435608 3
1070 1759437601673800776 1
1071 1759437601673800784 9
1072 1759437601673800800 14
1073 1759437601673814784 2
1074 1759437601674132984 37
1075 1759437601674134160 6
1076 1759437601674134168 7
1077 1759437601674136160 5
1078 1759437601674136168 6
1079 1759437601674136984 38
1080 1759437601674138168 7
1081 1759437601674139048 8
1082 1759437601674139048 10
1083 1759437601710112880 3
1084 1759437601740478056 1
1085 1759437601740478064 9
1086 1759437601740478080 14
1087 1759437601740492048 2
1088 1759437601740810264 37
1089 1759437601740811440 6
1090 1759437601740811448 7
1091 1759437601740813440 5
1092 1759437601740813448 6
1093 1759437601740814264 38
1094 1759437601740815448 7
1095 1759437601740816328 8
1096 1759437601740816328 10
1097 1759437601746356216 26
1098 1759437601906356232 26
1099 1759437602000000016 32
1100 1759437602000020032 34
1101 1759437602066356248 26
1102 1759437602226356264 26
1103 1759437602366381960 13
1104 1759437602526379696 26
1105 1759437602540588000 1
1106 1759437602576908872 3
1107 1759437602607274048 1
1108 1759437602607274056 9
1109 1759437602607274072 14
1110 1759437602607288040 2
1111 1759437602607606256 37
1112 1759437602607607432 6
1113 1759437602607607440 7
1114 1759437602607609432 5
1115 1759437602607609440 6
1116 1759437602607610256 38
1117 1759437602607611440 7
1118 1759437602607612320 8
1119 1759437602607612320 10
1120 1759437602643583144 3
1121 1759437602673948304 1
1122 1759437602673948312 9
1123 1759437602673948328 14
1124 1759437602673962312 2
1125 1759437602674280512 37
1126 1759437602674281688 6
1127 1759437602674281696 7
1128 1759437602674283688 5
1129 1759437602674283696 6
1130 1759437602674284512 38
1131 1759437602674285696 7
1132 1759437602674286576 8
1133 1759437602674286576 10
1134 1759437602686379712 26
1135 1759437602710261408 3
1136 1759437602740626568 1
1137 1759437602740626576 9
1138 1759437602740626592 14
1139 1759437602740640584 2
1140 1759437602740958776 37
1141 1759437602740959952 6
1142 1759437602740959960 7
1143 1759437602740961952 5
1144 1759437602740961960 6
1145 1759437602740962776 38
1146 1759437602740963960 7
1147 1759437602740964840 8
1148 1759437602740964840 10
1149 1759437602846379728 26
1150 1759437603000000016 32
1151 1759437603000019960 34
1152 1759437603006379744 26
1153 1759437603166379760 26
1154 1759437603326379776 26
1155 1759437603486379792 26
1156 1759437603540747632 1
1157 1759437603577061400 3
1158 1759437603607426568 1
1159 1759437603607426576 9
1160 1759437603607426592 14
1161 1759437603607440576 2
1162 1759437603607758776 37
1163 1759437603607759952 6
1164 1759437603607759960 7
1165 1759437603607761952 5
1166 1759437603607761960 6
1167 1759437603607762776 38
1168 1759437603607763960 7
1169 1759437603607764840 8
1170 1759437603607764840 10
1171 1759437603643740672 3
1172 1759437603646379808 26
1173 1759437603674105832 1
1174 1759437603674105840 9
1175 1759437603674105856 14
1176 1759437603674119840 2
1177 1759437603674438040 37
1178 1759437603674439216 6
1179 1759437603674439224 7
1180 1759437603674441216 5
1181 1759437603674441224 6
1182 1759437603674442040 38
1183 1759437603674443224 7
1184 1759437603674444104 8
1185 1759437603674444104 10
1186 1759437603710417040 3
1187 1759437603740782216 1
1188 1759437603740782224 9
1189 1759437603740782240 14
1190 1759437603740796208 2
1191 1759437603741114424 37
1192 1759437603741115600 6
1193 1759437603741115608 7
1194 1759437603741117600 5
1195 1759437603741117608 6
1196 1759437603741118424 38
1197 1759437603741119608 7
1198 1759437603741120488 8
1199 1759437603741120488 10
1200 1759437603806379824 26
1201 1759437603966379840 26
1202 1759437604000000016 32
1203 1759437604000019992 34
1204 1759437604126379856 26
1205 1759437604286379872 26
1206 1759437604446379888 26
1207 1759437604540899152 1
1208 1759437604552495456 22
1209 1759437604577216032 3
1210 1759437604606379904 26
1211 1759437604607581192 1
1212 1759437604607581200 9
1213 1759437604607581216 14
1214 1759437604607595208 2
1215 1759437604607913400 37
1216 1759437604607914576 6
1217 1759437604607914584 7
1218 1759437604607916576 5
1219 1759437604607916584 6
1220 1759437604607917400 38
1221 1759437604607918584 7
1222 1759437604607919464 8
1223 1759437604607919464 10
1224 1759437604643891304 3
1225 1759437604674256472 1
1226 1759437604674256480 9
1227 1759437604674256496 14
1228 1759437604674270472 2
1229 1759437604674588680 37
1230 1759437604674589856 6
1231 1759437604674589864 7
1232 1759437604674591856 5
1233 1759437604674591864 6
1234 1759437604674592680 38
1235 1759437604674593864 7
1236 1759437604674594744 8
1237 1759437604674594744 10
1238 1759437604710570568 3
1239 1759437604740935736 1
1240 1759437604740935744 9
1241 1759437604740935760 14
1242 1759437604740949744 2
1243 1759437604741267944 37
1244 1759437604741269120 6
1245 1759437604741269128 7
1246 1759437604741271120 5
1247 1759437604741271128 6
1248 1759437604741271944 38
1249 1759437604741273128 7
1250 1759437604741274008 8
1251 1759437604741274008 10
1252 1759437604766379920 26
1253 1759437604926379936 26
1254 1759437605000000016 32
1255 1759437605000020024 34
1256 1759437605086379952 26
1257 1759437605246379968 26
1258 1759437605406379984 26
1259 1759437605541058784 1
1260 1759437605566380000 26
1261 1759437605577375560 3
1262 1759437605607740720 1
1263 1759437605607740728 9
1264 1759437605607740744 14
1265 1759437605607754736 2
1266 1759437605608072928 37
1267 1759437605608074104 6
1268 1759437605608074112 7
1269 1759437605608076104 5
1270 1759437605608076112 6
1271 1759437605608076928 38
1272 1759437605608078112 7
1273 1759437605608078992 8
1274 1759437605608078992 10
1275 1759437605644053832 3
1276 1759437605674419008 1
1277 1759437605674419016 9
1278 1759437605674419032 14
1279 1759437605674433000 2
1280 1759437605674751216 37
1281 1759437605674752392 6
1282 1759437605674752400 7
1283 1759437605674754392 5
1284 1759437605674754400 6
1285 1759437605674755216 38
1286 1759437605674756400 7
1287 1759437605674757280 8
1288 1759437605674757280 10
1289 1759437605710731200 3
1290 1759437605726380016 26
1291 1759437605741096368 1
1292 1759437605741096376 9
1293 1759437605741096392 14
1294 1759437605741110376 2
1295 1759437605741428576 37
1296 1759437605741429752 6
1297 1759437605741429760 7
1298 1759437605741431752 5
1299 1759437605741431760 6
1300 1759437605741432576 38
1301 1759437605741433760 7
1302 1759437605741434640 8
1303 1759437605741434640 10
1304 1759437605886380032 26
1305 1759437606000000016 32
1306 1759437606000019952 34
1307 1759437606046380048 26
1308 1759437606206380064 26
1309 1759437606280527048 13
1310 1759437606440524784 26
1311 1759437606474512056 1
1312 1759437606541190992 1
1313 1759437606541205000 2
1314 1759437606577500096 3
1315 1759437606600524800 26
1316 1759437606607865256 1
1317 1759437606607865264 9
1318 1759437606607865280 14
1319 1759437606607879264 2
1320 1759437606608197464 37
1321 1759437606608198640 6
1322 1759437606608198648 7
1323 1759437606608200640 5
1324 1759437606608200648 6
1325 1759437606608201464 38
1326 1759437606608202648 7
1327 1759437606608203528 8
1328 1759437606608203528 10
1329 1759437606644174464 3
1330 1759437606674539640 1
1331 1759437606674539648 9
1332 1759437606674539664 14
1333 1759437606674553632 2
1334 1759437606674871848 37
1335 1759437606674873024 6
1336 1759437606674873032 7
1337 1759437606674875024 5
1338 1759437606674875032 6
1339 1759437606674875848 38
1340 1759437606674877032 7
1341 1759437606674877912 8
1342 1759437606674877912 10
1343 1759437606710847728 3
1344 1759437606741212896 1
1345 1759437606741212904 9
1346 1759437606741212920 14
1347 1759437606741226904 2
1348 1759437606741545104 37
1349 1759437606741546280 6
1350 1759437606741546288 7
1351 1759437606741548280 5
1352 1759437606741548288 6
1353 1759437606741549104 38
1354 1759437606741550288 7
1355 1759437606741551168 8
1356 1759437606741551168 10
1357 1759437606760524816 26
1358 1759437606920524832 26
1359 1759437607000000016 32
1360 1759437607000019984 34
1361 1759437607007608320 17
1362 1759437607080524848 26
1363 1759437607240524864 26
1364 1759437607400524880 26
1365 1759437607540784504 22
1366 1759437607541298856 1
1367 1759437607560524896 26
1368 1759437607577609728 3
1369 1759437607607974896 1
1370 1759437607607974904 9
1371 1759437607607974920 14
1372 1759437607607988896 2
1373 1759437607608307104 37
1374 1759437607608308280 6
1375 1759437607608308288 7
1376 1759437607608310280 5
1377 1759437607608310288 6
1378 1759437607608311104 38
1379 1759437607608312288 7
1380 1759437607608313168 8
1381 1759437607608313168 10
1382 1759437607644283992 3
1383 1759437607674649168 1
1384 1759437607674649176 9
1385 1759437607674649192 14
1386 1759437607674663168 2
1387 1759437607674981376 37
1388 1759437607674982552 6
1389 1759437607674982560 7
1390 1759437607674984552 5
1391 1759437607674984560 6
1392 1759437607674985376 38
1393 1759437607674986560 7
1394 1759437607674987440 8
1395 1759437607674987440 10
1396 1759437607710958360 3
1397 1759437607720524912 26
1398 1759437607741323536 1
1399 1759437607741323544 9
1400 1759437607741323560 14
1401 1759437607741337536 2
1402 1759437607741655744 37
1403 1759437607741656920 6
1404 1759437607741656928 7
1405 1759437607741658920 5
1406 1759437607741658928 6
1407 1759437607741659744 38
1408 1759437607741660928 7
1409 1759437607741661808 8
1410 1759437607741661808 10
1411 1759437607880524928 26
1412 1759437608000000016 32
1413 1759437608000020016 34
1414 1759437608040524944 26
1415 1759437608200524960 26
1416 1759437608360524976 26
1417 1759437608520524992 26
1418 1759437608525092712 13
1419 1759437608541396480 1
1420 1759437608577706256 3
1421 1759437608608071416 1
1422 1759437608608071424 9
1423 1759437608608071440 14
1424 1759437608608085424 2
1425 1759437608608403624 37
1426 1759437608608404800 6
1427 1759437608608404808 7
1428 1759437608608406800 5
1429 1759437608608406808 6
1430 1759437608608407624 38
1431 1759437608608408808 7
1432 1759437608608409688 8
1433 1759437608608409688 10
1434 1759437608644381624 3
1435 1759437608674746800 1
1436 1759437608674746808 9
1437 1759437608674746824 14
1438 1759437608674760800 2
1439 1759437608675079008 37
1440 1759437608675080184 6
1441 1759437608675080192 7
1442 1759437608675082184 5
1443 1759437608675082192 6
1444 1759437608675083008 38
1445 1759437608675084192 7
1446 1759437608675085072 8
1447 1759437608675085072 10
1448 1759437608685090448 26
1449 1759437608711052896 3
1450 1759437608741418056 1
1451 1759437608741418064 9
1452 1759437608741418080 14
1453 1759437608741432064 2
1454 1759437608741750264 37
1455 1759437608741751440 6
1456 1759437608741751448 7
1457 1759437608741753440 5
1458 1759437608741753448 6
1459 1759437608741754264 38
1460 1759437608741755448 7
1461 1759437608741756328 8
1462 1759437608741756328 10
1463 1759437608845090464 26
1464 1759437609000000016 32
1465 1759437609000019944 34
1466 1759437609005090480 26
1467 1759437609165090496 26
1468 1759437609325090512 26
1469 1759437609485090528 26
1470 1759437609541483016 1
1471 1759437609577793888 3
1472 1759437609608159056 1
1473 1759437609608159064 9
1474 1759437609608159080 14
1475 1759437609608173056 2
1476 1759437609608491264 37
1477 1759437609608492440 6
1478 1759437609608492448 7
1479 1759437609608494440 5
1480 1759437609608494448 6
1481 1759437609608495264 38
1482 1759437609608496448 7
1483 1759437609608497328 8
1484 1759437609608497328 10
1485 1759437609644468152 3
1486 1759437609645090544 26
1487 1759437609674833328 1
1488 1759437609674833336 9
1489 1759437609674833352 14
1490 1759437609674847328 2
1491 1759437609675165536 37
1492 1759437609675166712 6
1493 1759437609675166720 7
1494 1759437609675168712 5
1495 1759437609675168720 6
1496 1759437609675169536 38
1497 1759437609675170720 7
1498 1759437609675171600 8
1499 1759437609675171600 10
1500 1759437609711137424 3
1501 1759437609741502584 1
1502 1759437609741502592 9
1503 1759437609741502608 14
1504 1759437609741516592 2
1505 1759437609741834792 37
1506 1759437609741835968 6
1507 1759437609741835976 7
1508 1759437609741837968 5
1509 1759437609741837976 6
1510 1759437609741838792 38
1511 1759437609741839976 7
1512 1759437609741840856 8
1513 1759437609741840856 10
1514 1759437609805090560 26
1515 1759437609965090576 26
1516 1759437610000000016 32
1517 1759437610000019976 34
1518 1759437610125090592 26
1519 1759437610285090608 26
1520 1759437610445090624 26
1521 1759437610529073552 22
1522 1759437610541556640 1
1523 1759437610577868416 3
1524 1759437610605090640 26
1525 1759437610608233592 1
1526 1759437610608233600 9
1527 1759437610608233616 14
1528 1759437610608247592 2
1529 1759437610608565800 37
1530 1759437610608566976 6
1531 1759437610608566984 7
1532 1759437610608568976 5
1533 1759437610608568984 6
1534 1759437610608569800 38
1535 1759437610608570984 7
1536 1759437610608571864 8
1537 1759437610608571864 10
1538 1759437610644539688 3
1539 1759437610655570208 13
1540 1759437610674904848 1
1541 1759437610674904856 9
1542 1759437610674904872 14
1543 1759437610674918856 2
1544 1759437610675237056 37
1545 1759437610675238232 6
1546 1759437610675238240 7
1547 1759437610675240232 5
1548 1759437610675240240 6
1549 1759437610675241056 38
1550 1759437610675242240 7
1551 1759437610675243120 8
1552 1759437610675243120 10
1553 1759437610711212056 3
1554 1759437610741577224 1
1555 1759437610741577232 9
1556 1759437610741577248 14
1557 1759437610741591224 2
1558 1759437610741909432 37
1559 1759437610741910608 6
1560 1759437610741910616 7
1561 1759437610741912608 5
1562 1759437610741912616 6
1563 1759437610741913432 38
1564 1759437610741914616 7
1565 1759437610741915496 8
1566 1759437610741915496 10
1567 1759437610815567944 26
1568 1759437610975567960 26
1569 1759437611000000016 32
1570 1759437611000020008 34
1571 1759437611135567976 26
1572 1759437611295567992 26
1573 1759437611455568008 26
1574 1759437611541629176 1
1575 1759437611577937048 3
1576 1759437611608302208 1
1577 1759437611608302216 9
1578 1759437611608302232 14
1579 1759437611608316216 2
1580 1759437611608634416 37
1581 1759437611608635592 6
1582 1759437611608635600 7
1583 1759437611608637592 5
1584 1759437611608637600 6
1585 1759437611608638416 38
1586 1759437611608639600 7
1587 1759437611608640480 8
1588 1759437611608640480 10
1589 1759437611615568024 26
1590 1759437611644607320 3
1591 1759437611674972480 1
1592 1759437611674972488 9
1593 1759437611674972504 14
1594 1759437611674986488 2
1595 1759437611675304688 37
1596 1759437611675305864 6
1597 1759437611675305872 7
1598 1759437611675307864 5
1599 1759437611675307872 6
1600 1759437611675308688 38
1601 1759437611675309872 7
1602 1759437611675310752 8
1603 1759437611675310752 10
1604 1759437611711281584 3
1605 1759437611741646760 1
1606 1759437611741646768 9
1607 1759437611741646784 14
1608 1759437611741660760 2
1609 1759437611741978968 37
1610 1759437611741980144 6
1611 1759437611741980152 7
1612 1759437611741982144 5
1613 1759437611741982152 6
1614 1759437611741982968 38
1615 1759437611741984152 7
1616 1759437611741985032 8
1617 1759437611741985032 10
1618 1759437611775568040 26
1619 1759437611935568056 26
1620 1759437612000000016 32
1621 1759437612000020040 34
1622 1759437612095568072 26
1623 1759437612255568088 26
1624 1759437612415568104 26
1625 1759437612541698792 1
1626 1759437612575568120 26
1627 1759437612578009576 3
1628 1759437612608374744 1
1629 1759437612608374752 9
1630 1759437612608374768 14
1631 1759437612608388752 2
1632 1759437612608706952 37
1633 1759437612608708128 6
1634 1759437612608708136 7
1635 1759437612608710128 5
1636 1759437612608710136 6
1637 1759437612608710952 38
1638 1759437612608712136 7
1639 1759437612608713016 8
1640 1759437612608713016 10
1641 1759437612644678848 3
1642 1759437612675044016 1
1643 1759437612675044024 9
1644 1759437612675044040 14
1645 1759437612675058016 2
1646 1759437612675376224 37
1647 1759437612675377400 6
1648 1759437612675377408 7
1649 1759437612675379400 5
1650 1759437612675379408 6
1651 1759437612675380224 38
1652 1759437612675381408 7
1653 1759437612675382288 8
1654 1759437612675382288 10
1655 1759437612711352216 3
1656 1759437612735568136 26
1657 1759437612741717384 1
1658 1759437612741717392 9
1659 1759437612741717408 14
1660 1759437612741731392 2
1661 1759437612742049592 37
1662 1759437612742050768 6
1663 1759437612742050776 7
1664 1759437612742052768 5
1665 1759437612742052776 6
1666 1759437612742053592 38
1667 1759437612742054776 7
1668 1759437612742055656 8
1669 1759437612742055656 10
1670 1759437612895568152 26
1671 1759437613000000016 32
1672 1759437613000019968 34
1673 1759437613055568168 26
1674 1759437613215568184 26
1675 1759437613375568200 26
1676 1759437613465290008 13
1677 1759437613517362600 22
1678 1759437613541771328 1
1679 1759437613578083112 3
1680 1759437613608448288 1
1681 1759437613608448296 9
1682 1759437613608448312 14
1683 1759437613608462280 2
1684 1759437613608780496 37
1685 1759437613608781672 6
1686 1759437613608781680 7
1687 1759437613608783672 5
1688 1759437613608783680 6
1689 1759437613608784496 38
1690 1759437613608785680 7
1691 1759437613608786560 8
1692 1759437613608786560 10
1693 1759437613625287744 26
1694 1759437613644757480 3
1695 1759437613675122648 1
1696 1759437613675122656 9
1697 1759437613675122672 14
1698 1759437613675136648 2
1699 1759437613675454856 37
1700 1759437613675456032 6
1701 1759437613675456040 7
1702 1759437613675458032 5
1703 1759437613675458040 6
1704 1759437613675458856 38
1705 1759437613675460040 7
1706 1759437613675460920 8
1707 1759437613675460920 10
1708 1759437613711425744 3
1709 1759437613741790920 1
1710 1759437613741790928 9
1711 1759437613741790944 14
1712 1759437613741804920 2
1713 1759437613742123128 37
1714 1759437613742124304 6
1715 1759437613742124312 7
1716 1759437613742126304 5
1717 1759437613742126312 6
1718 1759437613742127128 38
1719 1759437613742128312 7
1720 1759437613742129192 8
1721 1759437613742129192 10
1722 1759437613785287760 26
1723 1759437613945287776 26
1724 1759437614000000016 32
1725 1759437614000020000 34
1726 1759437614105287792 26
1727 1759437614265287808 26
1728 1759437614425287824 26
1729 1759437614541854856 1
1730 1759437614578163744 3
1731 1759437614585287840 26
1732 1759437614608528912 1
1733 1759437614608528920 9
1734 1759437614608528936 14
1735 1759437614608542912 2
1736 1759437614608861120 37
1737 1759437614608862296 6
1738 1759437614608862304 7
1739 1759437614608864296 5
1740 1759437614608864304 6
1741 1759437614608865120 38
1742 1759437614608866304 7
1743 1759437614608867184 8
1744 1759437614608867184 10
1745 1759437614644835008 3
1746 1759437614675200168 1
1747 1759437614675200176 9
1748 1759437614675200192 14
1749 1759437614675214184 2
1750 1759437614675532376 37
1751 1759437614675533552 6
1752 1759437614675533560 7
1753 1759437614675535552 5
1754 1759437614675535560 6
1755 1759437614675536376 38
1756 1759437614675537560 7
1757 1759437614675538440 8
1758 1759437614675538440 10
1759 1759437614711509376 3
1760 1759437614741874552 1
1761 1759437614741874560 9
1762 1759437614741874576 14
1763 1759437614741888552 2
1764 1759437614742206760 37
1765 1759437614742207936 6
1766 1759437614742207944 7
1767 1759437614742209936 5
1768 1759437614742209944 6
1769 1759437614742210760 38
1770 1759437614742211944 7
1771 1759437614742212824 8
1772 1759437614742212824 10
1773 1759437614745287856 26
1774 1759437614905287872 26
1775 1759437615000000016 32
1776 1759437615000020032 34
1777 1759437615065287888 26
1778 1759437615225287904 26
1779 1759437615385287920 26
1780 1759437615541935488 1
1781 1759437615545287936 26
1782 1759437615578250272 3
1783 1759437615608615448 1
1784 1759437615608615456 9
1785 1759437615608615472 14
1786 1759437615608629440 2
1787 1759437615608947656 37
1788 1759437615608948832 6
1789 1759437615608948840 7
1790 1759437615608950832 5
1791 1759437615608950840 6
1792 1759437615608951656 38
1793 1759437615608952840 7
1794 1759437615608953720 8
1795 1759437615608953720 10
1796 1759437615644925640 3
1797 1759437615675290808 1
1798 1759437615675290816 9
1799 1759437615675290832 14
1800 1759437615675304808 2
1801 1759437615675623016 37
1802 1759437615675624192 6
1803 1759437615675624200 7
1804 1759437615675626192 5
1805 1759437615675626200 6
1806 1759437615675627016 38
1807 1759437615675628200 7
1808 1759437615675629080 8
1809 1759437615675629080 10
1810 1759437615705287952 26
1811 1759437615711597904 3
1812 1759437615741963064 1
1813 1759437615741963072 9
1814 1759437615741963088 14
1815 1759437615741977080 2
1816 1759437615742295272 37
1817 1759437615742296448 6
1818 1759437615742296456 7
1819 1759437615742298448 5
1820 1759437615742298456 6
1821 1759437615742299272 38
1822 1759437615742300456 7
1823 1759437615742301336 8
1824 1759437615742301336 10
1825 1759437615746380152 13
1826 1759437615906377888 26
1827 1759437616000000016 32
1828 1759437616000019960 34
1829 1759437616066377904 26
1830 1759437616226377920 26
1831 1759437616386377936 26
1832 1759437616475375752 1
1833 1759437616505651648 22
1834 1759437616542054704 1
1835 1759437616542068704 2
1836 1759437616546377952 26
1837 1759437616578364896 3
1838 1759437616608730072 1
1839 1759437616608730080 9
1840 1759437616608730096 14
1841 1759437616608744072 2
1842 1759437616609062280 37
1843 1759437616609063456 6
1844 1759437616609063464 7
1845 1759437616609065456 5
1846 1759437616609065464 6
1847 1759437616609066280 38
1848 1759437616609067464 7
1849 1759437616609068344 8
1850 1759437616609068344 10
1851 1759437616645041168 3
1852 1759437616675406328 1
1853 1759437616675406336 9
1854 1759437616675406352 14
1855 1759437616675420336 2
1856 1759437616675738536 37
1857 1759437616675739712 6
1858 1759437616675739720 7
1859 1759437616675741712 5
1860 1759437616675741720 6
1861 1759437616675742536 38
1862 1759437616675743720 7
1863 1759437616675744600 8
1864 1759437616675744600 10
1865 1759437616706377968 26
1866 1759437616711713440 3
1867 1759437616742078608 1
1868 1759437616742078616 9
1869 1759437616742078632 14
1870 1759437616742092608 2
1871 1759437616742410816 37
1872 1759437616742411992 6
1873 1759437616742412000 7
1874 1759437616742413992 5
1875 1759437616742414000 6
1876 1759437616742414816 38
1877 1759437616742416000 7
1878 1759437616742416880 8
1879 1759437616742416880 10
1880 1759437616866377984 26
1881 1759437617000000016 32
1882 1759437617000019984 34
1883 1759437617026378000 26
1884 1759437617186378016 26
1885 1759437617346378032 26
1886 1759437617506378048 26
1887 1759437617542165656 1
1888 1759437617578476432 3
1889 1759437617608841584 1
1890 1759437617608841592 9
1891 1759437617608841608 14
1892 1759437617608855600 2
1893 1759437617609173792 37
1894 1759437617609174968 6
1895 1759437617609174976 7
1896 1759437617609176968 5
1897 1759437617609176976 6
1898 1759437617609177792 38
1899 1759437617609178976 7
1900 1759437617609179856 8
1901 1759437617609179856 10
1902 1759437617645150800 3
1903 1759437617666378064 26
1904 1759437617675515968 1
1905 1759437617675515976 9
1906 1759437617675515992 14
1907 1759437617675529968 2
1908 1759437617675848176 37
1909 1759437617675849352 6
1910 1759437617675849360 7
1911 1759437617675851352 5
1912 1759437617675851360 6
1913 1759437617675852176 38
1914 1759437617675853360 7
1915 1759437617675854240 8
1916 1759437617675854240 10
1917 1759437617711825064 3
1918 1759437617742190232 1
1919 1759437617742190240 9
1920 1759437617742190256 14
1921 1759437617742204240 2
1922 1759437617742522440 37
1923 1759437617742523616 6
1924 1759437617742523624 7
1925 1759437617742525616 5
1926 1759437617742525624 6
1927 1759437617742526440 38
1928 1759437617742527624 7
1929 1759437617742528504 8
1930 1759437617742528504 10
1931 1759437617826378080 26
1932 1759437617986378096 26
1933 1759437618000000016 32
1934 1759437618000020016 34
1935 1759437618146378112 26
1936 1759437618306378128 26
1937 1759437618466378144 26
1938 1759437618542300176 1
1939 1759437618578616056 3
1940 1759437618608981216 1
1941 1759437618608981224 9
1942 1759437618608981240 14
1943 1759437618608995232 2
1944 1759437618609313424 37
1945 1759437618609314600 6
1946 1759437618609314608 7
1947 1759437618609316600 5
1948 1759437618609316608 6
1949 1759437618609317424 38
1950 1759437618609318608 7
1951 1759437618609319488 8
1952 1759437618609319488 10
1953 1759437618626378160 26
1954 1759437618645295328 3
1955 1759437618675660504 1
1956 1759437618675660512 9
1957 1759437618675660528 14
1958 1759437618675674496 2
1959 1759437618675992712 37
1960 1759437618675993888 6
1961 1759437618675993896 7
1962 1759437618675995888 5
1963 1759437618675995896 6
1964 1759437618675996712 38
1965 1759437618675997896 7
1966 1759437618675998776 8
1967 1759437618675998776 10
1968 1759437618711969592 3
1969 1759437618742334760 1
1970 1759437618742334768 9
1971 1759437618742334784 14
1972 1759437618742348768 2
1973 1759437618742666968 37
1974 1759437618742668144 6
1975 1759437618742668152 7
1976 1759437618742670144 5
1977 1759437618742670152 6
1978 1759437618742670968 38
1979 1759437618742672152 7
1980 1759437618742673032 8
1981 1759437618742673032 10
1982 1759437618786378176 26
1983 1759437618946378192 26
1984 1759437619000000016 32
1985 1759437619000019944 34
1986 1759437619106378208 26
1987 1759437619266378224 26
1988 1759437619426378240 26
1989 1759437619493940696 22
1990 1759437619542450816 1
1991 1759437619578766584 3
1992 1759437619586378256 26
1993 1759437619609131752 1
1994 1759437619609131760 9
1995 1759437619609131776 14
1996 1759437619609145760 2
1997 1759437619609463960 37
1998 1759437619609465136 6
1999 1759437619609465144 7
2000 1759437619609467136 5
2001 1759437619609467144 6
2002 1759437619609467960 38
2003 1759437619609469144 7
2004 1759437619609470024 8
2005 1759437619609470024 10
2006 1759437619645441952 3
2007 1759437619675807120 1
2008 1759437619675807128 9
2009 1759437619675807144 14
2010 1759437619675821128 2
2011 1759437619676139328 37
2012 1759437619676140504 6
2013 1759437619676140512 7
2014 1759437619676142504 5
2015 1759437619676142512 6
2016 1759437619676143328 38
2017 1759437619676144512 7
2018 1759437619676145392 8
2019 1759437619676145392 10
2020 1759437619712121224 3
2021 1759437619742486384 1
2022 1759437619742486392 9
2023 1759437619742486408 14
2024 1759437619742500392 2
2025 1759437619742818592 37
2026 1759437619742819768 6
2027 1759437619742819776 7
2028 1759437619742821768 5
2029 1759437619742821776 6
2030 1759437619742822592 38
2031 1759437619742823776 7
2032 1759437619742824656 8
2033 1759437619742824656 10
2034 1759437619746378272 26
2035 1759437619906378288 26
2036 1759437620000000016 32
2037 1759437620000019968 34
2038 1759437620066378304 26
2039 1759437620226378320 26
2040 1759437620386378336 26
2041 1759437620542621336 1
2042 1759437620546378352 26
2043 1759437620578938216 3
2044 1759437620609303376 1
2045 1759437620609303384 9
2046 1759437620609303400 14
2047 1759437620609317384 2
2048 1759437620609635584 37
2049 1759437620609636760 6
2050 1759437620609636768 7
2051 1759437620609638760 5
2052 1759437620609638768 6
2053 1759437620609639584 38
2054 1759437620609640768 7
2055 1759437620609641648 8
2056 1759437620609641648 10
2057 1759437620645618480 3
2058 1759437620675983640 1
2059 1759437620675983648 9
2060 1759437620675983664 14
2061 1759437620675997656 2
2062 1759437620676315848 37
2063 1759437620676317024 6
2064 1759437620676317032 7
2065 1759437620676319024 5
2066 1759437620676319032 6
2067 1759437620676319848 38
2068 1759437620676321032 7
2069 1759437620676321912 8
2070 1759437620676321912 10
2071 1759437620706378368 26
2072 1759437620712294752 3
2073 1759437620742659920 1
2074 1759437620742659928 9
2075 1759437620742659944 14
2076 1759437620742673920 2
2077 1759437620742992128 37
2078 1759437620742993304 6
2079 1759437620742993312 7
2080 1759437620742995304 5
2081 1759437620742995312 6
2082 1759437620742996128 38
2083 1759437620742997312 7
2084 1759437620742998192 8
2085 1759437620742998192 10
2086 1759437620866378384 26
2087 1759437620960960040 13
2088 1759437621000000016 32
2089 1759437621000020000 34
2090 1759437621120957776 26
2091 1759437621280957792 26
2092 1759437621440957808 26
2093 1759437621542782968 1
2094 1759437621579098736 3
2095 1759437621600957824 26
2096 1759437621609463904 1
2097 1759437621609463912 9
2098 1759437621609463928 14
2099 1759437621609477912 2
2100 1759437621609796112 37
2101 1759437621609797288 6
2102 1759437621609797296 7
2103 1759437621609799288 5
2104 1759437621609799296 6
2105 1759437621609800112 38
2106 1759437621609801296 7
2107 1759437621609802176 8
2108 1759437621609802176 10
2109 1759437621645776008 3
2110 1759437621676141168 1
2111 1759437621676141176 9
2112 1759437621676141192 14
2113 1759437621676155184 2
2114 1759437621676473376 37
2115 1759437621676474552 6
2116 1759437621676474560 7
2117 1759437621676476552 5
2118 1759437621676476560 6
2119 1759437621676477376 38
2120 1759437621676478560 7
2121 1759437621676479440 8
2122 1759437621676479440 10
2123 1759437621712456376 3
2124 1759437621742821536 1
2125 1759437621742821544 9
2126 1759437621742821560 14
2127 1759437621742835552 2
2128 1759437621743153744 37
2129 1759437621743154920 6
2130 1759437621743154928 7
2131 1759437621743156920 5
2132 1759437621743156928 6
2133 1759437621743157744 38
2134 1759437621743158928 7
2135 1759437621743159808 8
2136 1759437621743159808 10
2137 1759437621760957840 26
2138 1759437621920957856 26
2139 1759437622000000016 32
2140 1759437622000020024 34
2141 1759437622080957872 26
2142 1759437622240957888 26
2143 1759437622400957904 26
2144 1759437622482229744 22
2145 1759437622542955488 1
2146 1759437622560957920 26
2147 1759437622579273368 3
2148 1759437622609638536 1
2149 1759437622609638544 9
2150 1759437622609638560 14
2151 1759437622609652536 2
2152 1759437622609970744 37
2153 1759437622609971920 6
2154 1759437622609971928 7
2155 1759437622609973920 5
2156 1759437622609973928 6
2157 1759437622609974744 38
2158 1759437622609975928 7
2159 1759437622609976808 8
2160 1759437622609976808 10
2161 1759437622645951632 3
2162 1759437622676316792 1
2163 1759437622676316800 9
2164 1759437622676316816 14
2165 1759437622676330808 2
2166 1759437622676649000 37
2167 1759437622676650176 6
2168 1759437622676650184 7
2169 1759437622676652176 5
2170 1759437622676652184 6
2171 1759437622676653000 38
2172 1759437622676654184 7
2173 1759437622676655064 8
2174 1759437622676655064 10
2175 1759437622712631904 3
2176 1759437622720957936 26
2177 1759437622742997080 1
2178 1759437622742997088 9
2179 1759437622742997104 14
2180 1759437622743011072 2
2181 1759437622743329288 37
2182 1759437622743330464 6
2183 1759437622743330472 7
2184 1759437622743332464 5
2185 1759437622743332472 6
2186 1759437622743333288 38
2187 1759437622743334472 7
2188 1759437622743335352 8
2189 1759437622743335352 10
2190 1759437622880957952 26
2191 1759437623000000016 32
2192 1759437623000019944 34
2193 1759437623040957968 26
2194 1759437623200957984 26
2195 1759437623360958000 26
2196 1759437623520958016 26
2197 1759437623543113112 1
2198 1759437623579422896 3
2199 1759437623609788064 1
2200 1759437623609788072 9
2201 1759437623609788088 14
2202 1759437623609802064 2
2203 1759437623610120272 37
2204 1759437623610121448 6
2205 1759437623610121456 7
2206 1759437623610123448 5
2207 1759437623610123456 6
2208 1759437623610124272 38
2209 1759437623610125456 7
2210 1759437623610126336 8
2211 1759437623610126336 10
2212 1759437623646103160 3
2213 1759437623676468336 1
2214 1759437623676468344 9
2215 1759437623676468360 14
2216 1759437623676482336 2
2217 1759437623676800544 37
2218 1759437623676801720 6
2219 1759437623676801728 7
2220 1759437623676803720 5
2221 1759437623676803728 6
2222 1759437623676804544 38
2223 1759437623676805728 7
2224 1759437623676806608 8
2225 1759437623676806608 10
2226 1759437623680958032 26
2227 1759437623712778528 3
2228 1759437623743143696 1
2229 1759437623743143704 9
2230 1759437623743143720 14
2231 1759437623743157704 2
2232 1759437623743475904 37
2233 1759437623743477080 6
2234 1759437623743477088 7
2235 1759437623743479080 5
2236 1759437623743479088 6
2237 1759437623743479904 38
2238 1759437623743481088 7
2239 1759437623743481968 8
2240 1759437623743481968 10
2241 1759437623840958048 26
2242 1759437624000000016 32
2243 1759437624000019984 34
2244 1759437624000958064 26
2245 1759437624160958080 26
2246 1759437624320958096 26
2247 1759437624480958112 26
2248 1759437624543265640 1
2249 1759437624579584520 3
2250 1759437624609949680 1
2251 1759437624609949688 9
2252 1759437624609949704 14
2253 1759437624609963696 2
2254 1759437624610281888 37
2255 1759437624610283064 6
2256 1759437624610283072 7
2257 1759437624610285064 5
2258 1759437624610285072 6
2259 1759437624610285888 38
2260 1759437624610287072 7
2261 1759437624610287952 8
2262 1759437624610287952 10
2263 1759437624640958128 26
2264 1759437624646261792 3
2265 1759437624676626960 1
2266 1759437624676626968 9
2267 1759437624676626984 14
2268 1759437624676640960 2
2269 1759437624676959168 37
2270 1759437624676960344 6
2271 1759437624676960352 7
2272 1759437624676962344 5
2273 1759437624676962352 6
2274 1759437624676963168 38
2275 1759437624676964352 7
2276 1759437624676965232 8
2277 1759437624676965232 10
2278 1759437624712939056 3
2279 1759437624743304224 1
2280 1759437624743304232 9
2281 1759437624743304248 14
2282 1759437624743318232 2
2283 1759437624743636432 37
2284 1759437624743637608 6
2285 1759437624743637616 7
2286 1759437624743639608 5
2287 1759437624743639616 6
2288 1759437624743640432 38
2289 1759437624743641616 7
2290 1759437624743642496 8
2291 1759437624743642496 10
2292 1759437624800958144 26
2293 1759437624960958160 26
2294 1759437625000000016 32
2295 1759437625000020008 34
2296 1759437625120958176 26
2297 1759437625280958192 26
2298 1759437625440958208 26
2299 1759437625470518792 22
2300 1759437625543429272 1
2301 1759437625579742048 3
2302 1759437625600958224 26
2303 1759437625610107224 1
2304 1759437625610107232 9
2305 1759437625610107248 14
2306 1759437625610121216 2
2307 1759437625610439432 37
2308 1759437625610440608 6
2309 1759437625610440616 7
2310 1759437625610442608 5
2311 1759437625610442616 6
2312 1759437625610443432 38
2313 1759437625610444616 7
2314 1759437625610445496 8
2315 1759437625610445496 10
2316 1759437625646417320 3
2317 1759437625676782488 1
2318 1759437625676782496 9
2319 1759437625676782512 14
2320 1759437625676796488 2
2321 1759437625677114696 37
2322 1759437625677115872 6
2323 1759437625677115880 7
2324 1759437625677117872 5
2325 1759437625677117880 6
2326 1759437625677118696 38
2327 1759437625677119880 7
2328 1759437625677120760 8
2329 1759437625677120760 10
2330 1759437625713095680 3
2331 1759437625743460856 1
2332 1759437625743460864 9
2333 1759437625743460880 14
2334 1759437625743474856 2
2335 1759437625743793064 37
2336 1759437625743794240 6
2337 1759437625743794248 7
2338 1759437625743796240 5
2339 1759437625743796248 6
2340 1759437625743797064 38
2341 1759437625743798248 7
2342 1759437625743799128 8
2343 1759437625743799128 10
2344 1759437625760958240 26
2345 1759437625920958256 26
2346 1759437626000000016 32
2347 1759437626000020032 34
2348 1759437626080958272 26
2349 1759437626240958288 26
2350 1759437626400958304 26
2351 1759437626476886528 1
2352 1759437626517783176 13
2353 1759437626543565464 1
2354 1759437626543579480 2
2355 1759437626579874576 3
2356 1759437626610239744 1
2357 1759437626610239752 9
2358 1759437626610239768 14
2359 1759437626610253744 2
2360 1759437626610571952 37
2361 1759437626610573128 6
2362 1759437626610573136 7
2363 1759437626610575128 5
2364 1759437626610575136 6
2365 1759437626610575952 38
2366 1759437626610577136 7
2367 1759437626610578016 8
2368 1759437626610578016 10
2369 1759437626646553944 3
2370 1759437626676919112 1
2371 1759437626676919120 9
2372 1759437626676919136 14
2373 1759437626676933112 2
2374 1759437626677251320 37
2375 1759437626677252496 6
2376 1759437626677252504 7
2377 1759437626677254496 5
2378 1759437626677254504 6
2379 1759437626677255320 38
2380 1759437626677256504 7
2381 1759437626677257384 8
2382 1759437626677257384 10
2383 1759437626677780912 26
2384 1759437626713233208 3
2385 1759437626743598376 1
2386 1759437626743598384 9
2387 1759437626743598400 14
2388 1759437626743612384 2
2389 1759437626743930584 37
2390 1759437626743931760 6
2391 1759437626743931768 7
2392 1759437626743933760 5
2393 1759437626743933768 6
2394 1759437626743934584 38
2395 1759437626743935768 7
2396 1759437626743936648 8
2397 1759437626743936648 10
2398 1759437626837780928 26
2399 1759437626997780944 26
2400 1759437627000000016 32
2401 1759437627000019960 34
2402 1759437627157780960 26
2403 1759437627317780976 26
2404 1759437627477780992 26
2405 1759437627543708424 1
2406 1759437627580024200 3
2407 1759437627610389360 1
2408 1759437627610389368 9
2409 1759437627610389384 14
2410 1759437627610403368 2
2411 1759437627610721568 37
2412 1759437627610722744 6
2413 1759437627610722752 7
2414 1759437627610724744 5
2415 1759437627610724752 6
2416 1759437627610725568 38
2417 1759437627610726752 7
2418 1759437627610727632 8
2419 1759437627610727632 10
2420 1759437627637781008 26
2421 1759437627646702464 3
2422 1759437627677067640 1
2423 1759437627677067648 9
2424 1759437627677067664 14
2425 1759437627677081640 2
2426 1759437627677399848 37
2427 1759437627677401024 6
2428 1759437627677401032 7
2429 1759437627677403024 5
2430 1759437627677403032 6
2431 1759437627677403848 38
2432 1759437627677405032 7
2433 1759437627677405912 8
2434 1759437627677405912 10
2435 1759437627713379840 3
2436 1759437627743745008 1
2437 1759437627743745016 9
2438 1759437627743745032 14
2439 1759437627743759008 2
2440 1759437627744077216 37
2441 1759437627744078392 6
2442 1759437627744078400 7
2443 1759437627744080392 5
2444 1759437627744080400 6
2445 1759437627744081216 38
2446 1759437627744082400 7
2447 1759437627744083280 8
2448 1759437627744083280 10
2449 1759437627797781024 26
2450 1759437627957781040 26
2451 1759437628000000016 32
2452 1759437628000019984 34
2453 1759437628117781056 26
2454 1759437628277781072 26
2455 1759437628437781088 26
2456 1759437628458807840 22
2457 1759437628543849952 1
2458 1759437628580160728 3
2459 1759437628597781104 26
2460 1759437628610525888 1
2461 1759437628610525896 9
2462 1759437628610525912 14
2463 1759437628610539896 2
2464 1759437628610858096 37
2465 1759437628610859272 6
2466 1759437628610859280 7
2467 1759437628610861272 5
2468 1759437628610861280 6
2469 1759437628610862096 38
2470 1759437628610863280 7
2471 1759437628610864160 8
2472 1759437628610864160 10
2473 1759437628646835096 3
2474 1759437628677200264 1
2475 1759437628677200272 9
2476 1759437628677200288 14
2477 1759437628677214264 2
2478 1759437628677532472 37
2479 1759437628677533648 6
2480 1759437628677533656 7
2481 1759437628677535648 5
2482 1759437628677535656 6
2483 1759437628677536472 38
2484 1759437628677537656 7
2485 1759437628677538536 8
2486 1759437628677538536 10
2487 1759437628713510360 3
2488 1759437628743875528 1
2489 1759437628743875536 9
2490 1759437628743875552 14
2491 1759437628743889536 2
2492 1759437628744207736 37
2493 1759437628744208912 6
2494 1759437628744208920 7
2495 1759437628744210912 5
2496 1759437628744210920 6
2497 1759437628744211736 38
2498 1759437628744212920 7
2499 1759437628744213800 8
2500 1759437628744213800 10
2501 1759437628757781120 26
2502 1759437628917781136 26
2503 1759437629000000016 32
2504 1759437629000020008 34
2505 1759437629077781152 26
2506 1759437629154006648 13
2507 1759437629314004384 26
2508 1759437629474004400 26
2509 1759437629543980576 1
2510 1759437629580296352 3
2511 1759437629610661512 1
2512 1759437629610661520 9
2513 1759437629610661536 14
2514 1759437629610675520 2
2515 1759437629610993720 37
2516 1759437629610994896 6
2517 1759437629610994904 7
2518 1759437629610996896 5
2519 1759437629610996904 6
2520 1759437629610997720 38
2521 1759437629610998904 7
2522 1759437629610999784 8
2523 1759437629610999784 10
2524 1759437629634004416 26
2525 1759437629646973616 3
2526 1759437629677338792 1
2527 1759437629677338800 9
2528 1759437629677338816 14
2529 1759437629677352792 2
2530 1759437629677671000 37
2531 1759437629677672176 6
2532 1759437629677672184 7
2533 1759437629677674176 5
2534 1759437629677674184 6
2535 1759437629677675000 38
2536 1759437629677676184 7
2537 1759437629677677064 8
2538 1759437629677677064 10
2539 1759437629713649984 3
2540 1759437629744015160 1
2541 1759437629744015168 9
2542 1759437629744015184 14
2543 1759437629744029160 2
2544 1759437629744347368 37
2545 1759437629744348544 6
2546 1759437629744348552 7
2547 1759437629744350544 5
2548 1759437629744350552 6
2549 1759437629744351368 38
2550 1759437629744352552 7
2551 1759437629744353432 8
2552 1759437629744353432 10
2553 1759437629794004432 26
2554 1759437629954004448 26
2555 1759437630000000016 32
2556 1759437630000019936 34
2557 1759437630114004464 26
2558 1759437630274004480 26
2559 1759437630434004496 26
2560 1759437630544115096 1
2561 1759437630580429872 3
2562 1759437630594004512 26
2563 1759437630610795048 1
2564 1759437630610795056 9
2565 1759437630610795072 14
2566 1759437630610809048 2
2567 1759437630611127256 37
2568 1759437630611128432 6
2569 1759437630611128440 7
2570 1759437630611130432 5
2571 1759437630611130440 6
2572 1759437630611131256 38
2573 1759437630611132440 7
2574 1759437630611133320 8
2575 1759437630611133320 10
2576 1759437630647105240 3
2577 1759437630677470416 1
2578 1759437630677470424 9
2579 1759437630677470440 14
2580 1759437630677484416 2
2581 1759437630677802624 37
2582 1759437630677803800 6
2583 1759437630677803808 7
2584 1759437630677805800 5
2585 1759437630677805808 6
2586 1759437630677806624 38
2587 1759437630677807808 7
2588 1759437630677808688 8
2589 1759437630677808688 10
2590 1759437630713773512 3
2591 1759437630744138688 1
2592 1759437630744138696 9
2593 1759437630744138712 14
2594 1759437630744152680 2
2595 1759437630744470896 37
2596 1759437630744472072 6
2597 1759437630744472080 7
2598 1759437630744474072 5
2599 1759437630744474080 6
2600 1759437630744474896 38
2601 1759437630744476080 7
2602 1759437630744476960 8
2603 1759437630744476960 10
2604 1759437630754004528 26
2605 1759437630914004544 26
2606 1759437631000000016 32
2607 1759437631000019960 34
2608 1759437631074004560 26
2609 1759437631234004576 26
2610 1759437631394004592 26
2611 1759437631447096888 22
2612 1759437631544224728 1
2613 1759437631554004608 26
2614 1759437631580538496 3
2615 1759437631610903664 1
2616 1759437631610903672 9
2617 1759437631610903688 14
2618 1759437631610917672 2
2619 1759437631611235872 37
2620 1759437631611237048 6
2621 1759437631611237056 7
2622 1759437631611239048 5
2623 1759437631611239056 6
2624 1759437631611239872 38
2625 1759437631611241056 7
2626 1759437631611241936 8
2627 1759437631611241936 10
2628 1759437631647210768 3
2629 1759437631677575944 1
2630 1759437631677575952 9
2631 1759437631677575968 14
2632 1759437631677589944 2
2633 1759437631677908152 37
2634 1759437631677909328 6
2635 1759437631677909336 7
2636 1759437631677911328 5
2637 1759437631677911336 6
2638 1759437631677912152 38
2639 1759437631677913336 7
2640 1759437631677914216 8
2641 1759437631677914216 10
2642 1759437631713880136 3
2643 1759437631714004624 26
2644 1759437631744245304 1
2645 1759437631744245312 9
2646 1759437631744245328 14
2647 1759437631744259312 2
2648 1759437631744577512 37
2649 1759437631744578688 6
2650 1759437631744578696 7
2651 1759437631744580688 5
2652 1759437631744580696 6
2653 1759437631744581512 38
2654 1759437631744582696 7
2655 1759437631744583576 8
2656 1759437631744583576 10
2657 1759437631857887968 13
2658 1759437632000000016 32
2659 1759437632000019984 34
2660 1759437632017885704 26
2661 1759437632177885720 26
2662 1759437632337885736 26
2663 1759437632497885752 26
2664 1759437632544317248 1
2665 1759437632580624024 3
2666 1759437632610989200 1
2667 1759437632610989208 9
2668 1759437632610989224 14
2669 1759437632611003200 2
2670 1759437632611321408 37
2671 1759437632611322584 6
2672 1759437632611322592 7
2673 1759437632611324584 5
2674 1759437632611324592 6
2675 1759437632611325408 38
2676 1759437632611326592 7
2677 1759437632611327472 8
2678 1759437632611327472 10
2679 1759437632647296392 3
2680 1759437632657885768 26
2681 1759437632677661560 1
2682 1759437632677661568 9
2683 1759437632677661584 14
2684 1759437632677675568 2
2685 1759437632677993768 37
2686 1759437632677994944 6
2687 1759437632677994952 7
2688 1759437632677996944 5
2689 1759437632677996952 6
2690 1759437632677997768 38
2691 1759437632677998952 7
2692 1759437632677999832 8
2693 1759437632677999832 10
2694 1759437632713969664 3
2695 1759437632744334832 1
2696 1759437632744334840 9
2697 1759437632744334856 14
2698 1759437632744348832 2
2699 1759437632744667040 37
2700 1759437632744668216 6
2701 1759437632744668224 7
2702 1759437632744670216 5
2703 1759437632744670224 6
2704 1759437632744671040 38
2705 1759437632744671040 40
2706 1759437632744672016 5
2707 1759437632744673104 8
2708 1759437632744673104 10
2709 1759437632744674016 5
2710 1759437632744676016 5
2711 1759437632744678016 5
2712 1759437632744680016 5
2713 1759437632744682016 5
2714 1759437632744684016 5
2715 1759437632744686016 5
2716 1759437632744688016 5
2717 1759437632744690016 5
2718 1759437632744692016 5
2719 1759437632744694016 5
2720 1759437632744696016 5
2721 1759437632744698016 5
2722 1759437632744700016 5
2723 1759437632744702016 5
2724 1759437632744704016 5
2725 1759437632744706016 5
2726 1759437632744708016 5
2727 1759437632744710016 5
2728 1759437632744712016 5
2729 1759437632744714016 5
2730 1759437632744716016 5
2731 1759437632744718016 5
2732 1759437632744720016 5
2733 1759437632744722016 5
2734 1759437632744724016 5
2735 1759437632744726016 5
2736 1759437632744728016 5
2737 1759437632744730016 5
2738 1759437632744732016 5
2739 1759437632744734016 5
2740 1759437632744736016 5
2741 1759437632744738016 5
2742 1759437632744740224 7
2743 1759437632817885784 26
2744 1759437632977885800 26
2745 1759437633000000016 32
2746 1759437633000020008 34
2747 1759437633137885816 26
2748 1759437633297885832 26
2749 1759437633457885848 26
2750 1759437633544389784 1
2751 1759437633580702648 3
2752 1759437633611067824 1
2753 1759437633611067832 9
2754 1759437633611067848 14
2755 1759437633611081824 2
2756 1759437633611400032 37
2757 1759437633611401208 6
2758 1759437633611401216 7
2759 1759437633611403208 5
2760 1759437633611403216 6
2761 1759437633611404032 38
2762 1759437633611405216 7
2763 1759437633611406096 8
2764 1759437633611406096 10
2765 1759437633617885864 26
2766 1759437633647370920 3
2767 1759437633677736096 1
2768 1759437633677736104 9
2769 1759437633677736120 14
2770 1759437633677750088 2
2771 1759437633678068304 37
2772 1759437633678069480 6
2773 1759437633678069488 7
2774 1759437633678071480 5
2775 1759437633678071488 6
2776 1759437633678072304 38
2777 1759437633678073488 7
2778 1759437633678074368 8
2779 1759437633678074368 10
2780 1759437633714041288 3
2781 1759437633744406456 1
2782 1759437633744406464 9
2783 1759437633744406480 14
2784 1759437633744420456 2
2785 1759437633744738664 37
2786 1759437633744739840 6
2787 1759437633744739848 7
2788 1759437633744741840 5
2789 1759437633744741848 6
2790 1759437633744742664 38
2791 1759437633744743848 7
2792 1759437633744744728 8
2793 1759437633744744728 10
2794 1759437633777885880 26
2795 1759437633937885896 26
2796 1759437634000000016 32
2797 1759437634000019936 34
2798 1759437634097885912 26
2799 1759437634142707472 13
2800 1759437634302705208 26
2801 1759437634435385936 22
2802 1759437634462705224 26
2803 1759437634544446408 1
2804 1759437634580754176 3
2805 1759437634611119336 1
2806 1759437634611119344 9
2807 1759437634611119360 14
2808 1759437634611133352 2
2809 1759437634611451544 37
2810 1759437634611452720 6
2811 1759437634611452728 7
2812 1759437634611454720 5
2813 1759437634611454728 6
2814 1759437634611455544 38
2815 1759437634611456728 7
2816 1759437634611457608 8
2817 1759437634611457608 10
2818 1759437634622705240 26
2819 1759437634647424544 3
2820 1759437634677789720 1
2821 1759437634677789728 9
2822 1759437634677789744 14
2823 1759437634677803720 2
2824 1759437634678121928 37
2825 1759437634678123104 6
2826 1759437634678123112 7
2827 1759437634678125104 5
2828 1759437634678125112 6
2829 1759437634678125928 38
2830 1759437634678127112 7
2831 1759437634678127992 8
2832 1759437634678127992 10
2833 1759437634714094816 3
2834 1759437634744459992 1
2835 1759437634744460000 9
2836 1759437634744460016 14
2837 1759437634744473984 2
2838 1759437634744792200 37
2839 1759437634744793376 6
2840 1759437634744793384 7
2841 1759437634744795376 5
2842 1759437634744795384 6
2843 1759437634744796200 38
2844 1759437634744797384 7
2845 1759437634744798264 8
2846 1759437634744798264 10
2847 1759437634782705256 26
2848 1759437634942705272 26
2849 1759437635000000016 32
2850 1759437635000019968 34
2851 1759437635102705288 26
2852 1759437635262705304 26
2853 1759437635422705320 26
2854 1759437635544476920 1
2855 1759437635580784808 3
2856 1759437635582705336 26
2857 1759437635611149976 1
2858 1759437635611149984 9
2859 1759437635611150000 14
2860 1759437635611163976 2
2861 1759437635611482184 37
2862 1759437635611483360 6
2863 1759437635611483368 7
2864 1759437635611485360 5
2865 1759437635611485368 6
2866 1759437635611486184 38
2867 1759437635611487368 7
2868 1759437635611488248 8
2869 1759437635611488248 10
2870 1759437635647454072 3
2871 1759437635677819248 1
2872 1759437635677819256 9
2873 1759437635677819272 14
2874 1759437635677833248 2
2875 1759437635678151456 37
2876 1759437635678152632 6
2877 1759437635678152640 7
2878 1759437635678154632 5
2879 1759437635678154640 6
2880 1759437635678155456 38
2881 1759437635678156640 7
2882 1759437635678157520 8
2883 1759437635678157520 10
2884 1759437635714119344 3
2885 1759437635742705352 26
2886 1759437635744484520 1
2887 1759437635744484528 9
2888 1759437635744484544 14
2889 1759437635744498512 2
2890 1759437635744816728 37
2891 1759437635744817904 6
2892 1759437635744817912 7
2893 1759437635744819904 5
2894 1759437635744819912 6
2895 1759437635744820728 38
2896 1759437635744821912 7
2897 1759437635744822792 8
2898 1759437635744822792 10
2899 1759437635902705368 26
2900 1759437636000000016 32
2901 1759437636000019992 34
2902 1759437636062705384 26
2903 1759437636222705400 26
2904 1759437636382705416 26
2905 1759437636477810192 1
2906 1759437636542705432 26
2907 1759437636544477240 1
2908 1759437636544491232 2
2909 1759437636580779328 3
2910 1759437636611144512 1
2911 1759437636611144520 9
2912 1759437636611144536 14
2913 1759437636611158504 2
2914 1759437636611476720 37
2915 1759437636611477896 6
2916 1759437636611477904 7
2917 1759437636611479896 5
2918 1759437636611479904 6
2919 1759437636611480720 38
2920 1759437636611481904 7
2921 1759437636611482784 8
2922 1759437636611482784 10
2923 1759437636647445704 3
2924 1759437636677810864 1
2925 1759437636677810872 9
2926 1759437636677810888 14
2927 1759437636677824872 2
2928 1759437636678143072 37
2929 1759437636678144248 6
2930 1759437636678144256 7
2931 1759437636678146248 5
2932 1759437636678146256 6
2933 1759437636678147072 38
2934 1759437636678148256 7
2935 1759437636678149136 8
2936 1759437636678149136 10
2937 1759437636690344976 13
2938 1759437636714111968 3
2939 1759437636744477136 1
2940 1759437636744477144 9
2941 1759437636744477160 14
2942 1759437636744491144 2
2943 1759437636744809344 37
2944 1759437636744810520 6
2945 1759437636744810528 7
2946 1759437636744812520 5
2947 1759437636744812528 6
2948 1759437636744813344 38
2949 1759437636744814528 7
2950 1759437636744815408 8
2951 1759437636744815408 10
2952 1759437636850342712 26
2953 1759437637000000016 32
2954 1759437637000020024 34
2955 1759437637010342728 26
2956 1759437637170342744 26
2957 1759437637330342760 26
2958 1759437637423674984 22
2959 1759437637490342776 26
2960 1759437637544474088 1
2961 1759437637580777960 3
2962 1759437637611143136 1
2963 1759437637611143144 9
2964 1759437637611143160 14
2965 1759437637611157128 2
2966 1759437637611475344 37
2967 1759437637611476520 6
2968 1759437637611476528 7
2969 1759437637611478520 5
2970 1759437637611478528 6
2971 1759437637611479344 38
2972 1759437637611480528 7
2973 1759437637611481408 8
2974 1759437637611481408 10
2975 1759437637647442224 3
2976 1759437637650342792 26
2977 1759437637677807400 1
2978 1759437637677807408 9
2979 1759437637677807424 14
2980 1759437637677821400 2
2981 1759437637678139608 37
2982 1759437637678140784 6
2983 1759437637678140792 7
2984 1759437637678142784 5
2985 1759437637678142792 6
2986 1759437637678143608 38
2987 1759437637678144792 7
2988 1759437637678145672 8
2989 1759437637678145672 10
2990 1759437637714112496 3
2991 1759437637744477656 1
2992 1759437637744477664 9
2993 1759437637744477680 14
2994 1759437637744491672 2
2995 1759437637744809864 37
2996 1759437637744811040 6
2997 1759437637744811048 7
2998 1759437637744813040 5
2999 1759437637744813048 6
3000 1759437637744813864 38
3001 1759437637744815048 7
3002 1759437637744815928 8
3003 1759437637744815928 10
3004 1759437637810342808 26
3005 1759437637970342824 26
3006 1759437638000000016 32
3007 1759437638000019944 34
3008 1759437638130342840 26
3009 1759437638290342856 26
3010 1759437638450342872 26
3011 1759437638544466704 1
3012 1759437638580769488 3
3013 1759437638610342888 26
3014 1759437638611134664 1
3015 1759437638611134672 9
3016 1759437638611134688 14
3017 1759437638611148664 2
3018 1759437638611466872 37
3019 1759437638611468048 6
3020 1759437638611468056 7
3021 1759437638611470048 5
3022 1759437638611470056 6
3023 1759437638611470872 38
3024 1759437638611472056 7
3025 1759437638611472936 8
3026 1759437638611472936 10
3027 1759437638647435760 3
3028 1759437638677800920 1
3029 1759437638677800928 9
3030 1759437638677800944 14
3031 1759437638677814928 2
3032 1759437638678133128 37
3033 1759437638678134304 6
3034 1759437638678134312 7
3035 1759437638678136304 5
3036 1759437638678136312 6
3037 1759437638678137128 38
3038 1759437638678138312 7
3039 1759437638678139192 8
3040 1759437638678139192 10
3041 1759437638714103128 3
3042 1759437638744468296 1
3043 1759437638744468304 9
3044 1759437638744468320 14
3045 1759437638744482296 2
3046 1759437638744800504 37
3047 1759437638744801680 6
3048 1759437638744801688 7
3049 1759437638744803680 5
3050 1759437638744803688 6
3051 1759437638744804504 38
3052 1759437638744805688 7
3053 1759437638744806568 8
3054 1759437638744806568 10
3055 1759437638770342904 26
3056 1759437638930342920 26
3057 1759437639000000016 32
3058 1759437639000019976 34
3059 1759437639090342936 26
3060 1759437639166268600 13
3061 1759437639326266336 26
3062 1759437639486266352 26
3063 1759437639544449248 1
3064 1759437639580753016 3
3065 1759437639611118192 1
3066 1759437639611118200 9
3067 1759437639611118216 14
3068 1759437639611132184 2
3069 1759437639611450400 37
3070 1759437639611451576 6
3071 1759437639611451584 7
3072 1759437639611453576 5
3073 1759437639611453584 6
3074 1759437639611454400 38
3075 1759437639611455584 7
3076 1759437639611456464 8
3077 1759437639611456464 10
3078 1759437639646266368 26
3079 1759437639647414384 3
3080 1759437639677779560 1
3081 1759437639677779568 9
3082 1759437639677779584 14
3083 1759437639677793560 2
3084 1759437639678111768 37
3085 1759437639678112944 6
3086 1759437639678112952 7
3087 1759437639678114944 5
3088 1759437639678114952 6
3089 1759437639678115768 38
3090 1759437639678116952 7
3091 1759437639678117832 8
3092 1759437639678117832 10
3093 1759437639714080656 3
3094 1759437639744445832 1
3095 1759437639744445840 9
3096 1759437639744445856 14
3097 1759437639744459824 2
3098 1759437639744778040 37
3099 1759437639744779216 6
3100 1759437639744779224 7
3101 1759437639744781216 5
3102 1759437639744781224 6
3103 1759437639744782040 38
3104 1759437639744783224 7
3105 1759437639744784104 8
3106 1759437639744784104 10
3107 1759437639806266384 26
3108 1759437639966266400 26
3109 1759437640000000016 32
3110 1759437640000020000 34
3111 1759437640126266416 26
3112 1759437640286266432 26
3113 1759437640411964032 22
3114 1759437640446266448 26
3115 1759437640544397856 1
3116 1759437640580698640 3
3117 1759437640606266464 26
3118 1759437640611063816 1
3119 1759437640611063824 9
3120 1759437640611063840 14
3121 1759437640611077816 2
3122 1759437640611396024 37
3123 1759437640611397200 6
3124 1759437640611397208 7
3125 1759437640611399200 5
3126 1759437640611399208 6
3127 1759437640611400024 38
3128 1759437640611401208 7
3129 1759437640611402088 8
3130 1759437640611402088 10
3131 1759437640647363912 3
3132 1759437640677729088 1
3133 1759437640677729096 9
3134 1759437640677729112 14
3135 1759437640677743080 2
3136 1759437640678061296 37
3137 1759437640678062472 6
3138 1759437640678062480 7
3139 1759437640678064472 5
3140 1759437640678064480 6
3141 1759437640678065296 38
3142 1759437640678066480 7
3143 1759437640678067360 8
3144 1759437640678067360 10
3145 1759437640714027280 3
3146 1759437640744392440 1
3147 1759437640744392448 9
3148 1759437640744392464 14
3149 1759437640744406456 2
3150 1759437640744724648 37
3151 1759437640744725824 6
3152 1759437640744725832 7
3153 1759437640744727824 5
3154 1759437640744727832 6
3155 1759437640744728648 38
3156 1759437640744729832 7
3157 1759437640744730712 8
3158 1759437640744730712 10
3159 1759437640766266480 26
3160 1759437640926266496 26
3161 1759437641000000016 32
3162 1759437641000020032 34
3163 1759437641086266512 26
3164 1759437641246266528 26
3165 1759437641406266544 26
3166 1759437641544338400 1
3167 1759437641566266560 26
3168 1759437641580641168 3
3169 1759437641611006336 1
3170 1759437641611006344 9
3171 1759437641611006360 14
3172 1759437641611020344 2
3173 1759437641611338544 37
3174 1759437641611339720 6
3175 1759437641611339728 7
3176 1759437641611341720 5
3177 1759437641611341728 6
3178 1759437641611342544 38
3179 1759437641611343728 7
3180 1759437641611344608 8
3181 1759437641611344608 10
3182 1759437641647303536 3
3183 1759437641677668712 1
3184 1759437641677668720 9
3185 1759437641677668736 14
3186 1759437641677682712 2
3187 1759437641678000920 37
3188 1759437641678002096 6
3189 1759437641678002104 7
3190 1759437641678004096 5
3191 1759437641678004104 6
3192 1759437641678004920 38
3193 1759437641678006104 7
3194 1759437641678006984 8
3195 1759437641678006984 10
3196 1759437641713963808 3
3197 1759437641726266576 26
3198 1759437641744328976 1
3199 1759437641744328984 9
3200 1759437641744329000 14
3201 1759437641744342976 2
3202 1759437641744661184 37
3203 1759437641744662360 6
3204 1759437641744662368 7
3205 1759437641744664360 5
3206 1759437641744664368 6
3207 1759437641744665184 38
3208 1759437641744666368 7
3209 1759437641744667248 8
3210 1759437641744667248 10
3211 1759437641886266592 26
3212 1759437642000000016 32
3213 1759437642000019960 34
3214 1759437642046266608 26
3215 1759437642094031648 13
3216 1759437642254029384 26
3217 1759437642414029400 26
3218 1759437642544261920 1
3219 1759437642574029416 26
3220 1759437642580558800 3
3221 1759437642610923960 1
3222 1759437642610923968 9
3223 1759437642610923984 14
3224 1759437642610937968 2
3225 1759437642611256168 37
3226 1759437642611257344 6
3227 1759437642611257352 7
3228 1759437642611259344 5
3229 1759437642611259352 6
3230 1759437642611260168 38
3231 1759437642611261352 7
3232 1759437642611262232 8
3233 1759437642611262232 10
3234 1759437642647221064 3
3235 1759437642677586224 1
3236 1759437642677586232 9
3237 1759437642677586248 14
3238 1759437642677600240 2
3239 1759437642677918432 37
3240 1759437642677919608 6
3241 1759437642677919616 7
3242 1759437642677921608 5
3243 1759437642677921616 6
3244 1759437642677922432 38
3245 1759437642677923616 7
3246 1759437642677924496 8
3247 1759437642677924496 10
3248 1759437642713881440 3
3249 1759437642734029432 26
3250 1759437642744246616 1
3251 1759437642744246624 9
3252 1759437642744246640 14
3253 1759437642744260608 2
3254 1759437642744578824 37
3255 1759437642744580000 6
3256 1759437642744580008 7
3257 1759437642744582000 5
3258 1759437642744582008 6
3259 1759437642744582824 38
3260 1759437642744584008 7
3261 1759437642744584888 8
3262 1759437642744584888 10
3263 1759437642894029448 26
3264 1759437643000000016 32
3265 1759437643000019984 34
3266 1759437643054029464 26
3267 1759437643214029480 26
3268 1759437643374029496 26
3269 1759437643400253080 22
3270 1759437643534029512 26
3271 1759437643544163544 1
3272 1759437643580462328 3
3273 1759437643610827504 1
3274 1759437643610827512 9
3275 1759437643610827528 14
3276 1759437643610841496 2
3277 1759437643611159712 37
3278 1759437643611160888 6
3279 1759437643611160896 7
3280 1759437643611162888 5
3281 1759437643611162896 6
3282 1759437643611163712 38
3283 1759437643611164896 7
3284 1759437643611165776 8
3285 1759437643611165776 10
3286 1759437643647119696 3
3287 1759437643677484864 1
3288 1759437643677484872 9
3289 1759437643677484888 14
3290 1759437643677498872 2
3291 1759437643677817072 37
3292 1759437643677818248 6
3293 1759437643677818256 7
3294 1759437643677820248 5
3295 1759437643677820256 6
3296 1759437643677821072 38
3297 1759437643677822256 7
3298 1759437643677823136 8
3299 1759437643677823136 10
3300 1759437643694029528 26
3301 1759437643713781968 3
3302 1759437643744147136 1
3303 1759437643744147144 9
3304 1759437643744147160 14
3305 1759437643744161136 2
3306 1759437643744479344 37
3307 1759437643744480520 6
3308 1759437643744480528 7
3309 1759437643744482520 5
3310 1759437643744482528 6
3311 1759437643744483344 38
3312 1759437643744484528 7
3313 1759437643744485408 8
3314 1759437643744485408 10
3315 1759437643854029544 26
3316 1759437644000000016 32
3317 1759437644000020016 34
3318 1759437644014029560 26
3319 1759437644174029576 26
3320 1759437644334029592 26
3321 1759437644494029608 26
3322 1759437644544053072 1
3323 1759437644580351952 3
3324 1759437644610717136 1
3325 1759437644610717144 9
3326 1759437644610717160 14
3327 1759437644610731128 2
3328 1759437644611049344 37
3329 1759437644611050520 6
3330 1759437644611050528 7
3331 1759437644611052520 5
3332 1759437644611052528 6
3333 1759437644611053344 38
3334 1759437644611054528 7
3335 1759437644611055408 8
3336 1759437644611055408 10
3337 1759437644647012224 3
3338 1759437644654029624 26
3339 1759437644677377400 1
3340 1759437644677377408 9
3341 1759437644677377424 14
3342 1759437644677391400 2
3343 1759437644677709608 37
3344 1759437644677710784 6
3345 1759437644677710792 7
3346 1759437644677712784 5
3347 1759437644677712792 6
3348 1759437644677713608 38
3349 1759437644677714792 7
3350 1759437644677715672 8
3351 1759437644677715672 10
3352 1759437644713668496 3
3353 1759437644744033656 1
3354 1759437644744033664 9
3355 1759437644744033680 14
3356 1759437644744047664 2
3357 1759437644744365864 37
3358 1759437644744367040 6
3359 1759437644744367048 7
3360 1759437644744369040 5
3361 1759437644744369048 6
3362 1759437644744369864 38
3363 1759437644744371048 7
3364 1759437644744371928 8
3365 1759437644744371928 10
3366 1759437644814029640 26
3367 1759437644974029656 26
3368 1759437645000000016 32
3369 1759437645000019944 34
3370 1759437645134029672 26
3371 1759437645237540536 13
3372 1759437645397538272 26
3373 1759437645543923704 1
3374 1759437645557538288 26
3375 1759437645580219480 3
3376 1759437645610584656 1
3377 1759437645610584664 9
3378 1759437645610584680 14
3379 1759437645610598656 2
3380 1759437645610916864 37
3381 1759437645610918040 6
3382 1759437645610918048 7
3383 1759437645610920040 5
3384 1759437645610920048 6
3385 1759437645610920864 38
3386 1759437645610922048 7
3387 1759437645610922928 8
3388 1759437645610922928 10
3389 1759437645646878752 3
3390 1759437645677243920 1
3391 1759437645677243928 9
3392 1759437645677243944 14
3393 1759437645677257920 2
3394 1759437645677576128 37
3395 1759437645677577304 6
3396 1759437645677577312 7
3397 1759437645677579304 5
3398 1759437645677579312 6
3399 1759437645677580128 38
3400 1759437645677581312 7
3401 1759437645677582192 8
3402 1759437645677582192 10
3403 1759437645713533120 3
3404 1759437645717538304 26
3405 1759437645743898280 1
3406 1759437645743898288 9
3407 1759437645743898304 14
3408 1759437645743912288 2
3409 1759437645744230488 37
3410 1759437645744231664 6
3411 1759437645744231672 7
3412 1759437645744233664 5
3413 1759437645744233672 6
3414 1759437645744234488 38
3415 1759437645744235672 7
3416 1759437645744236552 8
3417 1759437645744236552 10
3418 1759437645877538320 26
3419 1759437646000000016 32
3420 1759437646000019968 34
3421 1759437646037538336 26
3422 1759437646197538352 26
3423 1759437646357538368 26
3424 1759437646388542128 22
3425 1759437646477136968 1
3426 1759437646517538384 26
3427 1759437646543795904 1
3428 1759437646543809912 2
3429 1759437646580093112 3
3430 1759437646610458272 1
3431 1759437646610458280 9
3432 1759437646610458296 14
3433 1759437646610472280 2
3434 1759437646610790480 37
3435 1759437646610791656 6
3436 1759437646610791664 7
3437 1759437646610793656 5
3438 1759437646610793664 6
3439 1759437646610794480 38
3440 1759437646610795664 7
3441 1759437646610796544 8
3442 1759437646610796544 10
3443 1759437646646748376 3
3444 1759437646677113552 1
3445 1759437646677113560 9
3446 1759437646677113576 14
3447 1759437646677127552 2
3448 1759437646677445760 37
3449 1759437646677446936 6
3450 1759437646677446944 7
3451 1759437646677448936 5
3452 1759437646677448944 6
3453 1759437646677449760 38
3454 1759437646677450944 7
3455 1759437646677451824 8
3456 1759437646677451824 10
3457 1759437646677538400 26
3458 1759437646713406648 3
3459 1759437646743771816 1
3460 1759437646743771824 9
3461 1759437646743771840 14
3462 1759437646743785816 2
3463 1759437646744104024 37
3464 1759437646744105200 6
3465 1759437646744105208 7
3466 1759437646744107200 5
3467 1759437646744107208 6
3468 1759437646744108024 38
3469 1759437646744109208 7
3470 1759437646744110088 8
3471 1759437646744110088 10
3472 1759437646837538416 26
3473 1759437646997538432 26
3474 1759437647000000016 32
3475 1759437647000019992 34
3476 1759437647157538448 26
3477 1759437647317538464 26
3478 1759437647368937776 13
3479 1759437647528935512 26
3480 1759437647543650864 1
3481 1759437647579948632 3
3482 1759437647610313808 1
3483 1759437647610313816 9
3484 1759437647610313832 14
3485 1759437647610327808 2
3486 1759437647610646016 37
3487 1759437647610647192 6
3488 1759437647610647200 7
3489 1759437647610649192 5
3490 1759437647610649200 6
3491 1759437647610650016 38
3492 1759437647610651200 7
3493 1759437647610652080 8
3494 1759437647610652080 10
3495 1759437647646602904 3
3496 1759437647676968064 1
3497 1759437647676968072 9
3498 1759437647676968088 14
3499 1759437647676982072 2
3500 1759437647677300272 37
3501 1759437647677301448 6
3502 1759437647677301456 7
3503 1759437647677303448 5
3504 1759437647677303456 6
3505 1759437647677304272 38
3506 1759437647677305456 7
3507 1759437647677306336 8
3508 1759437647677306336 10
3509 1759437647688935528 26
3510 1759437647713262272 3
3511 1759437647743627448 1
3512 1759437647743627456 9
3513 1759437647743627472 14
3514 1759437647743641440 2
3515 1759437647743959656 37
3516 1759437647743960832 6
3517 1759437647743960840 7
3518 1759437647743962832 5
3519 1759437647743962840 6
3520 1759437647743963656 38
3521 1759437647743964840 7
3522 1759437647743965720 8
3523 1759437647743965720 10
3524 1759437647848935544 26
3525 1759437648000000016 32
3526 1759437648000020024 34
3527 1759437648008935560 26
3528 1759437648168935576 26
3529 1759437648328935592 26
3530 1759437648488935608 26
3531 1759437648543500392 1
3532 1759437648579795160 3
3533 1759437648610160328 1
3534 1759437648610160336 9
3535 1759437648610160352 14
3536 1759437648610174328 2
3537 1759437648610492536 37
3538 1759437648610493712 6
3539 1759437648610493720 7
3540 1759437648610495712 5
3541 1759437648610495720 6
3542 1759437648610496536 38
3543 1759437648610497720 7
3544 1759437648610498600 8
3545 1759437648610498600 10
3546 1759437648646453528 3
3547 1759437648648935624 26
3548 1759437648676818688 1
3549 1759437648676818696 9
3550 1759437648676818712 14
3551 1759437648676832696 2
3552 1759437648677150896 37
3553 1759437648677152072 6
3554 1759437648677152080 7
3555 1759437648677154072 5
3556 1759437648677154080 6
3557 1759437648677154896 38
3558 1759437648677156080 7
3559 1759437648677156960 8
3560 1759437648677156960 10
3561 1759437648713103792 3
3562 1759437648743468968 1
3563 1759437648743468976 9
3564 1759437648743468992 14
3565 1759437648743482968 2
3566 1759437648743801176 37
3567 1759437648743802352 6
3568 1759437648743802360 7
3569 1759437648743804352 5
3570 1759437648743804360 6
3571 1759437648743805176 38
3572 1759437648743806360 7
3573 1759437648743807240 8
3574 1759437648743807240 10
3575 1759437648808935640 26
3576 1759437648968935656 26
3577 1759437649000000016 32
3578 1759437649000019944 34
3579 1759437649128935672 26
3580 1759437649288935688 26
3581 1759437649376831176 22
3582 1759437649448935704 26
3583 1759437649543351000 1
3584 1759437649579644784 3
3585 1759437649608935720 26
3586 1759437649610009952 1
3587 1759437649610009960 9
3588 1759437649610009976 14
3589 1759437649610023960 2
3590 1759437649610342160 37
3591 1759437649610343336 6
3592 1759437649610343344 7
3593 1759437649610345336 5
3594 1759437649610345344 6
3595 1759437649610346160 38
3596 1759437649610347344 7
3597 1759437649610348224 8
3598 1759437649610348224 10
3599 1759437649646304056 3
3600 1759437649676669216 1
3601 1759437649676669224 9
3602 1759437649676669240 14
3603 1759437649676683224 2
3604 1759437649677001424 37
3605 1759437649677002600 6
3606 1759437649677002608 7
3607 1759437649677004600 5
3608 1759437649677004608 6
3609 1759437649677005424 38
3610 1759437649677006608 7
3611 1759437649677007488 8
3612 1759437649677007488 10
3613 1759437649712961424 3
3614 1759437649743326584 1
3615 1759437649743326592 9
3616 1759437649743326608 14
3617 1759437649743340592 2
3618 1759437649743658792 37
3619 1759437649743659968 6
3620 1759437649743659976 7
3621 1759437649743661968 5
3622 1759437649743661976 6
3623 1759437649743662792 38
3624 1759437649743663976 7
3625 1759437649743664856 8
3626 1759437649743664856 10
3627 1759437649768935736 26
3628 1759437649850996016 13
3629 1759437650000000016 32
3630 1759437650000019968 34
3631 1759437650010993752 26
3632 1759437650170993768 26
3633 1759437650330993784 26
3634 1759437650490993800 26
3635 1759437650543202528 1
3636 1759437650579497312 3
3637 1759437650609862480 1
3638 1759437650609862488 9
3639 1759437650609862504 14
3640 1759437650609876480 2
3641 1759437650610194688 37
3642 1759437650610195864 6
3643 1759437650610195872 7
3644 1759437650610197864 5
3645 1759437650610197872 6
3646 1759437650610198688 38
3647 1759437650610199872 7
3648 1759437650610200752 8
3649 1759437650610200752 10
3650 1759437650646151680 3
3651 1759437650650993816 26
3652 1759437650676516848 1
3653 1759437650676516856 9
3654 1759437650676516872 14
3655 1759437650676530848 2
3656 1759437650676849056 37
3657 1759437650676850232 6
3658 1759437650676850240 7
3659 1759437650676852232 5
3660 1759437650676852240 6
3661 1759437650676853056 38
3662 1759437650676854240 7
3663 1759437650676855120 8
3664 1759437650676855120 10
3665 1759437650712810944 3
3666 1759437650743176112 1
3667 1759437650743176120 9
3668 1759437650743176136 14
3669 1759437650743190120 2
3670 1759437650743508320 37
3671 1759437650743509496 6
3672 1759437650743509504 7
3673 1759437650743511496 5
3674 1759437650743511504 6
3675 1759437650743512320 38
3676 1759437650743513504 7
3677 1759437650743514384 8
3678 1759437650743514384 10
3679 1759437650810993832 26
3680 1759437650970993848 26
3681 1759437651000000016 32
3682 1759437651000020000 34
3683 1759437651130993864 26
3684 1759437651290993880 26
3685 1759437651450993896 26
3686 1759437651543032048 1
3687 1759437651579327936 3
3688 1759437651609693112 1
3689 1759437651609693120 9
3690 1759437651609693136 14
3691 1759437651609707104 2
3692 1759437651610025320 37
3693 1759437651610026496 6
3694 1759437651610026504 7
3695 1759437651610028496 5
3696 1759437651610028504 6
3697 1759437651610029320 38
3698 1759437651610030504 7
3699 1759437651610031384 8
3700 1759437651610031384 10
3701 1759437651610993912 26
3702 1759437651645985200 3
3703 1759437651676350368 1
3704 1759437651676350376 9
3705 1759437651676350392 14
3706 1759437651676364376 2
3707 1759437651676682576 37
3708 1759437651676683752 6
3709 1759437651676683760 7
3710 1759437651676685752 5
3711 1759437651676685760 6
3712 1759437651676686576 38
3713 1759437651676687760 7
3714 1759437651676688640 8
3715 1759437651676688640 10
3716 1759437651712641568 3
3717 1759437651743006736 1
3718 1759437651743006744 9
3719 1759437651743006760 14
3720 1759437651743020744 2
3721 1759437651743338944 37
3722 1759437651743340120 6
3723 1759437651743340128 7
3724 1759437651743342120 5
3725 1759437651743342128 6
3726 1759437651743342944 38
3727 1759437651743344128 7
3728 1759437651743345008 8
3729 1759437651743345008 10
3730 1759437651770993928 26
3731 1759437651871707672 13
3732 1759437652000000016 32
3733 1759437652000020024 34
3734 1759437652031705408 26
3735 1759437652191705424 26
3736 1759437652351705440 26
3737 1759437652365120224 22
3738 1759437652511705456 26
3739 1759437652542890688 1
3740 1759437652579184456 3
3741 1759437652609549624 1
3742 1759437652609549632 9
3743 1759437652609549648 14
3744 1759437652609563632 2
3745 1759437652609881832 37
3746 1759437652609883008 6
3747 1759437652609883016 7
3748 1759437652609885008 5
3749 1759437652609885016 6
3750 1759437652609885832 38
3751 1759437652609887016 7
3752 1759437652609887896 8
3753 1759437652609887896 10
3754 1759437652645839824 3
3755 1759437652671705472 26
3756 1759437652676205008 1
3757 1759437652676205016 9
3758 1759437652676205032 14
3759 1759437652676219000 2
3760 1759437652676537216 37
3761 1759437652676538392 6
3762 1759437652676538400 7
3763 1759437652676540392 5
3764 1759437652676540400 6
3765 1759437652676541216 38
3766 1759437652676542400 7
3767 1759437652676543280 8
3768 1759437652676543280 10
3769 1759437652712497096 3
3770 1759437652742862264 1
3771 1759437652742862272 9
3772 1759437652742862288 14
3773 1759437652742876264 2
3774 1759437652743194472 37
3775 1759437652743195648 6
3776 1759437652743195656 7
3777 1759437652743197648 5
3778 1759437652743197656 6
3779 1759437652743198472 38
3780 1759437652743199656 7
3781 1759437652743200536 8
3782 1759437652743200536 10
3783 1759437652831705488 26
3784 1759437652991705504 26
3785 1759437653000000016 32
3786 1759437653000019944 34
3787 1759437653007628856 17
3788 1759437653151705520 26
3789 1759437653311705536 26
3790 1759437653471705552 26
3791 1759437653542725216 1
3792 1759437653579022080 3
3793 1759437653609387256 1
3794 1759437653609387264 9
3795 1759437653609387280 14
3796 1759437653609401256 2
3797 1759437653609719464 37
3798 1759437653609720640 6
3799 1759437653609720648 7
3800 1759437653609722640 5
3801 1759437653609722648 6
3802 1759437653609723464 38
3803 1759437653609724648 7
3804 1759437653609725528 8
3805 1759437653609725528 10
3806 1759437653631705568 26
3807 1759437653645678352 3
3808 1759437653676043520 1
3809 1759437653676043528 9
3810 1759437653676043544 14
3811 1759437653676057520 2
3812 1759437653676375728 37
3813 1759437653676376904 6
3814 1759437653676376912 7
3815 1759437653676378904 5
3816 1759437653676378912 6
3817 1759437653676379728 38
3818 1759437653676380912 7
3819 1759437653676381792 8
3820 1759437653676381792 10
3821 1759437653712337616 3
3822 1759437653742702784 1
3823 1759437653742702792 9
3824 1759437653742702808 14
3825 1759437653742716792 2
3826 1759437653743034992 37
3827 1759437653743036168 6
3828 1759437653743036176 7
3829 1759437653743038168 5
3830 1759437653743038176 6
3831 1759437653743038992 38
3832 1759437653743040176 7
3833 1759437653743041056 8
3834 1759437653743041056 10
3835 1759437653791705584 26
3836 1759437653951705600 26
3837 1759437654000000016 32
3838 1759437654000019968 34
3839 1759437654111705616 26
3840 1759437654271705632 26
3841 1759437654431705648 26
3842 1759437654542592824 1
3843 1759437654578893608 3
3844 1759437654591705664 26
3845 1759437654609258784 1
3846 1759437654609258792 9
3847 1759437654609258808 14
3848 1759437654609272784 2
3849 1759437654609590992 37
3850 1759437654609592168 6
3851 1759437654609592176 7
3852 1759437654609594168 5
3853 1759437654609594176 6
3854 1759437654609594992 38
3855 1759437654609596176 7
3856 1759437654609597056 8
3857 1759437654609597056 10
3858 1759437654645549976 3
3859 1759437654675915152 1
3860 1759437654675915160 9
3861 1759437654675915176 14
3862 1759437654675929152 2
3863 1759437654676247360 37
3864 1759437654676248536 6
3865 1759437654676248544 7
3866 1759437654676250536 5
3867 1759437654676250544 6
3868 1759437654676251360 38
3869 1759437654676252544 7
3870 1759437654676253424 8
3871 1759437654676253424 10
3872 1759437654712210248 3
3873 1759437654742575416 1
3874 1759437654742575424 9
3875 1759437654742575440 14
3876 1759437654742589416 2
3877 1759437654742907624 37
3878 1759437654742908800 6
3879 1759437654742908808 7
3880 1759437654742910800 5
3881 1759437654742910808 6
3882 1759437654742911624 38
3883 1759437654742912808 7
3884 1759437654742913688 8
3885 1759437654742913688 10
3886 1759437654751705680 26
3887 1759437654911705696 26
3888 1759437655000000016 32
3889 1759437655000020000 34
3890 1759437655071705712 26
3891 1759437655231705728 26
3892 1759437655353409272 22
3893 1759437655391705744 26
3894 1759437655542455360 1
3895 1759437655551705760 26
3896 1759437655578753232 3
3897 1759437655609118408 1
3898 1759437655609118416 9
3899 1759437655609118432 14
3900 1759437655609132408 2
3901 1759437655609450616 37
3902 1759437655609451792 6
3903 1759437655609451800 7
3904 1759437655609453792 5
3905 1759437655609453800 6
3906 1759437655609454616 38
3907 1759437655609455800 7
3908 1759437655609456680 8
3909 1759437655609456680 10
3910 1759437655645410504 3
3911 1759437655656568824 13
3912 1759437655675775664 1
3913 1759437655675775672 9
3914 1759437655675775688 14
3915 1759437655675789680 2
3916 1759437655676107872 37
3917 1759437655676109048 6
3918 1759437655676109056 7
3919 1759437655676111048 5
3920 1759437655676111056 6
3921 1759437655676111872 38
3922 1759437655676113056 7
3923 1759437655676113936 8
3924 1759437655676113936 10
3925 1759437655712069776 3
3926 1759437655742434952 1
3927 1759437655742434960 9
3928 1759437655742434976 14
3929 1759437655742448944 2
3930 1759437655742767160 37
3931 1759437655742768336 6
3932 1759437655742768344 7
3933 1759437655742770336 5
3934 1759437655742770344 6
3935 1759437655742771160 38
3936 1759437655742772344 7
3937 1759437655742773224 8
3938 1759437655742773224 10
3939 1759437655816566560 26
3940 1759437655976566576 26
3941 1759437656000000016 32
3942 1759437656000020024 34
3943 1759437656136566592 26
3944 1759437656296566608 26
3945 1759437656456566624 26
3946 1759437656475680624 1
3947 1759437656542346664 1
3948 1759437656542360664 2
3949 1759437656578643760 3
3950 1759437656609008936 1
3951 1759437656609008944 9
3952 1759437656609008960 14
3953 1759437656609022936 2
3954 1759437656609341144 37
3955 1759437656609342320 6
3956 1759437656609342328 7
3957 1759437656609344320 5
3958 1759437656609344328 6
3959 1759437656609345144 38
3960 1759437656609346328 7
3961 1759437656609347208 8
3962 1759437656609347208 10
3963 1759437656616566640 26
3964 1759437656645306032 3
3965 1759437656675671200 1
3966 1759437656675671208 9
3967 1759437656675671224 14
3968 1759437656675685200 2
3969 1759437656676003408 37
3970 1759437656676004584 6
3971 1759437656676004592 7
3972 1759437656676006584 5
3973 1759437656676006592 6
3974 1759437656676007408 38
3975 1759437656676008592 7
3976 1759437656676009472 8
3977 1759437656676009472 10
3978 1759437656711967400 3
3979 1759437656742332568 1
3980 1759437656742332576 9
3981 1759437656742332592 14
3982 1759437656742346568 2
3983 1759437656742664776 37
3984 1759437656742665952 6
3985 1759437656742665960 7
3986 1759437656742667952 5
3987 1759437656742667960 6
3988 1759437656742668776 38
3989 1759437656742669960 7
3990 1759437656742670840 8
3991 1759437656742670840 10
3992 1759437656776566656 26
3993 1759437656936566672 26
3994 1759437657000000016 32
3995 1759437657000019944 34
3996 1759437657096566688 26
3997 1759437657256566704 26
3998 1759437657416566720 26
3999 1759437657542259504 1
4000 1759437657576566736 26
4001 1759437657578560384 3
4002 1759437657608925552 1
4003 1759437657608925560 9
4004 1759437657608925576 14
4005 1759437657608939560 2
4006 1759437657609257760 37
4007 1759437657609258936 6
4008 1759437657609258944 7
4009 1759437657609260936 5
4010 1759437657609260944 6
4011 1759437657609261760 38
4012 1759437657609262944 7
4013 1759437657609263824 8
4014 1759437657609263824 10
4015 1759437657645221656 3
4016 1759437657675586816 1
4017 1759437657675586824 9
4018 1759437657675586840 14
4019 1759437657675600824 2
4020 1759437657675919024 37
4021 1759437657675920200 6
4022 1759437657675920208 7
4023 1759437657675922200 5
4024 1759437657675922208 6
4025 1759437657675923024 38
4026 1759437657675924208 7
4027 1759437657675925088 8
4028 1759437657675925088 10
4029 1759437657711884920 3
4030 1759437657736566752 26
4031 1759437657742250088 1
4032 1759437657742250096 9
4033 1759437657742250112 14
4034 1759437657742264096 2
4035 1759437657742582296 37
4036 1759437657742583472 6
4037 1759437657742583480 7
4038 1759437657742585472 5
4039 1759437657742585480 6
4040 1759437657742586296 38
4041 1759437657742587480 7
4042 1759437657742588360 8
4043 1759437657742588360 10
4044 1759437657896566768 26
4045 1759437658000000016 32
4046 1759437658000019976 34
4047 1759437658056566784 26
4048 1759437658216566800 26
4049 1759437658341698320 22
4050 1759437658376566816 26
4051 1759437658523685744 13
4052 1759437658542183128 1
4053 1759437658578486912 3
4054 1759437658608852072 1
4055 1759437658608852080 9
4056 1759437658608852096 14
4057 1759437658608866080 2
4058 1759437658609184280 37
4059 1759437658609185456 6
4060 1759437658609185464 7
4061 1759437658609187456 5
4062 1759437658609187464 6
4063 1759437658609188280 38
4064 1759437658609189464 7
4065 1759437658609190344 8
4066 1759437658609190344 10
4067 1759437658645147176 3
4068 1759437658675512344 1
4069 1759437658675512352 9
4070 1759437658675512368 14
4071 1759437658675526352 2
4072 1759437658675844552 37
4073 1759437658675845728 6
4074 1759437658675845736 7
4075 1759437658675847728 5
4076 1759437658675847736 6
4077 1759437658675848552 38
4078 1759437658675849736 7
4079 1759437658675850616 8
4080 1759437658675850616 10
4081 1759437658683683480 26
4082 1759437658711808544 3
4083 1759437658742173712 1
4084 1759437658742173720 9
4085 1759437658742173736 14
4086 1759437658742187720 2
4087 1759437658742505920 37
4088 1759437658742507096 6
4089 1759437658742507104 7
4090 1759437658742509096 5
4091 1759437658742509104 6
4092 1759437658742509920 38
4093 1759437658742511104 7
4094 1759437658742511984 8
4095 1759437658742511984 10
4096 1759437658843683496 26
4097 1759437659000000016 32
4098 1759437659000020000 34
4099 1759437659003683512 26
4100 1759437659163683528 26
4101 1759437659323683544 26
4102 1759437659483683560 26
4103 1759437659542121664 1
4104 1759437659578423440 3
4105 1759437659608788608 1
4106 1759437659608788616 9
4107 1759437659608788632 14
4108 1759437659608802608 2
4109 1759437659609120816 37
4110 1759437659609121992 6
4111 1759437659609122000 7
4112 1759437659609123992 5
4113 1759437659609124000 6
4114 1759437659609124816 38
4115 1759437659609126000 7
4116 1759437659609126880 8
4117 1759437659609126880 10
4118 1759437659643683576 26
4119 1759437659645087808 3
4120 1759437659675452984 1
4121 1759437659675452992 9
4122 1759437659675453008 14
4123 1759437659675466976 2
4124 1759437659675785192 37
4125 1759437659675786368 6
4126 1759437659675786376 7
4127 1759437659675788368 5
4128 1759437659675788376 6
4129 1759437659675789192 38
4130 1759437659675790376 7
4131 1759437659675791256 8
4132 1759437659675791256 10
4133 1759437659711754072 3
4134 1759437659742119232 1
4135 1759437659742119240 9
4136 1759437659742119256 14
4137 1759437659742133248 2
4138 1759437659742451440 37
4139 1759437659742452616 6
4140 1759437659742452624 7
4141 1759437659742454616 5
4142 1759437659742454624 6
4143 1759437659742455440 38
4144 1759437659742456624 7
4145 1759437659742457504 8
4146 1759437659742457504 10
4147 1759437659803683592 26
4148 1759437659963683608 26
4149 1759437660000000016 32
4150 1759437660000020024 34
4151 1759437660123683624 26
4152 1759437660283683640 26
4153 1759437660443683656 26
4154 1759437660542082184 1
4155 1759437660578376064 3
4156 1759437660603683672 26
4157 1759437660608741224 1
4158 1759437660608741232 9
4159 1759437660608741248 14
4160 1759437660608755240 2
4161 1759437660609073432 37
4162 1759437660609074608 6
4163 1759437660609074616 7
4164 1759437660609076608 5
4165 1759437660609076616 6
4166 1759437660609077432 38
4167 1759437660609078616 7
4168 1759437660609079496 8
4169 1759437660609079496 10
4170 1759437660645044336 3
4171 1759437660675409496 1
4172 1759437660675409504 9
4173 1759437660675409520 14
4174 1759437660675423504 2
4175 1759437660675741704 37
4176 1759437660675742880 6
4177 1759437660675742888 7
4178 1759437660675744880 5
4179 1759437660675744888 6
4180 1759437660675745704 38
4181 1759437660675746888 7
4182 1759437660675747768 8
4183 1759437660675747768 10
4184 1759437660711708704 3
4185 1759437660742073872 1
4186 1759437660742073880 9
4187 1759437660742073896 14
4188 1759437660742087872 2
4189 1759437660742406080 37
4190 1759437660742407256 6
4191 1759437660742407264 7
4192 1759437660742409256 5
4193 1759437660742409264 6
4194 1759437660742410080 38
4195 1759437660742411264 7
4196 1759437660742412144 8
4197 1759437660742412144 10
4198 1759437660763683688 26
4199 1759437660923683704 26
4200 1759437661000000016 32
4201 1759437661000019952 34
4202 1759437661083683720 26
4203 1759437661237605064 13
4204 1759437661329987368 22
4205 1759437661397602800 26
4206 1759437661542031816 1
4207 1759437661557602816 26
4208 1759437661578333592 3
4209 1759437661608698760 1
4210 1759437661608698768 9
4211 1759437661608698784 14
4212 1759437661608712760 2
4213 1759437661609030968 37
4214 1759437661609032144 6
4215 1759437661609032152 7
4216 1759437661609034144 5
4217 1759437661609034152 6
4218 1759437661609034968 38
4219 1759437661609036152 7
4220 1759437661609037032 8
4221 1759437661609037032 10
4222 1759437661645001960 3
4223 1759437661675367120 1
4224 1759437661675367128 9
4225 1759437661675367144 14
4226 1759437661675381128 2
4227 1759437661675699328 37
4228 1759437661675700504 6
4229 1759437661675700512 7
4230 1759437661675702504 5
4231 1759437661675702512 6
4232 1759437661675703328 38
4233 1759437661675704512 7
4234 1759437661675705392 8
4235 1759437661675705392 10
4236 1759437661711663224 3
4237 1759437661717602832 26
4238 1759437661742028408 1
4239 1759437661742028416 9
4240 1759437661742028432 14
4241 1759437661742042400 2
4242 1759437661742360616 37
4243 1759437661742361792 6
4244 1759437661742361800 7
4245 1759437661742363792 5
4246 1759437661742363800 6
4247 1759437661742364616 38
4248 1759437661742365800 7
4249 1759437661742366680 8
4250 1759437661742366680 10
4251 1759437661877602848 26
4252 1759437662000000016 32
4253 1759437662000019976 34
4254 1759437662037602864 26
4255 1759437662197602880 26
4256 1759437662357602896 26
4257 1759437662517602912 26
4258 1759437662542025336 1
4259 1759437662578333216 3
4260 1759437662608698392 1
4261 1759437662608698400 9
4262 1759437662608698416 14
4263 1759437662608712392 2
4264 1759437662609030600 37
4265 1759437662609031776 6
4266 1759437662609031784 7
4267 1759437662609033776 5
4268 1759437662609033784 6
4269 1759437662609034600 38
4270 1759437662609035784 7
4271 1759437662609036664 8
4272 1759437662609036664 10
4273 1759437662644998488 3
4274 1759437662675363656 1
4275 1759437662675363664 9
4276 1759437662675363680 14
4277 1759437662675377656 2
4278 1759437662675695864 37
4279 1759437662675697040 6
4280 1759437662675697048 7
4281 1759437662675699040 5
4282 1759437662675699048 6
4283 1759437662675699864 38
4284 1759437662675701048 7
4285 1759437662675701928 8
4286 1759437662675701928 10
4287 1759437662677602928 26
4288 1759437662711667752 3
4289 1759437662742032928 1
4290 1759437662742032936 9
4291 1759437662742032952 14
4292 1759437662742046928 2
4293 1759437662742365136 37
4294 1759437662742366312 6
4295 1759437662742366320 7
4296 1759437662742368312 5
4297 1759437662742368320 6
4298 1759437662742369136 38
4299 1759437662742370320 7
4300 1759437662742371200 8
4301 1759437662742371200 10
4302 1759437662837602944 26
4303 1759437662997602960 26
4304 1759437663000000016 32
4305 1759437663000020008 34
4306 1759437663157602976 26
4307 1759437663317602992 26
4308 1759437663477603008 26
4309 1759437663542039976 1
4310 1759437663578345744 3
4311 1759437663608710920 1
4312 1759437663608710928 9
4313 1759437663608710944 14
4314 1759437663608724920 2
4315 1759437663609043128 37
4316 1759437663609044304 6
4317 1759437663609044312 7
4318 1759437663609046304 5
4319 1759437663609046312 6
4320 1759437663609047128 38
4321 1759437663609048312 7
4322 1759437663609049192 8
4323 1759437663609049192 10
4324 1759437663637603024 26
4325 1759437663645013112 3
4326 1759437663675378280 1
4327 1759437663675378288 9
4328 1759437663675378304 14
4329 1759437663675392288 2
4330 1759437663675710488 37
4331 1759437663675711664 6
4332 1759437663675711672 7
4333 1759437663675713664 5
4334 1759437663675713672 6
4335 1759437663675714488 38
4336 1759437663675715672 7
4337 1759437663675716552 8
4338 1759437663675716552 10
4339 1759437663711681384 3
4340 1759437663742046552 1
4341 1759437663742046560 9
4342 1759437663742046576 14
4343 1759437663742060552 2
4344 1759437663742378760 37
4345 1759437663742379936 6
4346 1759437663742379944 7
4347 1759437663742381936 5
4348 1759437663742381944 6
4349 1759437663742382760 38
4350 1759437663742383944 7
4351 1759437663742384824 8
4352 1759437663742384824 10
4353 1759437663797603040 26
4354 1759437663957603056 26
4355 1759437664000000016 32
4356 1759437664000020032 34
4357 1759437664117603072 26
4358 1759437664277603088 26
4359 1759437664318276416 22
4360 1759437664437603104 26
4361 1759437664542055488 1
4362 1759437664578361376 3
4363 1759437664597603120 26
4364 1759437664608726544 1
4365 1759437664608726552 9
4366 1759437664608726568 14
4367 1759437664608740544 2
4368 1759437664609058752 37
4369 1759437664609059928 6
4370 1759437664609059936 7
4371 1759437664609061928 5
4372 1759437664609061936 6
4373 1759437664609062752 38
4374 1759437664609063936 7
4375 1759437664609064816 8
4376 1759437664609064816 10
4377 1759437664645030640 3
4378 1759437664675395816 1
4379 1759437664675395824 9
4380 1759437664675395840 14
4381 1759437664675409816 2
4382 1759437664675728024 37
4383 1759437664675729200 6
4384 1759437664675729208 7
4385 1759437664675731200 5
4386 1759437664675731208 6
4387 1759437664675732024 38
4388 1759437664675733208 7
4389 1759437664675734088 8
4390 1759437664675734088 10
4391 1759437664711699912 3
4392 1759437664712729592 13
4393 1759437664742065072 1
4394 1759437664742065080 9
4395 1759437664742065096 14
4396 1759437664742079080 2
4397 1759437664742397280 37
4398 1759437664742398456 6
4399 1759437664742398464 7
4400 1759437664742400456 5
4401 1759437664742400464 6
4402 1759437664742401280 38
4403 1759437664742402464 7
4404 1759437664742403344 8
4405 1759437664742403344 10
4406 1759437664872727328 26
4407 1759437665000000016 32
4408 1759437665000019960 34
4409 1759437665032727344 26
4410 1759437665192727360 26
4411 1759437665352727376 26
4412 1759437665512727392 26
4413 1759437665542093120 1
4414 1759437665578402896 3
4415 1759437665608768072 1
4416 1759437665608768080 9
4417 1759437665608768096 14
4418 1759437665608782072 2
4419 1759437665609100280 37
4420 1759437665609101456 6
4421 1759437665609101464 7
4422 1759437665609103456 5
4423 1759437665609103464 6
4424 1759437665609104280 38
4425 1759437665609105464 7
4426 1759437665609106344 8
4427 1759437665609106344 10
4428 1759437665645070168 3
4429 1759437665672727408 26
4430 1759437665675435336 1
4431 1759437665675435344 9
4432 1759437665675435360 14
4433 1759437665675449344 2
4434 1759437665675767544 37
4435 1759437665675768720 6
4436 1759437665675768728 7
4437 1759437665675770720 5
4438 1759437665675770728 6
4439 1759437665675771544 38
4440 1759437665675772728 7
4441 1759437665675773608 8
4442 1759437665675773608 10
4443 1759437665711741536 3
4444 1759437665742106704 1
4445 1759437665742106712 9
4446 1759437665742106728 14
4447 1759437665742120712 2
4448 1759437665742438912 37
4449 1759437665742440088 6
4450 1759437665742440096 7
4451 1759437665742442088 5
4452 1759437665742442096 6
4453 1759437665742442912 38
4454 1759437665742444096 7
4455 1759437665742444976 8
4456 1759437665742444976 10
4457 1759437665832727424 26
4458 1759437665992727440 26
4459 1759437666000000016 32
4460 1759437666000019984 34
4461 1759437666152727456 26
4462 1759437666312727472 26
4463 1759437666472727488 26
4464 1759437666475487392 1
4465 1759437666542163320 1
4466 1759437666542177328 2
4467 1759437666578470424 3
4468 1759437666608835600 1
4469 1759437666608835608 9
4470 1759437666608835624 14
4471 1759437666608849600 2
4472 1759437666609167808 37
4473 1759437666609168984 6
4474 1759437666609168992 7
4475 1759437666609170984 5
4476 1759437666609170992 6
4477 1759437666609171808 38
4478 1759437666609172992 7
4479 1759437666609173872 8
4480 1759437666609173872 10
4481 1759437666632727504 26
4482 1759437666645145800 3
4483 1759437666675510968 1
4484 1759437666675510976 9
4485 1759437666675510992 14
4486 1759437666675524968 2
4487 1759437666675843176 37
4488 1759437666675844352 6
4489 1759437666675844360 7
4490 1759437666675846352 5
4491 1759437666675846360 6
4492 1759437666675847176 38
4493 1759437666675848360 7
4494 1759437666675849240 8
4495 1759437666675849240 10
4496 1759437666711818064 3
4497 1759437666742183240 1
4498 1759437666742183248 9
4499 1759437666742183264 14
4500 1759437666742197240 2
4501 1759437666742515448 37
4502 1759437666742516624 6
4503 1759437666742516632 7
4504 1759437666742518624 5
4505 1759437666742518632 6
4506 1759437666742519448 38
4507 1759437666742520632 7
4508 1759437666742521512 8
4509 1759437666742521512 10
4510 1759437666792727520 26
4511 1759437666952727536 26
4512 1759437667000000016 32
4513 1759437667000020016 34
4514 1759437667112727552 26
4515 1759437667272727568 26
4516 1759437667306565464 22
4517 1759437667432727584 26
4518 1759437667542260176 1
4519 1759437667578570056 3
4520 1759437667592727600 26
4521 1759437667608935232 1
4522 1759437667608935240 9
4523 1759437667608935256 14
4524 1759437667608949224 2
4525 1759437667609267440 37
4526 1759437667609268616 6
4527 1759437667609268624 7
4528 1759437667609270616 5
4529 1759437667609270624 6
4530 1759437667609271440 38
4531 1759437667609272624 7
4532 1759437667609273504 8
4533 1759437667609273504 10
4534 1759437667645243320 3
4535 1759437667675608488 1
4536 1759437667675608496 9
4537 1759437667675608512 14
4538 1759437667675622496 2
4539 1759437667675940696 37
4540 1759437667675941872 6
4541 1759437667675941880 7
4542 1759437667675943872 5
4543 1759437667675943880 6
4544 1759437667675944696 38
4545 1759437667675945880 7
4546 1759437667675946760 8
4547 1759437667675946760 10
4548 1759437667711918696 3
4549 1759437667742283872 1
4550 1759437667742283880 9
4551 1759437667742283896 14
4552 1759437667742297864 2
4553 1759437667742616080 37
4554 1759437667742617256 6
4555 1759437667742617264 7
4556 1759437667742619256 5
4557 1759437667742619264 6
4558 1759437667742620080 38
4559 1759437667742621264 7
4560 1759437667742622144 8
4561 1759437667742622144 10
4562 1759437667752727616 26
4563 1759437667838000560 13
4564 1759437667997998296 26
4565 1759437668000000016 32
4566 1759437668000019944 34
4567 1759437668157998312 26
4568 1759437668317998328 26
4569 1759437668477998344 26
4570 1759437668542366808 1
4571 1759437668578680584 3
4572 1759437668609045744 1
4573 1759437668609045752 9
4574 1759437668609045768 14
4575 1759437668609059752 2
4576 1759437668609377952 37
4577 1759437668609379128 6
4578 1759437668609379136 7
4579 1759437668609381128 5
4580 1759437668609381136 6
4581 1759437668609381952 38
4582 1759437668609383136 7
4583 1759437668609384016 8
4584 1759437668609384016 10
4585 1759437668637998360 26
4586 1759437668645353952 3
4587 1759437668675719128 1
4588 1759437668675719136 9
4589 1759437668675719152 14
4590 1759437668675733120 2
4591 1759437668676051336 37
4592 1759437668676052512 6
4593 1759437668676052520 7
4594 1759437668676054512 5
4595 1759437668676054520 6
4596 1759437668676055336 38
4597 1759437668676056520 7
4598 1759437668676057400 8
4599 1759437668676057400 10
4600 1759437668712031224 3
4601 1759437668742396384 1
4602 1759437668742396392 9
4603 1759437668742396408 14
4604 1759437668742410392 2
4605 1759437668742728592 37
4606 1759437668742729768 6
4607 1759437668742729776 7
4608 1759437668742731768 5
4609 1759437668742731776 6
4610 1759437668742732592 38
4611 1759437668742733776 7
4612 1759437668742734656 8
4613 1759437668742734656 10
4614 1759437668797998376 26
4615 1759437668957998392 26
4616 1759437669000000016 32
4617 1759437669000019968 34
4618 1759437669117998408 26
4619 1759437669277998424 26
4620 1759437669437998440 26
4621 1759437669542477344 1
4622 1759437669578791208 3
4623 1759437669597998456 26
4624 1759437669609156384 1
4625 1759437669609156392 9
4626 1759437669609156408 14
4627 1759437669609170384 2
4628 1759437669609488592 37
4629 1759437669609489768 6
4630 1759437669609489776 7
4631 1759437669609491768 5
4632 1759437669609491776 6
4633 1759437669609492592 38
4634 1759437669609493776 7
4635 1759437669609494656 8
4636 1759437669609494656 10
4637 1759437669645466480 3
4638 1759437669675831640 1
4639 1759437669675831648 9
4640 1759437669675831664 14
4641 1759437669675845648 2
4642 1759437669676163848 37
4643 1759437669676165024 6
4644 1759437669676165032 7
4645 1759437669676167024 5
4646 1759437669676167032 6
4647 1759437669676167848 38
4648 1759437669676169032 7
4649 1759437669676169912 8
4650 1759437669676169912 10
4651 1759437669712139744 3
4652 1759437669742504920 1
4653 1759437669742504928 9
4654 1759437669742504944 14
4655 1759437669742518920 2
4656 1759437669742837128 37
4657 1759437669742838304 6
4658 1759437669742838312 7
4659 1759437669742840304 5
4660 1759437669742840312 6
4661 1759437669742841128 38
4662 1759437669742842312 7
4663 1759437669742843192 8
4664 1759437669742843192 10
4665 1759437669757998472 26
4666 1759437669917998488 26
4667 1759437670000000016 32
4668 1759437670000019992 34
4669 1759437670077998504 26
4670 1759437670237998520 26
4671 1759437670294854512 22
4672 1759437670397998536 26
4673 1759437670464221672 13
4674 1759437670542604960 1
4675 1759437670578916736 3
4676 1759437670609281896 1
4677 1759437670609281904 9
4678 1759437670609281920 14
4679 1759437670609295904 2
4680 1759437670609614104 37
4681 1759437670609615280 6
4682 1759437670609615288 7
4683 1759437670609617280 5
4684 1759437670609617288 6
4685 1759437670609618104 38
4686 1759437670609619288 7
4687 1759437670609620168 8
4688 1759437670609620168 10
4689 1759437670624219408 26
4690 1759437670645594104 3
4691 1759437670675959280 1
4692 1759437670675959288 9
4693 1759437670675959304 14
4694 1759437670675973272 2
4695 1759437670676291488 37
4696 1759437670676292664 6
4697 1759437670676292672 7
4698 1759437670676294664 5
4699 1759437670676294672 6
4700 1759437670676295488 38
4701 1759437670676296672 7
4702 1759437670676297552 8
4703 1759437670676297552 10
4704 1759437670712269368 3
4705 1759437670742634536 1
4706 1759437670742634544 9
4707 1759437670742634560 14
4708 1759437670742648544 2
4709 1759437670742966744 37
4710 1759437670742967920 6
4711 1759437670742967928 7
4712 1759437670742969920 5
4713 1759437670742969928 6
4714 1759437670742970744 38
4715 1759437670742971928 7
4716 1759437670742972808 8
4717 1759437670742972808 10
4718 1759437670784219424 26
4719 1759437670944219440 26
4720 1759437671000000016 32
4721 1759437671000020024 34
4722 1759437671104219456 26
4723 1759437671264219472 26
4724 1759437671424219488 26
4725 1759437671542743488 1
4726 1759437671579061360 3
4727 1759437671584219504 26
4728 1759437671609426528 1
4729 1759437671609426536 9
4730 1759437671609426552 14
4731 1759437671609440536 2
4732 1759437671609758736 37
4733 1759437671609759912 6
4734 1759437671609759920 7
4735 1759437671609761912 5
4736 1759437671609761920 6
4737 1759437671609762736 38
4738 1759437671609763920 7
4739 1759437671609764800 8
4740 1759437671609764800 10
4741 1759437671645738632 3
4742 1759437671676103792 1
4743 1759437671676103800 9
4744 1759437671676103816 14
4745 1759437671676117800 2
4746 1759437671676436000 37
4747 1759437671676437176 6
4748 1759437671676437184 7
4749 1759437671676439176 5
4750 1759437671676439184 6
4751 1759437671676440000 38
4752 1759437671676441184 7
4753 1759437671676442064 8
4754 1759437671676442064 10
4755 1759437671712415896 3
4756 1759437671742781072 1
4757 1759437671742781080 9
4758 1759437671742781096 14
4759 1759437671742795072 2
4760 1759437671743113280 37
4761 1759437671743114456 6
4762 1759437671743114464 7
4763 1759437671743116456 5
4764 1759437671743116464 6
4765 1759437671743117280 38
4766 1759437671743118464 7
4767 1759437671743119344 8
4768 1759437671743119344 10
4769 1759437671744219520 26
4770 1759437671904219536 26
4771 1759437672000000016 32
4772 1759437672000019944 34
4773 1759437672064219552 26
4774 1759437672224219568 26
4775 1759437672384219584 26
4776 1759437672542902112 1
4777 1759437672544219600 26
4778 1759437672579219888 3
4779 1759437672586628752 13
4780 1759437672609585056 1
4781 1759437672609585064 9
4782 1759437672609585080 14
4783 1759437672609599056 2
4784 1759437672609917264 37
4785 1759437672609918440 6
4786 1759437672609918448 7
4787 1759437672609920440 5
4788 1759437672609920448 6
4789 1759437672609921264 38
4790 1759437672609922448 7
4791 1759437672609923328 8
4792 1759437672609923328 10
4793 1759437672645895152 3
4794 1759437672676260336 1
4795 1759437672676260344 9
4796 1759437672676260360 14
4797 1759437672676274328 2
4798 1759437672676592544 37
4799 1759437672676593720 6
4800 1759437672676593728 7
4801 1759437672676595720 5
4802 1759437672676595728 6
4803 1759437672676596544 38
4804 1759437672676597728 7
4805 1759437672676598608 8
4806 1759437672676598608 10
4807 1759437672712571520 3
4808 1759437672742936696 1
4809 1759437672742936704 9
4810 1759437672742936720 14
4811 1759437672742950696 2
4812 1759437672743268904 37
4813 1759437672743270080 6
4814 1759437672743270088 7
4815 1759437672743272080 5
4816 1759437672743272088 6
4817 1759437672743272904 38
4818 1759437672743274088 7
4819 1759437672743274968 8
4820 1759437672743274968 10
4821 1759437672746626488 26
4822 1759437672906626504 26
4823 1759437673000000016 32
4824 1759437673000019976 34
4825 1759437673066626520 26
4826 1759437673226626536 26
4827 1759437673283143560 22
4828 1759437673386626552 26
4829 1759437673543058640 1
4830 1759437673546626568 26
4831 1759437673579372512 3
4832 1759437673609737680 1
4833 1759437673609737688 9
4834 1759437673609737704 14
4835 1759437673609751688 2
4836 1759437673610069888 37
4837 1759437673610071064 6
4838 1759437673610071072 7
4839 1759437673610073064 5
4840 1759437673610073072 6
4841 1759437673610073888 38
4842 1759437673610075072 7
4843 1759437673610075952 8
4844 1759437673610075952 10
4845 1759437673646048784 3
4846 1759437673676413960 1
4847 1759437673676413968 9
4848 1759437673676413984 14
4849 1759437673676427952 2
4850 1759437673676746168 37
4851 1759437673676747344 6
4852 1759437673676747352 7
4853 1759437673676749344 5
4854 1759437673676749352 6
4855 1759437673676750168 38
4856 1759437673676751352 7
4857 1759437673676752232 8
4858 1759437673676752232 10
4859 1759437673706626584 26
4860 1759437673712723048 3
4861 1759437673743088216 1
4862 1759437673743088224 9
4863 1759437673743088240 14
4864 1759437673743102224 2
4865 1759437673743420424 37
4866 1759437673743421600 6
4867 1759437673743421608 7
4868 1759437673743423600 5
4869 1759437673743423608 6
4870 1759437673743424424 38
4871 1759437673743425608 7
4872 1759437673743426488 8
4873 1759437673743426488 10
4874 1759437673866626600 26
4875 1759437674000000016 32
4876 1759437674000020000 34
4877 1759437674026626616 26
4878 1759437674186626632 26
4879 1759437674346626648 26
4880 1759437674506626664 26
4881 1759437674543207256 1
4882 1759437674579522040 3
4883 1759437674591019968 13
4884 1759437674609887216 1
4885 1759437674609887224 9
4886 1759437674609887240 14
4887 1759437674609901208 2
4888 1759437674610219424 37
4889 1759437674610220600 6
4890 1759437674610220608 7
4891 1759437674610222600 5
4892 1759437674610222608 6
4893 1759437674610223424 38
4894 1759437674610224608 7
4895 1759437674610225488 8
4896 1759437674610225488 10
4897 1759437674646203304 3
4898 1759437674676568480 1
4899 1759437674676568488 9
4900 1759437674676568504 14
4901 1759437674676582480 2
4902 1759437674676900688 37
4903 1759437674676901864 6
4904 1759437674676901872 7
4905 1759437674676903864 5
4906 1759437674676903872 6
4907 1759437674676904688 38
4908 1759437674676905872 7
4909 1759437674676906752 8
4910 1759437674676906752 10
4911 1759437674712877680 3
4912 1759437674743242840 1
4913 1759437674743242848 9
4914 1759437674743242864 14
4915 1759437674743256848 2
4916 1759437674743575048 37
4917 1759437674743576224 6
4918 1759437674743576232 7
4919 1759437674743578224 5
4920 1759437674743578232 6
4921 1759437674743579048 38
4922 1759437674743580232 7
4923 1759437674743581112 8
4924 1759437674743581112 10
4925 1759437674751017704 26
4926 1759437674911017720 26
4927 1759437675000000016 32
4928 1759437675000020024 34
4929 1759437675071017736 26
4930 1759437675231017752 26
4931 1759437675391017768 26
4932 1759437675543375792 1
4933 1759437675551017784 26
4934 1759437675579695568 3
4935 1759437675610060736 1
4936 1759437675610060744 9
4937 1759437675610060760 14
4938 1759437675610074736 2
4939 1759437675610392944 37
4940 1759437675610394120 6
4941 1759437675610394128 7
4942 1759437675610396120 5
4943 1759437675610396128 6
4944 1759437675610396944 38
4945 1759437675610398128 7
4946 1759437675610399008 8
4947 1759437675610399008 10
4948 1759437675646372936 3
4949 1759437675676738096 1
4950 1759437675676738104 9
4951 1759437675676738120 14
4952 1759437675676752104 2
4953 1759437675677070304 37
4954 1759437675677071480 6
4955 1759437675677071488 7
4956 1759437675677073480 5
4957 1759437675677073488 6
4958 1759437675677074304 38
4959 1759437675677075488 7
4960 1759437675677076368 8
4961 1759437675677076368 10
4962 1759437675711017800 26
4963 1759437675713052200 3
4964 1759437675743417360 1
4965 1759437675743417368 9
4966 1759437675743417384 14
4967 1759437675743431376 2
4968 1759437675743749568 37
4969 1759437675743750744 6
4970 1759437675743750752 7
4971 1759437675743752744 5
4972 1759437675743752752 6
4973 1759437675743753568 38
4974 1759437675743754752 7
4975 1759437675743755632 8
4976 1759437675743755632 10
4977 1759437675871017816 26
4978 1759437676000000016 32
4979 1759437676000019952 34
4980 1759437676031017832 26
4981 1759437676191017848 26
4982 1759437676271432608 22
4983 1759437676351017864 26
4984 1759437676476889048 1
4985 1759437676511017880 26
4986 1759437676543573992 1
4987 1759437676543587992 2
4988 1759437676579887184 3
4989 1759437676610252360 1
4990 1759437676610252368 9
4991 1759437676610252384 14
4992 1759437676610266360 2
4993 1759437676610584568 37
4994 1759437676610585744 6
4995 1759437676610585752 7
4996 1759437676610587744 5
4997 1759437676610587752 6
4998 1759437676610588568 38
4999 1759437676610589752 7
5000 1759437676610590632 8
5001 1759437676610590632 10
5002 1759437676646567456 3
5003 1759437676671017896 26
5004 1759437676676932624 1
5005 1759437676676932632 9
5006 1759437676676932648 14
5007 1759437676676946624 2
5008 1759437676677264832 37
5009 1759437676677266008 6
5010 1759437676677266016 7
5011 1759437676677268008 5
5012 1759437676677268016 6
5013 1759437676677268832 38
5014 1759437676677270016 7
5015 1759437676677270896 8
5016 1759437676677270896 10
5017 1759437676713250824 3
5018 1759437676743615992 1
5019 1759437676743616000 9
5020 1759437676743616016 14
5021 1759437676743629992 2
5022 1759437676743948200 37
5023 1759437676743949376 6
5024 1759437676743949384 7
5025 1759437676743951376 5
5026 1759437676743951384 6
5027 1759437676743952200 38
5028 1759437676743953384 7
5029 1759437676743954264 8
5030 1759437676743954264 10
5031 1759437676831017912 26
5032 1759437676991017928 26
5033 1759437677000000016 32
5034 1759437677000019976 34
5035 1759437677151017944 26
5036 1759437677311017960 26
5037 1759437677471017976 26
5038 1759437677543778936 1
5039 1759437677580099712 3
5040 1759437677610464880 1
5041 1759437677610464888 9
5042 1759437677610464904 14
5043 1759437677610478880 2
5044 1759437677610797088 37
5045 1759437677610798264 6
5046 1759437677610798272 7
5047 1759437677610800264 5
5048 1759437677610800272 6
5049 1759437677610801088 38
5050 1759437677610802272 7
5051 1759437677610803152 8
5052 1759437677610803152 10
5053 1759437677631017992 26
5054 1759437677646783080 3
5055 1759437677677148248 1
5056 1759437677677148256 9
5057 1759437677677148272 14
5058 1759437677677162248 2
5059 1759437677677480456 37
5060 1759437677677481632 6
5061 1759437677677481640 7
5062 1759437677677483632 5
5063 1759437677677483640 6
5064 1759437677677484456 38
5065 1759437677677485640 7
5066 1759437677677486520 8
5067 1759437677677486520 10
5068 1759437677713460344 3
5069 1759437677743825512 1
5070 1759437677743825520 9
5071 1759437677743825536 14
5072 1759437677743839520 2
5073 1759437677744157720 37
5074 1759437677744158896 6
5075 1759437677744158904 7
5076 1759437677744160896 5
5077 1759437677744160904 6
5078 1759437677744161720 38
5079 1759437677744162904 7
5080 1759437677744163784 8
5081 1759437677744163784 10
5082 1759437677791018008 26
5083 1759437677951018024 26
5084 1759437678000000016 32
5085 1759437678000019992 34
5086 1759437678043049704 13
5087 1759437678203047440 26
5088 1759437678363047456 26
5089 1759437678523047472 26
5090 1759437678544015456 1
5091 1759437678580333336 3
5092 1759437678610698504 1
5093 1759437678610698512 9
5094 1759437678610698528 14
5095 1759437678610712504 2
5096 1759437678611030712 37
5097 1759437678611031888 6
5098 1759437678611031896 7
5099 1759437678611033888 5
5100 1759437678611033896 6
5101 1759437678611034712 38
5102 1759437678611035896 7
5103 1759437678611036776 8
5104 1759437678611036776 10
5105 1759437678647016600 3
5106 1759437678677381768 1
5107 1759437678677381776 9
5108 1759437678677381792 14
5109 1759437678677395776 2
5110 1759437678677713976 37
5111 1759437678677715152 6
5112 1759437678677715160 7
5113 1759437678677717152 5
5114 1759437678677717160 6
5115 1759437678677717976 38
5116 1759437678677719160 7
5117 1759437678677720040 8
5118 1759437678677720040 10
5119 1759437678683047488 26
5120 1759437678713696968 3
5121 1759437678744062136 1
5122 1759437678744062144 9
5123 1759437678744062160 14
5124 1759437678744076144 2
5125 1759437678744394344 37
5126 1759437678744395520 6
5127 1759437678744395528 7
5128 1759437678744397520 5
5129 1759437678744397528 6
5130 1759437678744398344 38
5131 1759437678744399528 7
5132 1759437678744400408 8
5133 1759437678744400408 10
5134 1759437678843047504 26
5135 1759437679000000016 32
5136 1759437679000020024 34
5137 1759437679003047520 26
5138 1759437679163047536 26
5139 1759437679259721656 22
5140 1759437679323047552 26
5141 1759437679483047568 26
5142 1759437679544240080 1
5143 1759437679580559856 3
5144 1759437679610925016 1
5145 1759437679610925024 9
5146 1759437679610925040 14
5147 1759437679610939032 2
5148 1759437679611257224 37
5149 1759437679611258400 6
5150 1759437679611258408 7
5151 1759437679611260400 5
5152 1759437679611260408 6
5153 1759437679611261224 38
5154 1759437679611262408 7
5155 1759437679611263288 8
5156 1759437679611263288 10
5157 1759437679643047584 26
5158 1759437679647241224 3
5159 1759437679677606384 1
5160 1759437679677606392 9
5161 1759437679677606408 14
5162 1759437679677620400 2
5163 1759437679677938592 37
5164 1759437679677939768 6
5165 1759437679677939776 7
5166 1759437679677941768 5
5167 1759437679677941776 6
5168 1759437679677942592 38
5169 1759437679677943776 7
5170 1759437679677944656 8
5171 1759437679677944656 10
5172 1759437679713924496 3
5173 1759437679744289656 1
5174 1759437679744289664 9
5175 1759437679744289680 14
5176 1759437679744303664 2
5177 1759437679744621864 37
5178 1759437679744623040 6
5179 1759437679744623048 7
5180 1759437679744625040 5
5181 1759437679744625048 6
5182 1759437679744625864 38
5183 1759437679744627048 7
5184 1759437679744627928 8
5185 1759437679744627928 10
5186 1759437679803047600 26
5187 1759437679963047616 26
5188 1759437680000000016 32
5189 1759437680000019944 34
5190 1759437680123047632 26
5191 1759437680283047648 26
5192 1759437680443047664 26
5193 1759437680465500776 13
5194 1759437680544473600 1
5195 1759437680580794480 3
5196 1759437680611159648 1
5197 1759437680611159656 9
5198 1759437680611159672 14
5199 1759437680611173656 2
5200 1759437680611491856 37
5201 1759437680611493032 6
5202 1759437680611493040 7
5203 1759437680611495032 5
5204 1759437680611495040 6
5205 1759437680611495856 38
5206 1759437680611497040 7
5207 1759437680611497920 8
5208 1759437680611497920 10
5209 1759437680625498512 26
5210 1759437680647476752 3
5211 1759437680677841912 1
5212 1759437680677841920 9
5213 1759437680677841936 14
5214 1759437680677855920 2
5215 1759437680678174120 37
5216 1759437680678175296 6
5217 1759437680678175304 7
5218 1759437680678177296 5
5219 1759437680678177304 6
5220 1759437680678178120 38
5221 1759437680678179304 7
5222 1759437680678180184 8
5223 1759437680678180184 10
5224 1759437680714158016 3
5225 1759437680744523176 1
5226 1759437680744523184 9
5227 1759437680744523200 14
5228 1759437680744537192 2
5229 1759437680744855384 37
5230 1759437680744856560 6
5231 1759437680744856568 7
5232 1759437680744858560 5
5233 1759437680744858568 6
5234 1759437680744859384 38
5235 1759437680744860568 7
5236 1759437680744861448 8
5237 1759437680744861448 10
5238 1759437680785498528 26
5239 1759437680945498544 26
5240 1759437681000000016 32
5241 1759437681000019968 34
5242 1759437681105498560 26
5243 1759437681265498576 26
5244 1759437681425498592 26
5245 1759437681544705224 1
5246 1759437681581028008 3
5247 1759437681585498608 26
5248 1759437681611393168 1
5249 1759437681611393176 9
5250 1759437681611393192 14
5251 1759437681611407176 2
5252 1759437681611725376 37
5253 1759437681611726552 6
5254 1759437681611726560 7
5255 1759437681611728552 5
5256 1759437681611728560 6
5257 1759437681611729376 38
5258 1759437681611730560 7
5259 1759437681611731440 8
5260 1759437681611731440 10
5261 1759437681647709376 3
5262 1759437681678074536 1
5263 1759437681678074544 9
5264 1759437681678074560 14
5265 1759437681678088544 2
5266 1759437681678406744 37
5267 1759437681678407920 6
5268 1759437681678407928 7
5269 1759437681678409920 5
5270 1759437681678409928 6
5271 1759437681678410744 38
5272 1759437681678411928 7
5273 1759437681678412808 8
5274 1759437681678412808 10
5275 1759437681714394640 3
5276 1759437681744759808 1
5277 1759437681744759816 9
5278 1759437681744759832 14
5279 1759437681744773816 2
5280 1759437681745092016 37
5281 1759437681745093192 6
5282 1759437681745093200 7
5283 1759437681745095192 5
5284 1759437681745095200 6
5285 1759437681745096016 38
5286 1759437681745097200 7
5287 1759437681745098080 8
5288 1759437681745098080 10
5289 1759437681745498624 26
5290 1759437681905498640 26
5291 1759437682000000016 32
5292 1759437682000019992 34
5293 1759437682065498656 26
5294 1759437682225498672 26
5295 1759437682248010704 22
5296 1759437682385498688 26
5297 1759437682544941752 1
5298 1759437682545498704 26
5299 1759437682581261632 3
5300 1759437682611626792 1
5301 1759437682611626800 9
5302 1759437682611626816 14
5303 1759437682611640808 2
5304 1759437682611959000 37
5305 1759437682611960176 6
5306 1759437682611960184 7
5307 1759437682611962176 5
5308 1759437682611962184 6
5309 1759437682611963000 38
5310 1759437682611964184 7
5311 1759437682611965064 8
5312 1759437682611965064 10
5313 1759437682647941904 3
5314 1759437682678307080 1
5315 1759437682678307088 9
5316 1759437682678307104 14
5317 1759437682678321072 2
5318 1759437682678639288 37
5319 1759437682678640464 6
5320 1759437682678640472 7
5321 1759437682678642464 5
5322 1759437682678642472 6
5323 1759437682678643288 38
5324 1759437682678644472 7
5325 1759437682678645352 8
5326 1759437682678645352 10
5327 1759437682705498720 26
5328 1759437682714625168 3
5329 1759437682744990344 1
5330 1759437682744990352 9
5331 1759437682744990368 14
5332 1759437682745004344 2
5333 1759437682745322552 37
5334 1759437682745323728 6
5335 1759437682745323736 7
5336 1759437682745325728 5
5337 1759437682745325736 6
5338 1759437682745326552 38
5339 1759437682745327736 7
5340 1759437682745328616 8
5341 1759437682745328616 10
5342 1759437682865498736 26
5343 1759437683000000016 32
5344 1759437683000020024 34
5345 1759437683025498752 26
5346 1759437683029777624 13
5347 1759437683189775360 26
5348 1759437683349775376 26
5349 1759437683509775392 26
5350 1759437683545164384 1
5351 1759437683581483160 3
5352 1759437683611848328 1
5353 1759437683611848336 9
5354 1759437683611848352 14
5355 1759437683611862328 2
5356 1759437683612180536 37
5357 1759437683612181712 6
5358 1759437683612181720 7
5359 1759437683612183712 5
5360 1759437683612183720 6
5361 1759437683612184536 38
5362 1759437683612185720 7
5363 1759437683612186600 8
5364 1759437683612186600 10
5365 1759437683648167424 3
5366 1759437683669775408 26
5367 1759437683678532592 1
5368 1759437683678532600 9
5369 1759437683678532616 14
5370 1759437683678546600 2
5371 1759437683678864800 37
5372 1759437683678865976 6
5373 1759437683678865984 7
5374 1759437683678867976 5
5375 1759437683678867984 6
5376 1759437683678868800 38
5377 1759437683678869984 7
5378 1759437683678870864 8
5379 1759437683678870864 10
5380 1759437683714838792 3
5381 1759437683745203976 1
5382 1759437683745203984 9
5383 1759437683745204000 14
5384 1759437683745217968 2
5385 1759437683745536184 37
5386 1759437683745537360 6
5387 1759437683745537368 7
5388 1759437683745539360 5
5389 1759437683745539368 6
5390 1759437683745540184 38
5391 1759437683745541368 7
5392 1759437683745542248 8
5393 1759437683745542248 10
5394 1759437683829775424 26
5395 1759437683989775440 26
5396 1759437684000000016 32
5397 1759437684000019944 34
5398 1759437684149775456 26
5399 1759437684309775472 26
5400 1759437684469775488 26
5401 1759437684545382912 1
5402 1759437684581703688 3
5403 1759437684612068856 1
5404 1759437684612068864 9
5405 1759437684612068880 14
5406 1759437684612082856 2
5407 1759437684612401064 37
5408 1759437684612402240 6
5409 1759437684612402248 7
5410 1759437684612404240 5
5411 1759437684612404248 6
5412 1759437684612405064 38
5413 1759437684612406248 7
5414 1759437684612407128 8
5415 1759437684612407128 10
5416 1759437684629775504 26
5417 1759437684648386056 3
5418 1759437684678751224 1
5419 1759437684678751232 9
5420 1759437684678751248 14
5421 1759437684678765224 2
5422 1759437684679083432 37
5423 1759437684679084608 6
5424 1759437684679084616 7
5425 1759437684679086608 5
5426 1759437684679086616 6
5427 1759437684679087432 38
5428 1759437684679088616 7
5429 1759437684679089496 8
5430 1759437684679089496 10
5431 1759437684715067320 3
5432 1759437684745432496 1
5433 1759437684745432504 9
5434 1759437684745432520 14
5435 1759437684745446496 2
5436 1759437684745764704 37
5437 1759437684745765880 6
5438 1759437684745765888 7
5439 1759437684745767880 5
5440 1759437684745767888 6
5441 1759437684745768704 38
5442 1759437684745769888 7
5443 1759437684745770768 8
5444 1759437684745770768 10
5445 1759437684789775520 26
5446 1759437684949775536 26
5447 1759437685000000016 32
5448 1759437685000019976 34
5449 1759437685109775552 26
5450 1759437685236299752 22
5451 1759437685269775568 26
5452 1759437685429775584 26
5453 1759437685545616536 1
5454 1759437685581937312 3
5455 1759437685589775600 26
5456 1759437685612302480 1
5457 1759437685612302488 9
5458 1759437685612302504 14
5459 1759437685612316480 2
5460 1759437685612634688 37
5461 1759437685612635864 6
5462 1759437685612635872 7
5463 1759437685612637864 5
5464 1759437685612637872 6
5465 1759437685612638688 38
5466 1759437685612639872 7
5467 1759437685612640752 8
5468 1759437685612640752 10
5469 1759437685648621576 3
5470 1759437685678986752 1
5471 1759437685678986760 9
5472 1759437685678986776 14
5473 1759437685679000752 2
5474 1759437685679318960 37
5475 1759437685679320136 6
5476 1759437685679320144 7
5477 1759437685679322136 5
5478 1759437685679322144 6
5479 1759437685679322960 38
5480 1759437685679324144 7
5481 1759437685679325024 8
5482 1759437685679325024 10
5483 1759437685715302952 3
5484 1759437685745668120 1
5485 1759437685745668128 9
5486 1759437685745668144 14
5487 1759437685745682120 2
5488 1759437685746000328 37
5489 1759437685746001504 6
5490 1759437685746001512 7
5491 1759437685746003504 5
5492 1759437685746003512 6
5493 1759437685746004328 38
5494 1759437685746005512 7
5495 1759437685746006392 8
5496 1759437685746006392 10
5497 1759437685749775616 26
5498 1759437685909775632 26
5499 1759437686000000016 32
5500 1759437686000020000 34
5501 1759437686069775648 26
5502 1759437686229775664 26
5503 1759437686389775680 26
5504 1759437686479163792 1
5505 1759437686545847736 1
5506 1759437686545861744 2
5507 1759437686549775696 26
5508 1759437686582163840 3
5509 1759437686612529000 1
5510 1759437686612529008 9
5511 1759437686612529024 14
5512 1759437686612543008 2
5513 1759437686612861208 37
5514 1759437686612862384 6
5515 1759437686612862392 7
5516 1759437686612864384 5
5517 1759437686612864392 6
5518 1759437686612865208 38
5519 1759437686612866392 7
5520 1759437686612867272 8
5521 1759437686612867272 10
5522 1759437686648845208 3
5523 1759437686679210368 1
5524 1759437686679210376 9
5525 1759437686679210392 14
5526 1759437686679224376 2
5527 1759437686679542576 37
5528 1759437686679543752 6
5529 1759437686679543760 7
5530 1759437686679545752 5
5531 1759437686679545760 6
5532 1759437686679546576 38
5533 1759437686679547760 7
5534 1759437686679548640 8
5535 1759437686679548640 10
5536 1759437686709775712 26
5537 1759437686715528472 3
5538 1759437686745893640 1
5539 1759437686745893648 9
5540 1759437686745893664 14
5541 1759437686745907648 2
5542 1759437686746225848 37
5543 1759437686746227024 6
5544 1759437686746227032 7
5545 1759437686746229024 5
5546 1759437686746229032 6
5547 1759437686746229848 38
5548 1759437686746231032 7
5549 1759437686746231912 8
5550 1759437686746231912 10
5551 1759437686853167216 13
5552 1759437687000000016 32
5553 1759437687000020024 34
5554 1759437687013164952 26
5555 1759437687173164968 26
5556 1759437687333164984 26
5557 1759437687493165000 26
5558 1759437687546057600 1
5559 1759437687582378464 3
5560 1759437687612743624 1
5561 1759437687612743632 9
5562 1759437687612743648 14
5563 1759437687612757640 2
5564 1759437687613075832 37
5565 1759437687613077008 6
5566 1759437687613077016 7
5567 1759437687613079008 5
5568 1759437687613079016 6
5569 1759437687613079832 38
5570 1759437687613081016 7
5571 1759437687613081896 8
5572 1759437687613081896 10
5573 1759437687649059736 3
5574 1759437687653165016 26
5575 1759437687679424912 1
5576 1759437687679424920 9
5577 1759437687679424936 14
5578 1759437687679438904 2
5579 1759437687679757120 37
5580 1759437687679758296 6
5581 1759437687679758304 7
5582 1759437687679760296 5
5583 1759437687679760304 6
5584 1759437687679761120 38
5585 1759437687679762304 7
5586 1759437687679763184 8
5587 1759437687679763184 10
5588 1759437687715739000 3
5589 1759437687746104176 1
5590 1759437687746104184 9
5591 1759437687746104200 14
5592 1759437687746118176 2
5593 1759437687746436384 37
5594 1759437687746437560 6
5595 1759437687746437568 7
5596 1759437687746439560 5
5597 1759437687746439568 6
5598 1759437687746440384 38
5599 1759437687746441568 7
5600 1759437687746442448 8
5601 1759437687746442448 10
5602 1759437687813165032 26
5603 1759437687973165048 26
5604 1759437688000000016 32
5605 1759437688000019952 34
5606 1759437688133165064 26
5607 1759437688224588800 22
5608 1759437688293165080 26
5609 1759437688453165096 26
5610 1759437688546273208 1
5611 1759437688582592992 3
5612 1759437688612958168 1
5613 1759437688612958176 9
5614 1759437688612958192 14
5615 1759437688612972160 2
5616 1759437688613165112 26
5617 1759437688613290376 37
5618 1759437688613291552 6
5619 1759437688613291560 7
5620 1759437688613293552 5
5621 1759437688613293560 6
5622 1759437688613294376 38
5623 1759437688613295560 7
5624 1759437688613296440 8
5625 1759437688613296440 10
5626 1759437688649273360 3
5627 1759437688679638536 1
5628 1759437688679638544 9
5629 1759437688679638560 14
5630 1759437688679652528 2
5631 1759437688679970744 37
5632 1759437688679971920 6
5633 1759437688679971928 7
5634 1759437688679973920 5
5635 1759437688679973928 6
5636 1759437688679974744 38
5637 1759437688679975928 7
5638 1759437688679976808 8
5639 1759437688679976808 10
5640 1759437688715952632 3
5641 1759437688746317800 1
5642 1759437688746317808 9
5643 1759437688746317824 14
5644 1759437688746331800 2
5645 1759437688746650008 37
5646 1759437688746651184 6
5647 1759437688746651192 7
5648 1759437688746653184 5
5649 1759437688746653192 6
5650 1759437688746654008 38
5651 1759437688746655192 7
5652 1759437688746656072 8
5653 1759437688746656072 10
5654 1759437688773165128 26
5655 1759437688933165144 26
5656 1759437689000000016 32
5657 1759437689000019976 34
5658 1759437689001746632 17
5659 1759437689093165160 26
5660 1759437689253165176 26
5661 1759437689413165192 26
5662 1759437689546479744 1
5663 1759437689573165208 26
5664 1759437689582801616 3
5665 1759437689613166792 1
5666 1759437689613166800 9
5667 1759437689613166816 14
5668 1759437689613180792 2
5669 1759437689613499000 37
5670 1759437689613500176 6
5671 1759437689613500184 7
5672 1759437689613502176 5
5673 1759437689613502184 6
5674 1759437689613503000 38
5675 1759437689613504184 7
5676 1759437689613505064 8
5677 1759437689613505064 10
5678 1759437689649482888 3
5679 1759437689679848056 1
5680 1759437689679848064 9
5681 1759437689679848080 14
5682 1759437689679862064 2
5683 1759437689680180264 37
5684 1759437689680181440 6
5685 1759437689680181448 7
5686 1759437689680183440 5
5687 1759437689680183448 6
5688 1759437689680184264 38
5689 1759437689680185448 7
5690 1759437689680186328 8
5691 1759437689680186328 10
5692 1759437689716165160 3
5693 1759437689733165224 26
5694 1759437689746530320 1
5695 1759437689746530328 9
5696 1759437689746530344 14
5697 1759437689746544328 2
5698 1759437689746862528 37
5699 1759437689746863704 6
5700 1759437689746863712 7
5701 1759437689746865704 5
5702 1759437689746865712 6
5703 1759437689746866528 38
5704 1759437689746867712 7
5705 1759437689746868592 8
5706 1759437689746868592 10
5707 1759437689893165240 26
5708 1759437690000000016 32
5709 1759437690000020008 34
5710 1759437690053165256 26
5711 1759437690213165272 26
5712 1759437690373165288 26
5713 1759437690533165304 26
5714 1759437690546697376 1
5715 1759437690583018152 3
5716 1759437690613383312 1
5717 1759437690613383320 9
5718 1759437690613383336 14
5719 1759437690613397320 2
5720 1759437690613715520 37
5721 1759437690613716696 6
5722 1759437690613716704 7
5723 1759437690613718696 5
5724 1759437690613718704 6
5725 1759437690613719520 38
5726 1759437690613720704 7
5727 1759437690613721584 8
5728 1759437690613721584 10
5729 1759437690649700416 3
5730 1759437690680065584 1
5731 1759437690680065592 9
5732 1759437690680065608 14
5733 1759437690680079592 2
5734 1759437690680397792 37
5735 1759437690680398968 6
5736 1759437690680398976 7
5737 1759437690680400968 5
5738 1759437690680400976 6
5739 1759437690680401792 38
5740 1759437690680402976 7
5741 1759437690680403856 8
5742 1759437690680403856 10
5743 1759437690693165320 26
5744 1759437690716379784 3
5745 1759437690746744952 1
5746 1759437690746744960 9
5747 1759437690746744976 14
5748 1759437690746758960 2
5749 1759437690747077160 37
5750 1759437690747078336 6
5751 1759437690747078344 7
5752 1759437690747080336 5
5753 1759437690747080344 6
5754 1759437690747081160 38
5755 1759437690747082344 7
5756 1759437690747083224 8
5757 1759437690747083224 10
5758 1759437690853165336 26
5759 1759437691000000016 32
5760 1759437691000019936 34
5761 1759437691013165352 26
5762 1759437691173165368 26
5763 1759437691210660712 13
5764 1759437691212877848 22
5765 1759437691370658448 26
5766 1759437691530658464 26
5767 1759437691546914896 1
5768 1759437691583234680 3
5769 1759437691613599840 1
5770 1759437691613599848 9
5771 1759437691613599864 14
5772 1759437691613613848 2
5773 1759437691613932048 37
5774 1759437691613933224 6
5775 1759437691613933232 7
5776 1759437691613935224 5
5777 1759437691613935232 6
5778 1759437691613936048 38
5779 1759437691613937232 7
5780 1759437691613938112 8
5781 1759437691613938112 10
5782 1759437691649914048 3
5783 1759437691680279208 1
5784 1759437691680279216 9
5785 1759437691680279232 14
5786 1759437691680293216 2
5787 1759437691680611416 37
5788 1759437691680612592 6
5789 1759437691680612600 7
5790 1759437691680614592 5
5791 1759437691680614600 6
5792 1759437691680615416 38
5793 1759437691680616600 7
5794 1759437691680617480 8
5795 1759437691680617480 10
5796 1759437691690658480 26
5797 1759437691716595312 3
5798 1759437691746960480 1
5799 1759437691746960488 9
5800 1759437691746960504 14
5801 1759437691746974488 2
5802 1759437691747292688 37
5803 1759437691747293864 6
5804 1759437691747293872 7
5805 1759437691747295864 5
5806 1759437691747295872 6
5807 1759437691747296688 38
5808 1759437691747297872 7
5809 1759437691747298752 8
5810 1759437691747298752 10
5811 1759437691850658496 26
5812 1759437692000000016 32
5813 1759437692000019968 34
5814 1759437692010658512 26
5815 1759437692170658528 26
5816 1759437692330658544 26
5817 1759437692490658560 26
5818 1759437692547115424 1
5819 1759437692583434304 3
5820 1759437692613799472 1
5821 1759437692613799480 9
5822 1759437692613799496 14
5823 1759437692613813472 2
5824 1759437692614131680 37
5825 1759437692614132856 6
5826 1759437692614132864 7
5827 1759437692614134856 5
5828 1759437692614134864 6
5829 1759437692614135680 38
5830 1759437692614136864 7
5831 1759437692614137744 8
5832 1759437692614137744 10
5833 1759437692650115576 3
5834 1759437692650658576 26
5835 1759437692680480744 1
5836 1759437692680480752 9
5837 1759437692680480768 14
5838 1759437692680494744 2
5839 1759437692680812952 37
5840 1759437692680814128 6
5841 1759437692680814136 7
5842 1759437692680816128 5
5843 1759437692680816136 6
5844 1759437692680816952 38
5845 1759437692680818136 7
5846 1759437692680819016 8
5847 1759437692680819016 10
5848 1759437692716791944 3
5849 1759437692747157104 1
5850 1759437692747157112 9
5851 1759437692747157128 14
5852 1759437692747171112 2
5853 1759437692747489312 37
5854 1759437692747490488 6
5855 1759437692747490496 7
5856 1759437692747492488 5
5857 1759437692747492496 6
5858 1759437692747493312 38
5859 1759437692747494496 7
5860 1759437692747495376 8
5861 1759437692747495376 10
5862 1759437692810658592 26
5863 1759437692970658608 26
5864 1759437693000000016 32
5865 1759437693000019992 34
5866 1759437693130658624 26
5867 1759437693290658640 26
5868 1759437693450658656 26
5869 1759437693547317064 1
5870 1759437693583633832 3
5871 1759437693610658672 26
5872 1759437693613999000 1
5873 1759437693613999008 9
5874 1759437693613999024 14
5875 1759437693614013000 2
5876 1759437693614331208 37
5877 1759437693614332384 6
5878 1759437693614332392 7
5879 1759437693614334384 5
5880 1759437693614334392 6
5881 1759437693614335208 38
5882 1759437693614336392 7
5883 1759437693614337272 8
5884 1759437693614337272 10
5885 1759437693650315200 3
5886 1759437693680680368 1
5887 1759437693680680376 9
5888 1759437693680680392 14
5889 1759437693680694368 2
5890 1759437693681012576 37
5891 1759437693681013752 6
5892 1759437693681013760 7
5893 1759437693681015752 5
5894 1759437693681015760 6
5895 1759437693681016576 38
5896 1759437693681017760 7
5897 1759437693681018640 8
5898 1759437693681018640 10
5899 1759437693716995472 3
5900 1759437693747360640 1
5901 1759437693747360648 9
5902 1759437693747360664 14
5903 1759437693747374640 2
5904 1759437693747692848 37
5905 1759437693747694024 6
5906 1759437693747694032 7
5907 1759437693747696024 5
5908 1759437693747696032 6
5909 1759437693747696848 38
5910 1759437693747698032 7
5911 1759437693747698912 8
5912 1759437693747698912 10
5913 1759437693770658688 26
5914 1759437693930658704 26
5915 1759437693961122464 13
5916 1759437694000000016 32
5917 1759437694000020024 34
5918 1759437694121120200 26
5919 1759437694201166896 22
5920 1759437694281120216 26
5921 1759437694441120232 26
5922 1759437694547500592 1
5923 1759437694583827456 3
5924 1759437694601120248 26
5925 1759437694614192624 1
5926 1759437694614192632 9
5927 1759437694614192648 14
5928 1759437694614206632 2
5929 1759437694614524832 37
5930 1759437694614526008 6
5931 1759437694614526016 7
5932 1759437694614528008 5
5933 1759437694614528016 6
5934 1759437694614528832 38
5935 1759437694614530016 7
5936 1759437694614530896 8
5937 1759437694614530896 10
5938 1759437694650504728 3
5939 1759437694680869888 1
5940 1759437694680869896 9
5941 1759437694680869912 14
5942 1759437694680883904 2
5943 1759437694681202096 37
5944 1759437694681203272 6
5945 1759437694681203280 7
5946 1759437694681205272 5
5947 1759437694681205280 6
5948 1759437694681206096 38
5949 1759437694681207280 7
5950 1759437694681208160 8
5951 1759437694681208160 10
5952 1759437694717188000 3
5953 1759437694747553160 1
5954 1759437694747553168 9
5955 1759437694747553184 14
5956 1759437694747567168 2
5957 1759437694747885368 37
5958 1759437694747886544 6
5959 1759437694747886552 7
5960 1759437694747888544 5
5961 1759437694747888552 6
5962 1759437694747889368 38
5963 1759437694747890552 7
5964 1759437694747891432 8
5965 1759437694747891432 10
5966 1759437694761120264 26
5967 1759437694921120280 26
5968 1759437695000000016 32
5969 1759437695000019952 34
5970 1759437695081120296 26
5971 1759437695241120312 26
5972 1759437695401120328 26
5973 1759437695547696200 1
5974 1759437695561120344 26
5975 1759437695584018984 3
5976 1759437695614384144 1
5977 1759437695614384152 9
5978 1759437695614384168 14
5979 1759437695614398160 2
5980 1759437695614716352 37
5981 1759437695614717528 6
5982 1759437695614717536 7
5983 1759437695614719528 5
5984 1759437695614719536 6
5985 1759437695614720352 38
5986 1759437695614721536 7
5987 1759437695614722416 8
5988 1759437695614722416 10
5989 1759437695650695256 3
5990 1759437695681060424 1
5991 1759437695681060432 9
5992 1759437695681060448 14
5993 1759437695681074424 2
5994 1759437695681392632 37
5995 1759437695681393808 6
5996 1759437695681393816 7
5997 1759437695681395808 5
5998 1759437695681395816 6
5999 1759437695681396632 38
6000 1759437695681397816 7
6001 1759437695681398696 8
6002 1759437695681398696 10
6003 1759437695717375624 3
6004 1759437695721120360 26
6005 1759437695747740800 1
6006 1759437695747740808 9
6007 1759437695747740824 14
6008 1759437695747754792 2
6009 1759437695748073008 37
6010 1759437695748074184 6
6011 1759437695748074192 7
6012 1759437695748076184 5
6013 1759437695748076192 6
6014 1759437695748077008 38
6015 1759437695748078192 7
6016 1759437695748079072 8
6017 1759437695748079072 10
6018 1759437695881120376 26
6019 1759437696000000016 32
6020 1759437696000019976 34
6021 1759437696041120392 26
6022 1759437696201120408 26
6023 1759437696361120424 26
6024 1759437696481203472 1
6025 1759437696521120440 26
6026 1759437696547887416 1
6027 1759437696547901416 2
6028 1759437696584201512 3
6029 1759437696614566680 1
6030 1759437696614566688 9
6031 1759437696614566704 14
6032 1759437696614580688 2
6033 1759437696614898888 37
6034 1759437696614900064 6
6035 1759437696614900072 7
6036 1759437696614902064 5
6037 1759437696614902072 6
6038 1759437696614902888 38
6039 1759437696614904072 7
6040 1759437696614904952 8
6041 1759437696614904952 10
6042 1759437696650878880 3
6043 1759437696681120456 26
6044 1759437696681244040 1
6045 1759437696681244048 9
6046 1759437696681244064 14
6047 1759437696681258056 2
6048 1759437696681576248 37
6049 1759437696681577424 6
6050 1759437696681577432 7
6051 1759437696681579424 5
6052 1759437696681579432 6
6053 1759437696681580248 38
6054 1759437696681581432 7
6055 1759437696681582312 8
6056 1759437696681582312 10
6057 1759437696717558152 3
6058 1759437696747923328 1
6059 1759437696747923336 9
6060 1759437696747923352 14
6061 1759437696747937320 2
6062 1759437696748255536 37
6063 1759437696748256712 6
6064 1759437696748256720 7
6065 1759437696748258712 5
6066 1759437696748258720 6
6067 1759437696748259536 38
6068 1759437696748260720 7
6069 1759437696748261600 8
6070 1759437696748261600 10
6071 1759437696841120472 26
6072 1759437697000000016 32
6073 1759437697000020000 34
6074 1759437697001120488 26
6075 1759437697161120504 26
6076 1759437697189455944 22
6077 1759437697321120520 26
6078 1759437697481120536 26
6079 1759437697548059360 1
6080 1759437697584372144 3
6081 1759437697614737320 1
6082 1759437697614737328 9
6083 1759437697614737344 14
6084 1759437697614751312 2
6085 1759437697615069528 37
6086 1759437697615070704 6
6087 1759437697615070712 7
6088 1759437697615072704 5
6089 1759437697615072712 6
6090 1759437697615073528 38
6091 1759437697615074712 7
6092 1759437697615075592 8
6093 1759437697615075592 10
6094 1759437697641120552 26
6095 1759437697651049408 3
6096 1759437697681414584 1
6097 1759437697681414592 9
6098 1759437697681414608 14
6099 1759437697681428584 2
6100 1759437697681746792 37
6101 1759437697681747968 6
6102 1759437697681747976 7
6103 1759437697681749968 5
6104 1759437697681749976 6
6105 1759437697681750792 38
6106 1759437697681751976 7
6107 1759437697681752856 8
6108 1759437697681752856 10
6109 1759437697717729776 3
6110 1759437697748094952 1
6111 1759437697748094960 9
6112 1759437697748094976 14
6113 1759437697748108952 2
6114 1759437697748427160 37
6115 1759437697748428336 6
6116 1759437697748428344 7
6117 1759437697748430336 5
6118 1759437697748430344 6
6119 1759437697748431160 38
6120 1759437697748432344 7
6121 1759437697748433224 8
6122 1759437697748433224 10
6123 1759437697801120568 26
6124 1759437697961120584 26
6125 1759437698000000016 32
6126 1759437698000020032 34
6127 1759437698121120600 26
6128 1759437698281120616 26
6129 1759437698441120632 26
6130 1759437698548220888 1
6131 1759437698584539664 3
6132 1759437698601120648 26
6133 1759437698614904832 1
6134 1759437698614904840 9
6135 1759437698614904856 14
6136 1759437698614918840 2
6137 1759437698615237040 37
6138 1759437698615238216 6
6139 1759437698615238224 7
6140 1759437698615240216 5
6141 1759437698615240224 6
6142 1759437698615241040 38
6143 1759437698615242224 7
6144 1759437698615243104 8
6145 1759437698615243104 10
6146 1759437698651218040 3
6147 1759437698681583200 1
6148 1759437698681583208 9
6149 1759437698681583224 14
6150 1759437698681597208 2
6151 1759437698681915408 37
6152 1759437698681916584 6
6153 1759437698681916592 7
6154 1759437698681918584 5
6155 1759437698681918592 6
6156 1759437698681919408 38
6157 1759437698681920592 7
6158 1759437698681921472 8
6159 1759437698681921472 10
6160 1759437698687389592 13
6161 1759437698717897304 3
6162 1759437698748262480 1
6163 1759437698748262488 9
6164 1759437698748262504 14
6165 1759437698748276480 2
6166 1759437698748594688 37
6167 1759437698748595864 6
6168 1759437698748595872 7
6169 1759437698748597864 5
6170 1759437698748597872 6
6171 1759437698748598688 38
6172 1759437698748599872 7
6173 1759437698748600752 8
6174 1759437698748600752 10
6175 1759437698847387328 26
6176 1759437699000000016 32
6177 1759437699000019960 34
6178 1759437699007387344 26
6179 1759437699167387360 26
6180 1759437699327387376 26
6181 1759437699487387392 26
6182 1759437699548391408 1
6183 1759437699584706296 3
6184 1759437699615071472 1
6185 1759437699615071480 9
6186 1759437699615071496 14
6187 1759437699615085464 2
6188 1759437699615403680 37
6189 1759437699615404856 6
6190 1759437699615404864 7
6191 1759437699615406856 5
6192 1759437699615406864 6
6193 1759437699615407680 38
6194 1759437699615408864 7
6195 1759437699615409744 8
6196 1759437699615409744 10
6197 1759437699647387408 26
6198 1759437699651381560 3
6199 1759437699681746728 1
6200 1759437699681746736 9
6201 1759437699681746752 14
6202 1759437699681760736 2
6203 1759437699682078936 37
6204 1759437699682080112 6
6205 1759437699682080120 7
6206 1759437699682082112 5
6207 1759437699682082120 6
6208 1759437699682082936 38
6209 1759437699682084120 7
6210 1759437699682085000 8
6211 1759437699682085000 10
6212 1759437699718059832 3
6213 1759437699748424992 1
6214 1759437699748425000 9
6215 1759437699748425016 14
6216 1759437699748439000 2
6217 1759437699748757200 37
6218 1759437699748758376 6
6219 1759437699748758384 7
6220 1759437699748760376 5
6221 1759437699748760384 6
6222 1759437699748761200 38
6223 1759437699748761200 40
6224 1759437699748762176 5
6225 1759437699748763264 8
6226 1759437699748763264 10
6227 1759437699748764176 5
6228 1759437699748766176 5
6229 1759437699748768176 5
6230 1759437699748770176 5
6231 1759437699748772176 5
6232 1759437699748774176 5
6233 1759437699748776176 5
6234 1759437699748778176 5
6235 1759437699748780176 5
6236 1759437699748782176 5
6237 1759437699748784176 5
6238 1759437699748786176 5
6239 1759437699748788176 5
6240 1759437699748790176 5
6241 1759437699748792176 5
6242 1759437699748794176 5
6243 1759437699748796176 5
6244 1759437699748798176 5
6245 1759437699748800176 5
6246 1759437699748802176 5
6247 1759437699748804176 5
6248 1759437699748806176 5
6249 1759437699748808176 5
6250 1759437699748810176 5
6251 1759437699748812176 5
6252 1759437699748814176 5
6253 1759437699748816176 5
6254 1759437699748818176 5
6255 1759437699748820176 5
6256 1759437699748822176 5
6257 1759437699748824176 5
6258 1759437699748826176 5
6259 1759437699748828176 5
6260 1759437699748830384 7
6261 1759437699807387424 26
6262 1759437699967387440 26
6263 1759437700000000016 32
6264 1759437700000019984 34
6265 1759437700127387456 26
6266 1759437700177744992 22
6267 1759437700287387472 26
6268 1759437700447387488 26
6269 1759437700548543048 1
6270 1759437700584857824 3
6271 1759437700607387504 26
6272 1759437700615222992 1
6273 1759437700615223000 9
6274 1759437700615223016 14
6275 1759437700615236992 2
6276 1759437700615555200 37
6277 1759437700615556376 6
6278 1759437700615556384 7
6279 1759437700615558376 5
6280 1759437700615558384 6
6281 1759437700615559200 38
6282 1759437700615560384 7
6283 1759437700615561264 8
6284 1759437700615561264 10
6285 1759437700651537088 3
6286 1759437700681902256 1
6287 1759437700681902264 9
6288 1759437700681902280 14
6289 1759437700681916264 2
6290 1759437700682234464 37
6291 1759437700682235640 6
6292 1759437700682235648 7
6293 1759437700682237640 5
6294 1759437700682237648 6
6295 1759437700682238464 38
6296 1759437700682239648 7
6297 1759437700682240528 8
6298 1759437700682240528 10
6299 1759437700718214456 3
6300 1759437700748579616 1
6301 1759437700748579624 9
6302 1759437700748579640 14
6303 1759437700748593632 2
6304 1759437700748911824 37
6305 1759437700748913000 6
6306 1759437700748913008 7
6307 1759437700748915000 5
6308 1759437700748915008 6
6309 1759437700748915824 38
6310 1759437700748917008 7
6311 1759437700748917888 8
6312 1759437700748917888 10
6313 1759437700767387520 26
6314 1759437700927387536 26
6315 1759437700973942080 13
6316 1759437701000000016 32
6317 1759437701000020008 34
6318 1759437701133939816 26
6319 1759437701293939832 26
6320 1759437701453939848 26
6321 1759437701548711568 1
6322 1759437701585029448 3
6323 1759437701613939864 26
6324 1759437701615394608 1
6325 1759437701615394616 9
6326 1759437701615394632 14
6327 1759437701615408624 2
6328 1759437701615726816 37
6329 1759437701615727992 6
6330 1759437701615728000 7
6331 1759437701615729992 5
6332 1759437701615730000 6
6333 1759437701615730816 38
6334 1759437701615732000 7
6335 1759437701615732880 8
6336 1759437701615732880 10
6337 1759437701651705720 3
6338 1759437701682070888 1
6339 1759437701682070896 9
6340 1759437701682070912 14
6341 1759437701682084888 2
6342 1759437701682403096 37
6343 1759437701682404272 6
6344 1759437701682404280 7
6345 1759437701682406272 5
6346 1759437701682406280 6
6347 1759437701682407096 38
6348 1759437701682408280 7
6349 1759437701682409160 8
6350 1759437701682409160 10
6351 1759437701718386984 3
6352 1759437701748752160 1
6353 1759437701748752168 9
6354 1759437701748752184 14
6355 1759437701748766160 2
6356 1759437701749084368 37
6357 1759437701749085544 6
6358 1759437701749085552 7
6359 1759437701749087544 5
6360 1759437701749087552 6
6361 1759437701749088368 38
6362 1759437701749089552 7
6363 1759437701749090432 8
6364 1759437701749090432 10
6365 1759437701773939880 26
6366 1759437701933939896 26
6367 1759437702000000016 32
6368 1759437702000019936 34
6369 1759437702093939912 26
6370 1759437702253939928 26
6371 1759437702413939944 26
6372 1759437702548877208 1
6373 1759437702573939960 26
6374 1759437702585193976 3
6375 1759437702615559144 1
6376 1759437702615559152 9
6377 1759437702615559168 14
6378 1759437702615573152 2
6379 1759437702615891352 37
6380 1759437702615892528 6
6381 1759437702615892536 7
6382 1759437702615894528 5
6383 1759437702615894536 6
6384 1759437702615895352 38
6385 1759437702615896536 7
6386 1759437702615897416 8
6387 1759437702615897416 10
6388 1759437702651865248 3
6389 1759437702682230416 1
6390 1759437702682230424 9
6391 1759437702682230440 14
6392 1759437702682244416 2
6393 1759437702682562624 37
6394 1759437702682563800 6
6395 1759437702682563808 7
6396 1759437702682565800 5
6397 1759437702682565808 6
6398 1759437702682566624 38
6399 1759437702682567808 7
6400 1759437702682568688 8
6401 1759437702682568688 10
6402 1759437702718540616 3
6403 1759437702733939976 26
6404 1759437702748905784 1
6405 1759437702748905792 9
6406 1759437702748905808 14
6407 1759437702748919784 2
6408 1759437702749237992 37
6409 1759437702749239168 6
6410 1759437702749239176 7
6411 1759437702749241168 5
6412 1759437702749241176 6
6413 1759437702749241992 38
6414 1759437702749243176 7
6415 1759437702749244056 8
6416 1759437702749244056 10
6417 1759437702893939992 26
6418 1759437703000000016 32
6419 1759437703000019968 34
6420 1759437703053940008 26
6421 1759437703166034040 22
6422 1759437703213940024 26
6423 1759437703373940040 26
6424 1759437703533940056 26
6425 1759437703549030720 1
6426 1759437703585346504 3
6427 1759437703615711680 1
6428 1759437703615711688 9
6429 1759437703615711704 14
6430 1759437703615725672 2
6431 1759437703616043888 37
6432 1759437703616045064 6
6433 1759437703616045072 7
6434 1759437703616047064 5
6435 1759437703616047072 6
6436 1759437703616047888 38
6437 1759437703616049072 7
6438 1759437703616049952 8
6439 1759437703616049952 10
6440 1759437703652022872 3
6441 1759437703682388048 1
6442 1759437703682388056 9
6443 1759437703682388072 14
6444 1759437703682402048 2
6445 1759437703682720256 37
6446 1759437703682721432 6
6447 1759437703682721440 7
6448 1759437703682723432 5
6449 1759437703682723440 6
6450 1759437703682724256 38
6451 1759437703682725440 7
6452 1759437703682726320 8
6453 1759437703682726320 10
6454 1759437703693940072 26
6455 1759437703718702144 3
6456 1759437703749067312 1
6457 1759437703749067320 9
6458 1759437703749067336 14
6459 1759437703749081312 2
6460 1759437703749399520 37
6461 1759437703749400696 6
6462 1759437703749400704 7
6463 1759437703749402696 5
6464 1759437703749402704 6
6465 1759437703749403520 38
6466 1759437703749404704 7
6467 1759437703749405584 8
6468 1759437703749405584 10
6469 1759437703778306608 13
6470 1759437703938304344 26
6471 1759437704000000016 32
6472 1759437704000019992 34
6473 1759437704098304360 26
6474 1759437704258304376 26
6475 1759437704418304392 26
6476 1759437704549178256 1
6477 1759437704578304408 26
6478 1759437704585492128 3
6479 1759437704615857296 1
6480 1759437704615857304 9
6481 1759437704615857320 14
6482 1759437704615871304 2
6483 1759437704616189504 37
6484 1759437704616190680 6
6485 1759437704616190688 7
6486 1759437704616192680 5
6487 1759437704616192688 6
6488 1759437704616193504 38
6489 1759437704616194688 7
6490 1759437704616195568 8
6491 1759437704616195568 10
6492 1759437704652169400 3
6493 1759437704682534560 1
6494 1759437704682534568 9
6495 1759437704682534584 14
6496 1759437704682548568 2
6497 1759437704682866768 37
6498 1759437704682867944 6
6499 1759437704682867952 7
6500 1759437704682869944 5
6501 1759437704682869952 6
6502 1759437704682870768 38
6503 1759437704682871952 7
6504 1759437704682872832 8
6505 1759437704682872832 10
6506 1759437704718847768 3
6507 1759437704738304424 26
6508 1759437704749212944 1
6509 1759437704749212952 9
6510 1759437704749212968 14
6511 1759437704749226944 2
6512 1759437704749545152 37
6513 1759437704749546328 6
6514 1759437704749546336 7
6515 1759437704749548328 5
6516 1759437704749548336 6
6517 1759437704749549152 38
6518 1759437704749550336 7
6519 1759437704749551216 8
6520 1759437704749551216 10
6521 1759437704898304440 26
6522 1759437705000000016 32
6523 1759437705000020024 34
6524 1759437705058304456 26
6525 1759437705218304472 26
6526 1759437705378304488 26
6527 1759437705538304504 26
6528 1759437705549322872 1
6529 1759437705585635656 3
6530 1759437705616000824 1
6531 1759437705616000832 9
6532 1759437705616000848 14
6533 1759437705616014832 2
6534 1759437705616333032 37
6535 1759437705616334208 6
6536 1759437705616334216 7
6537 1759437705616336208 5
6538 1759437705616336216 6
6539 1759437705616337032 38
6540 1759437705616338216 7
6541 1759437705616339096 8
6542 1759437705616339096 10
6543 1759437705652314024 3
6544 1759437705682679192 1
6545 1759437705682679200 9
6546 1759437705682679216 14
6547 1759437705682693200 2
6548 1759437705683011400 37
6549 1759437705683012576 6
6550 1759437705683012584 7
6551 1759437705683014576 5
6552 1759437705683014584 6
6553 1759437705683015400 38
6554 1759437705683016584 7
6555 1759437705683017464 8
6556 1759437705683017464 10
6557 1759437705698304520 26
6558 1759437705718991296 3
6559 1759437705749356456 1
6560 1759437705749356464 9
6561 1759437705749356480 14
6562 1759437705749370464 2
6563 1759437705749688664 37
6564 1759437705749689840 6
6565 1759437705749689848 7
6566 1759437705749691840 5
6567 1759437705749691848 6
6568 1759437705749692664 38
6569 1759437705749693848 7
6570 1759437705749694728 8
6571 1759437705749694728 10
6572 1759437705858304536 26
6573 1759437706000000016 32
6574 1759437706000019944 34
6575 1759437706018304552 26
6576 1759437706154323088 22
6577 1759437706178304568 26
6578 1759437706338304584 26
6579 1759437706482786136 1
6580 1759437706492237384 13
6581 1759437706549466072 1
6582 1759437706549480088 2
6583 1759437706585775280 3
6584 1759437706616140456 1
6585 1759437706616140464 9
6586 1759437706616140480 14
6587 1759437706616154456 2
6588 1759437706616472664 37
6589 1759437706616473840 6
6590 1759437706616473848 7
6591 1759437706616475840 5
6592 1759437706616475848 6
6593 1759437706616476664 38
6594 1759437706616477848 7
6595 1759437706616478728 8
6596 1759437706616478728 10
6597 1759437706652235120 26
6598 1759437706652449552 3
6599 1759437706682814712 1
6600 1759437706682814720 9
6601 1759437706682814736 14
6602 1759437706682828720 2
6603 1759437706683146920 37
6604 1759437706683148096 6
6605 1759437706683148104 7
6606 1759437706683150096 5
6607 1759437706683150104 6
6608 1759437706683150920 38
6609 1759437706683152104 7
6610 1759437706683152984 8
6611 1759437706683152984 10
6612 1759437706719123816 3
6613 1759437706749488992 1
6614 1759437706749489000 9
6615 1759437706749489016 14
6616 1759437706749502992 2
6617 1759437706749821200 37
6618 1759437706749822376 6
6619 1759437706749822384 7
6620 1759437706749824376 5
6621 1759437706749824384 6
6622 1759437706749825200 38
6623 1759437706749826384 7
6624 1759437706749827264 8
6625 1759437706749827264 10
6626 1759437706812235136 26
6627 1759437706972235152 26
6628 1759437707000000016 32
6629 1759437707000019968 34
6630 1759437707132235168 26
6631 1759437707292235184 26
6632 1759437707452235200 26
6633 1759437707549586032 1
6634 1759437707585899808 3
6635 1759437707612235216 26
6636 1759437707616264984 1
6637 1759437707616264992 9
6638 1759437707616265008 14
6639 1759437707616278984 2
6640 1759437707616597192 37
6641 1759437707616598368 6
6642 1759437707616598376 7
6643 1759437707616600368 5
6644 1759437707616600376 6
6645 1759437707616601192 38
6646 1759437707616602376 7
6647 1759437707616603256 8
6648 1759437707616603256 10
6649 1759437707652577080 3
6650 1759437707682942248 1
6651 1759437707682942256 9
6652 1759437707682942272 14
6653 1759437707682956248 2
6654 1759437707683274456 37
6655 1759437707683275632 6
6656 1759437707683275640 7
6657 1759437707683277632 5
6658 1759437707683277640 6
6659 1759437707683278456 38
6660 1759437707683279640 7
6661 1759437707683280520 8
6662 1759437707683280520 10
6663 1759437707719252448 3
6664 1759437707749617608 1
6665 1759437707749617616 9
6666 1759437707749617632 14
6667 1759437707749631616 2
6668 1759437707749949816 37
6669 1759437707749950992 6
6670 1759437707749951000 7
6671 1759437707749952992 5
6672 1759437707749953000 6
6673 1759437707749953816 38
6674 1759437707749955000 7
6675 1759437707749955880 8
6676 1759437707749955880 10
6677 1759437707772235232 26
6678 1759437707932235248 26
6679 1759437708000000016 32
6680 1759437708000020000 34
6681 1759437708092235264 26
6682 1759437708252235280 26
6683 1759437708412235296 26
6684 1759437708549712560 1
6685 1759437708572235312 26
6686 1759437708586027336 3
6687 1759437708616392496 1
6688 1759437708616392504 9
6689 1759437708616392520 14
6690 1759437708616406512 2
6691 1759437708616724704 37
6692 1759437708616725880 6
6693 1759437708616725888 7
6694 1759437708616727880 5
6695 1759437708616727888 6
6696 1759437708616728704 38
6697 1759437708616729888 7
6698 1759437708616730768 8
6699 1759437708616730768 10
6700 1759437708652700704 3
6701 1759437708683065880 1
6702 1759437708683065888 9
6703 1759437708683065904 14
6704 1759437708683079880 2
6705 1759437708683398088 37
6706 1759437708683399264 6
6707 1759437708683399272 7
6708 1759437708683401264 5
6709 1759437708683401272 6
6710 1759437708683402088 38
6711 1759437708683403272 7
6712 1759437708683404152 8
6713 1759437708683404152 10
6714 1759437708719372976 3
6715 1759437708732235328 26
6716 1759437708749738136 1
6717 1759437708749738144 9
6718 1759437708749738160 14
6719 1759437708749752144 2
6720 1759437708750070344 37
6721 1759437708750071520 6
6722 1759437708750071528 7
6723 1759437708750073520 5
6724 1759437708750073528 6
6725 1759437708750074344 38
6726 1759437708750075528 7
6727 1759437708750076408 8
6728 1759437708750076408 10
6729 1759437708892235344 26
6730 1759437709000000016 32
6731 1759437709000020032 34
6732 1759437709052235360 26
6733 1759437709142612136 22
6734 1759437709212235376 26
6735 1759437709372235392 26
6736 1759437709532235408 26
6737 1759437709549819096 1
6738 1759437709586131968 3
6739 1759437709616497136 1
6740 1759437709616497144 9
6741 1759437709616497160 14
6742 1759437709616511136 2
6743 1759437709616829344 37
6744 1759437709616830520 6
6745 1759437709616830528 7
6746 1759437709616832520 5
6747 1759437709616832528 6
6748 1759437709616833344 38
6749 1759437709616834528 7
6750 1759437709616835408 8
6751 1759437709616835408 10
6752 1759437709652807232 3
6753 1759437709683172416 1
6754 1759437709683172424 9
6755 1759437709683172440 14
6756 1759437709683186408 2
6757 1759437709683504624 37
6758 1759437709683505800 6
6759 1759437709683505808 7
6760 1759437709683507800 5
6761 1759437709683507808 6
6762 1759437709683508624 38
6763 1759437709683509808 7
6764 1759437709683510688 8
6765 1759437709683510688 10
6766 1759437709692235424 26
6767 1759437709719478608 3
6768 1759437709749843768 1
6769 1759437709749843776 9
6770 1759437709749843792 14
6771 1759437709749857776 2
6772 1759437709750175976 37
6773 1759437709750177152 6
6774 1759437709750177160 7
6775 1759437709750179152 5
6776 1759437709750179160 6
6777 1759437709750179976 38
6778 1759437709750181160 7
6779 1759437709750182040 8
6780 1759437709750182040 10
6781 1759437709852235440 26
6782 1759437709911926816 13
6783 1759437710000000016 32
6784 1759437710000019960 34
6785 1759437710071924552 26
6786 1759437710231924568 26
6787 1759437710391924584 26
6788 1759437710549917720 1
6789 1759437710551924600 26
6790 1759437710586229496 3
6791 1759437710616594672 1
6792 1759437710616594680 9
6793 1759437710616594696 14
6794 1759437710616608672 2
6795 1759437710616926880 37
6796 1759437710616928056 6
6797 1759437710616928064 7
6798 1759437710616930056 5
6799 1759437710616930064 6
6800 1759437710616930880 38
6801 1759437710616932064 7
6802 1759437710616932944 8
6803 1759437710616932944 10
6804 1759437710652897864 3
6805 1759437710683263032 1
6806 1759437710683263040 9
6807 1759437710683263056 14
6808 1759437710683277040 2
6809 1759437710683595240 37
6810 1759437710683596416 6
6811 1759437710683596424 7
6812 1759437710683598416 5
6813 1759437710683598424 6
6814 1759437710683599240 38
6815 1759437710683600424 7
6816 1759437710683601304 8
6817 1759437710683601304 10
6818 1759437710711924616 26
6819 1759437710719572136 3
6820 1759437710749937312 1
6821 1759437710749937320 9
6822 1759437710749937336 14
6823 1759437710749951304 2
6824 1759437710750269520 37
6825 1759437710750270696 6
6826 1759437710750270704 7
6827 1759437710750272696 5
6828 1759437710750272704 6
6829 1759437710750273520 38
6830 1759437710750274704 7
6831 1759437710750275584 8
6832 1759437710750275584 10
6833 1759437710871924632 26
6834 1759437711000000016 32
6835 1759437711000019984 34
6836 1759437711031924648 26
6837 1759437711191924664 26
6838 1759437711351924680 26
6839 1759437711511924696 26
6840 1759437711549998248 1
6841 1759437711586309120 3
6842 1759437711616674280 1
6843 1759437711616674288 9
6844 1759437711616674304 14
6845 1759437711616688296 2
6846 1759437711617006488 37
6847 1759437711617007664 6
6848 1759437711617007672 7
6849 1759437711617009664 5
6850 1759437711617009672 6
6851 1759437711617010488 38
6852 1759437711617011672 7
6853 1759437711617012552 8
6854 1759437711617012552 10
6855 1759437711652983392 3
6856 1759437711671924712 26
6857 1759437711683348560 1
6858 1759437711683348568 9
6859 1759437711683348584 14
6860 1759437711683362560 2
6861 1759437711683680768 37
6862 1759437711683681944 6
6863 1759437711683681952 7
6864 1759437711683683944 5
6865 1759437711683683952 6
6866 1759437711683684768 38
6867 1759437711683685952 7
6868 1759437711683686832 8
6869 1759437711683686832 10
6870 1759437711719654664 3
6871 1759437711750019832 1
6872 1759437711750019840 9
6873 1759437711750019856 14
6874 1759437711750033832 2
6875 1759437711750352040 37
6876 1759437711750353216 6
6877 1759437711750353224 7
6878 1759437711750355216 5
6879 1759437711750355224 6
6880 1759437711750356040 38
6881 1759437711750357224 7
6882 1759437711750358104 8
6883 1759437711750358104 10
6884 1759437711831924728 26
6885 1759437711991924744 26
6886 1759437712000000016 32
6887 1759437712000020016 34
6888 1759437712130901184 22
6889 1759437712151924760 26
6890 1759437712311924776 26
6891 1759437712471924792 26
6892 1759437712550093872 1
6893 1759437712586404648 3
6894 1759437712616769824 1
6895 1759437712616769832 9
6896 1759437712616769848 14
6897 1759437712616783816 2
6898 1759437712617102032 37
6899 1759437712617103208 6
6900 1759437712617103216 7
6901 1759437712617105208 5
6902 1759437712617105216 6
6903 1759437712617106032 38
6904 1759437712617107216 7
6905 1759437712617108096 8
6906 1759437712617108096 10
6907 1759437712631924808 26
6908 1759437712653077912 3
6909 1759437712683443080 1
6910 1759437712683443088 9
6911 1759437712683443104 14
6912 1759437712683457088 2
6913 1759437712683775288 37
6914 1759437712683776464 6
6915 1759437712683776472 7
6916 1759437712683778464 5
6917 1759437712683778472 6
6918 1759437712683779288 38
6919 1759437712683780472 7
6920 1759437712683781352 8
6921 1759437712683781352 10
6922 1759437712719753280 3
6923 1759437712750118440 1
6924 1759437712750118448 9
6925 1759437712750118464 14
6926 1759437712750132456 2
6927 1759437712750450648 37
6928 1759437712750451824 6
6929 1759437712750451832 7
6930 1759437712750453824 5
6931 1759437712750453832 6
6932 1759437712750454648 38
6933 1759437712750455832 7
6934 1759437712750456712 8
6935 1759437712750456712 10
6936 1759437712791924824 26
6937 1759437712951924840 26
6938 1759437713000000016 32
6939 1759437713000019936 34
6940 1759437713111924856 26
6941 1759437713152650328 13
6942 1759437713312648064 26
6943 1759437713472648080 26
6944 1759437713550181400 1
6945 1759437713586492168 3
6946 1759437713616857336 1
6947 1759437713616857344 9
6948 1759437713616857360 14
6949 1759437713616871344 2
6950 1759437713617189544 37
6951 1759437713617190720 6
6952 1759437713617190728 7
6953 1759437713617192720 5
6954 1759437713617192728 6
6955 1759437713617193544 38
6956 1759437713617194728 7
6957 1759437713617195608 8
6958 1759437713617195608 10
6959 1759437713632648096 26
6960 1759437713653164536 3
6961 1759437713683529712 1
6962 1759437713683529720 9
6963 1759437713683529736 14
6964 1759437713683543712 2
6965 1759437713683861920 37
6966 1759437713683863096 6
6967 1759437713683863104 7
6968 1759437713683865096 5
6969 1759437713683865104 6
6970 1759437713683865920 38
6971 1759437713683867104 7
6972 1759437713683867984 8
6973 1759437713683867984 10
6974 1759437713719835808 3
6975 1759437713750200968 1
6976 1759437713750200976 9
6977 1759437713750200992 14
6978 1759437713750214976 2
6979 1759437713750533176 37
6980 1759437713750534352 6
6981 1759437713750534360 7
6982 1759437713750536352 5
6983 1759437713750536360 6
6984 1759437713750537176 38
6985 1759437713750538360 7
6986 1759437713750539240 8
6987 1759437713750539240 10
6988 1759437713792648112 26
6989 1759437713952648128 26
6990 1759437714000000016 32
6991 1759437714000019960 34
6992 1759437714112648144 26
6993 1759437714272648160 26
6994 1759437714432648176 26
6995 1759437714550246008 1
6996 1759437714586557792 3
6997 1759437714592648192 26
6998 1759437714616922960 1
6999 1759437714616922968 9
7000 1759437714616922984 14
7001 1759437714616936968 2
7002 1759437714617255168 37
7003 1759437714617256344 6
7004 1759437714617256352 7
7005 1759437714617258344 5
7006 1759437714617258352 6
7007 1759437714617259168 38
7008 1759437714617260352 7
7009 1759437714617261232 8
7010 1759437714617261232 10
7011 1759437714653228064 3
7012 1759437714683593240 1
7013 1759437714683593248 9
7014 1759437714683593264 14
7015 1759437714683607232 2
7016 1759437714683925448 37
7017 1759437714683926624 6
7018 1759437714683926632 7
7019 1759437714683928624 5
7020 1759437714683928632 6
7021 1759437714683929448 38
7022 1759437714683930632 7
7023 1759437714683931512 8
7024 1759437714683931512 10
7025 1759437714719898432 3
7026 1759437714750263600 1
7027 1759437714750263608 9
7028 1759437714750263624 14
7029 1759437714750277600 2
7030 1759437714750595808 37
7031 1759437714750596984 6
7032 1759437714750596992 7
7033 1759437714750598984 5
7034 1759437714750598992 6
7035 1759437714750599808 38
7036 1759437714750600992 7
7037 1759437714750601872 8
7038 1759437714750601872 10
7039 1759437714752648208 26
7040 1759437714912648224 26
7041 1759437715000000016 32
7042 1759437715000019984 34
7043 1759437715072648240 26
7044 1759437715119190232 22
7045 1759437715232648256 26
7046 1759437715392648272 26
7047 1759437715550306536 1
7048 1759437715552648288 26
7049 1759437715586615320 3
7050 1759437715616980480 1
7051 1759437715616980488 9
7052 1759437715616980504 14
7053 1759437715616994488 2
7054 1759437715617312688 37
7055 1759437715617313864 6
7056 1759437715617313872 7
7057 1759437715617315864 5
7058 1759437715617315872 6
7059 1759437715617316688 38
7060 1759437715617317872 7
7061 1759437715617318752 8
7062 1759437715617318752 10
7063 1759437715653288688 3
7064 1759437715683653848 1
7065 1759437715683653856 9
7066 1759437715683653872 14
7067 1759437715683667856 2
7068 1759437715683986056 37
7069 1759437715683987232 6
7070 1759437715683987240 7
7071 1759437715683989232 5
7072 1759437715683989240 6
7073 1759437715683990056 38
7074 1759437715683991240 7
7075 1759437715683992120 8
7076 1759437715683992120 10
7077 1759437715712648304 26
7078 1759437715719957952 3
7079 1759437715750323120 1
7080 1759437715750323128 9
7081 1759437715750323144 14
7082 1759437715750337128 2
7083 1759437715750655328 37
7084 1759437715750656504 6
7085 1759437715750656512 7
7086 1759437715750658504 5
7087 1759437715750658512 6
7088 1759437715750659328 38
7089 1759437715750660512 7
7090 1759437715750661392 8
7091 1759437715750661392 10
7092 1759437715872648320 26
7093 1759437715965802768 13
7094 1759437716000000016 32
7095 1759437716000020008 34
7096 1759437716125800504 26
7097 1759437716285800520 26
7098 1759437716445800536 26
7099 1759437716483703792 1
7100 1759437716550378744 1
7101 1759437716550392744 2
7102 1759437716586682944 3
7103 1759437716605800552 26
7104 1759437716617048120 1
7105 1759437716617048128 9
7106 1759437716617048144 14
7107 1759437716617062112 2
7108 1759437716617380328 37
7109 1759437716617381504 6
7110 1759437716617381512 7
7111 1759437716617383504 5
7112 1759437716617383512 6
7113 1759437716617384328 38
7114 1759437716617385512 7
7115 1759437716617386392 8
7116 1759437716617386392 10
7117 1759437716653355208 3
7118 1759437716683720376 1
7119 1759437716683720384 9
7120 1759437716683720400 14
7121 1759437716683734384 2
7122 1759437716684052584 37
7123 1759437716684053760 6
7124 1759437716684053768 7
7125 1759437716684055760 5
7126 1759437716684055768 6
7127 1759437716684056584 38
7128 1759437716684057768 7
7129 1759437716684058648 8
7130 1759437716684058648 10
7131 1759437716720027576 3
7132 1759437716750392752 1
7133 1759437716750392760 9
7134 1759437716750392776 14
7135 1759437716750406752 2
7136 1759437716750724960 37
7137 1759437716750726136 6
7138 1759437716750726144 7
7139 1759437716750728136 5
7140 1759437716750728144 6
7141 1759437716750728960 38
7142 1759437716750730144 7
7143 1759437716750731024 8
7144 1759437716750731024 10
7145 1759437716765800568 26
7146 1759437716925800584 26
7147 1759437717000000016 32
7148 1759437717000020032 34
7149 1759437717085800600 26
7150 1759437717245800616 26
7151 1759437717405800632 26
7152 1759437717550443680 1
7153 1759437717565800648 26
7154 1759437717586751464 3
7155 1759437717617116632 1
7156 1759437717617116640 9
7157 1759437717617116656 14
7158 1759437717617130640 2
7159 1759437717617448840 37
7160 1759437717617450016 6
7161 1759437717617450024 7
7162 1759437717617452016 5
7163 1759437717617452024 6
7164 1759437717617452840 38
7165 1759437717617454024 7
7166 1759437717617454904 8
7167 1759437717617454904 10
7168 1759437717653423832 3
7169 1759437717683789008 1
7170 1759437717683789016 9
7171 1759437717683789032 14
7172 1759437717683803008 2
7173 1759437717684121216 37
7174 1759437717684122392 6
7175 1759437717684122400 7
7176 1759437717684124392 5
7177 1759437717684124400 6
7178 1759437717684125216 38
7179 1759437717684126400 7
7180 1759437717684127280 8
7181 1759437717684127280 10
7182 1759437717720095104 3
7183 1759437717725800664 26
7184 1759437717750460264 1
7185 1759437717750460272 9
7186 1759437717750460288 14
7187 1759437717750474272 2
7188 1759437717750792472 37
7189 1759437717750793648 6
7190 1759437717750793656 7
7191 1759437717750795648 5
7192 1759437717750795656 6
7193 1759437717750796472 38
7194 1759437717750797656 7
7195 1759437717750798536 8
7196 1759437717750798536 10
7197 1759437717885800680 26
7198 1759437718000000016 32
7199 1759437718000019960 34
7200 1759437718045800696 26
7201 1759437718107479280 22
7202 1759437718205800712 26
7203 1759437718365800728 26
7204 1759437718525800744 26
7205 1759437718550493216 1
7206 1759437718586803096 3
7207 1759437718617168264 1
7208 1759437718617168272 9
7209 1759437718617168288 14
7210 1759437718617182264 2
7211 1759437718617500472 37
7212 1759437718617501648 6
7213 1759437718617501656 7
7214 1759437718617503648 5
7215 1759437718617503656 6
7216 1759437718617504472 38
7217 1759437718617505656 7
7218 1759437718617506536 8
7219 1759437718617506536 10
7220 1759437718653479360 3
7221 1759437718683844528 1
7222 1759437718683844536 9
7223 1759437718683844552 14
7224 1759437718683858536 2
7225 1759437718684176736 37
7226 1759437718684177912 6
7227 1759437718684177920 7
7228 1759437718684179912 5
7229 1759437718684179920 6
7230 1759437718684180736 38
7231 1759437718684181920 7
7232 1759437718684182800 8
7233 1759437718684182800 10
7234 1759437718685800760 26
7235 1759437718720152632 3
7236 1759437718750517808 1
7237 1759437718750517816 9
7238 1759437718750517832 14
7239 1759437718750531800 2
7240 1759437718750850016 37
7241 1759437718750851192 6
7242 1759437718750851200 7
7243 1759437718750853192 5
7244 1759437718750853200 6
7245 1759437718750854016 38
7246 1759437718750855200 7
7247 1759437718750856080 8
7248 1759437718750856080 10
7249 1759437718845800776 26
7250 1759437719000000016 32
7251 1759437719000019984 34
7252 1759437719005800792 26
7253 1759437719165800808 26
7254 1759437719325800824 26
7255 1759437719339460792 13
7256 1759437719499458528 26
7257 1759437719550552840 1
7258 1759437719586858616 3
7259 1759437719617223784 1
7260 1759437719617223792 9
7261 1759437719617223808 14
7262 1759437719617237792 2
7263 1759437719617555992 37
7264 1759437719617557168 6
7265 1759437719617557176 7
7266 1759437719617559168 5
7267 1759437719617559176 6
7268 1759437719617559992 38
7269 1759437719617561176 7
7270 1759437719617562056 8
7271 1759437719617562056 10
7272 1759437719653529888 3
7273 1759437719659458544 26
7274 1759437719683895064 1
7275 1759437719683895072 9
7276 1759437719683895088 14
7277 1759437719683909064 2
7278 1759437719684227272 37
7279 1759437719684228448 6
7280 1759437719684228456 7
7281 1759437719684230448 5
7282 1759437719684230456 6
7283 1759437719684231272 38
7284 1759437719684232456 7
7285 1759437719684233336 8
7286 1759437719684233336 10
7287 1759437719720201256 3
7288 1759437719750566424 1
7289 1759437719750566432 9
7290 1759437719750566448 14
7291 1759437719750580432 2
7292 1759437719750898632 37
7293 1759437719750899808 6
7294 1759437719750899816 7
7295 1759437719750901808 5
7296 1759437719750901816 6
7297 1759437719750902632 38
7298 1759437719750903816 7
7299 1759437719750904696 8
7300 1759437719750904696 10
7301 1759437719819458560 26
7302 1759437719979458576 26
7303 1759437720000000016 32
7304 1759437720000020008 34
7305 1759437720139458592 26
7306 1759437720299458608 26
7307 1759437720459458624 26
7308 1759437720550596368 1
7309 1759437720586905144 3
7310 1759437720617270312 1
7311 1759437720617270320 9
7312 1759437720617270336 14
7313 1759437720617284320 2
7314 1759437720617602520 37
7315 1759437720617603696 6
7316 1759437720617603704 7
7317 1759437720617605696 5
7318 1759437720617605704 6
7319 1759437720617606520 38
7320 1759437720617607704 7
7321 1759437720617608584 8
7322 1759437720617608584 10
7323 1759437720619458640 26
7324 1759437720653574512 3
7325 1759437720683939696 1
7326 1759437720683939704 9
7327 1759437720683939720 14
7328 1759437720683953688 2
7329 1759437720684271904 37
7330 1759437720684273080 6
7331 1759437720684273088 7
7332 1759437720684275080 5
7333 1759437720684275088 6
7334 1759437720684275904 38
7335 1759437720684277088 7
7336 1759437720684277968 8
7337 1759437720684277968 10
7338 1759437720720242784 3
7339 1759437720750607944 1
7340 1759437720750607952 9
7341 1759437720750607968 14
7342 1759437720750621952 2
7343 1759437720750940152 37
7344 1759437720750941328 6
7345 1759437720750941336 7
7346 1759437720750943328 5
7347 1759437720750943336 6
7348 1759437720750944152 38
7349 1759437720750945336 7
7350 1759437720750946216 8
7351 1759437720750946216 10
7352 1759437720779458656 26
7353 1759437720939458672 26
7354 1759437721000000016 32
7355 1759437721000019936 34
7356 1759437721095768328 22
7357 1759437721099458688 26
7358 1759437721259458704 26
7359 1759437721419458720 26
7360 1759437721550644896 1
7361 1759437721579458736 26
7362 1759437721586955776 3
7363 1759437721617320936 1
7364 1759437721617320944 9
7365 1759437721617320960 14
7366 1759437721617334944 2
7367 1759437721617653144 37
7368 1759437721617654320 6
7369 1759437721617654328 7
7370 1759437721617656320 5
7371 1759437721617656328 6
7372 1759437721617657144 38
7373 1759437721617658328 7
7374 1759437721617659208 8
7375 1759437721617659208 10
7376 1759437721653627040 3
7377 1759437721683992208 1
7378 1759437721683992216 9
7379 1759437721683992232 14
7380 1759437721684006216 2
7381 1759437721684324416 37
7382 1759437721684325592 6
7383 1759437721684325600 7
7384 1759437721684327592 5
7385 1759437721684327600 6
7386 1759437721684328416 38
7387 1759437721684329600 7
7388 1759437721684330480 8
7389 1759437721684330480 10
7390 1759437721720296408 3
7391 1759437721739458752 26
7392 1759437721750661584 1
7393 1759437721750661592 9
7394 1759437721750661608 14
7395 1759437721750675584 2
7396 1759437721750993792 37
7397 1759437721750994968 6
7398 1759437721750994976 7
7399 1759437721750996968 5
7400 1759437721750996976 6
7401 1759437721750997792 38
7402 1759437721750998976 7
7403 1759437721750999856 8
7404 1759437721750999856 10
7405 1759437721899458768 26
7406 1759437721982872768 13
7407 1759437722000000016 32
7408 1759437722000019960 34
7409 1759437722142870504 26
7410 1759437722302870520 26
7411 1759437722462870536 26
7412 1759437722550715512 1
7413 1759437722587025304 3
7414 1759437722617390464 1
7415 1759437722617390472 9
7416 1759437722617390488 14
7417 1759437722617404472 2
7418 1759437722617722672 37
7419 1759437722617723848 6
7420 1759437722617723856 7
7421 1759437722617725848 5
7422 1759437722617725856 6
7423 1759437722617726672 38
7424 1759437722617727856 7
7425 1759437722617728736 8
7426 1759437722617728736 10
7427 1759437722622870552 26
7428 1759437722653697672 3
7429 1759437722684062848 1
7430 1759437722684062856 9
7431 1759437722684062872 14
7432 1759437722684076840 2
7433 1759437722684395056 37
7434 1759437722684396232 6
7435 1759437722684396240 7
7436 1759437722684398232 5
7437 1759437722684398240 6
7438 1759437722684399056 38
7439 1759437722684400240 7
7440 1759437722684401120 8
7441 1759437722684401120 10
7442 1759437722720370936 3
7443 1759437722750736104 1
7444 1759437722750736112 9
7445 1759437722750736128 14
7446 1759437722750750112 2
7447 1759437722751068312 37
7448 1759437722751069488 6
7449 1759437722751069496 7
7450 1759437722751071488 5
7451 1759437722751071496 6
7452 1759437722751072312 38
7453 1759437722751073496 7
7454 1759437722751074376 8
7455 1759437722751074376 10
7456 1759437722782870568 26
7457 1759437722942870584 26
7458 1759437723000000016 32
7459 1759437723000019992 34
7460 1759437723007470192 17
7461 1759437723102870600 26
7462 1759437723262870616 26
7463 1759437723422870632 26
7464 1759437723550775056 1
7465 1759437723582870648 26
7466 1759437723587082928 3
7467 1759437723617448088 1
7468 1759437723617448096 9
7469 1759437723617448112 14
7470 1759437723617462096 2
7471 1759437723617780296 37
7472 1759437723617781472 6
7473 1759437723617781480 7
7474 1759437723617783472 5
7475 1759437723617783480 6
7476 1759437723617784296 38
7477 1759437723617785480 7
7478 1759437723617786360 8
7479 1759437723617786360 10
7480 1759437723653752192 3
7481 1759437723684117360 1
7482 1759437723684117368 9
7483 1759437723684117384 14
7484 1759437723684131368 2
7485 1759437723684449568 37
7486 1759437723684450744 6
7487 1759437723684450752 7
7488 1759437723684452744 5
7489 1759437723684452752 6
7490 1759437723684453568 38
7491 1759437723684454752 7
7492 1759437723684455632 8
7493 1759437723684455632 10
7494 1759437723720417464 3
7495 1759437723742870664 26
7496 1759437723750782632 1
7497 1759437723750782640 9
7498 1759437723750782656 14
7499 1759437723750796632 2
7500 1759437723751114840 37
7501 1759437723751116016 6
7502 1759437723751116024 7
7503 1759437723751118016 5
7504 1759437723751118024 6
7505 1759437723751118840 38
7506 1759437723751120024 7
7507 1759437723751120904 8
7508 1759437723751120904 10
7509 1759437723902870680 26
7510 1759437724000000016 32
7511 1759437724000020016 34
7512 1759437724062870696 26
7513 1759437724084057376 22
7514 1759437724222870712 26
7515 1759437724382870728 26
7516 1759437724542870744 26
7517 1759437724550807672 1
7518 1759437724587114448 3
7519 1759437724617479624 1
7520 1759437724617479632 9
7521 1759437724617479648 14
7522 1759437724617493624 2
7523 1759437724617811832 37
7524 1759437724617813008 6
7525 1759437724617813016 7
7526 1759437724617815008 5
7527 1759437724617815016 6
7528 1759437724617815832 38
7529 1759437724617817016 7
7530 1759437724617817896 8
7531 1759437724617817896 10
7532 1759437724653781816 3
7533 1759437724684146976 1
7534 1759437724684146984 9
7535 1759437724684147000 14
7536 1759437724684160992 2
7537 1759437724684479184 37
7538 1759437724684480360 6
7539 1759437724684480368 7
7540 1759437724684482360 5
7541 1759437724684482368 6
7542 1759437724684483184 38
7543 1759437724684484368 7
7544 1759437724684485248 8
7545 1759437724684485248 10
7546 1759437724702870760 26
7547 1759437724720455088 3
7548 1759437724732272048 13
7549 1759437724750820256 1
7550 1759437724750820264 9
7551 1759437724750820280 14
7552 1759437724750834256 2
7553 1759437724751152464 37
7554 1759437724751153640 6
7555 1759437724751153648 7
7556 1759437724751155640 5
7557 1759437724751155648 6
7558 1759437724751156464 38
7559 1759437724751157648 7
7560 1759437724751158528 8
7561 1759437724751158528 10
7562 1759437724892269784 26
7563 1759437725000000016 32
7564 1759437725000019936 34
7565 1759437725052269800 26
7566 1759437725212269816 26
7567 1759437725372269832 26
7568 1759437725532269848 26
7569 1759437725550854200 1
7570 1759437725587155072 3
7571 1759437725617520248 1
7572 1759437725617520256 9
7573 1759437725617520272 14
7574 1759437725617534248 2
7575 1759437725617852456 37
7576 1759437725617853632 6
7577 1759437725617853640 7
7578 1759437725617855632 5
7579 1759437725617855640 6
7580 1759437725617856456 38
7581 1759437725617857640 7
7582 1759437725617858520 8
7583 1759437725617858520 10
7584 1759437725653827344 3
7585 1759437725684192504 1
7586 1759437725684192512 9
7587 1759437725684192528 14
7588 1759437725684206512 2
7589 1759437725684524712 37
7590 1759437725684525888 6
7591 1759437725684525896 7
7592 1759437725684527888 5
7593 1759437725684527896 6
7594 1759437725684528712 38
7595 1759437725684529896 7
7596 1759437725684530776 8
7597 1759437725684530776 10
7598 1759437725692269864 26
7599 1759437725720499608 3
7600 1759437725750864784 1
7601 1759437725750864792 9
7602 1759437725750864808 14
7603 1759437725750878784 2
7604 1759437725751196992 37
7605 1759437725751198168 6
7606 1759437725751198176 7
7607 1759437725751200168 5
7608 1759437725751200176 6
7609 1759437725751200992 38
7610 1759437725751202176 7
7611 1759437725751203056 8
7612 1759437725751203056 10
7613 1759437725852269880 26
7614 1759437726000000016 32
7615 1759437726000019968 34
7616 1759437726012269896 26
7617 1759437726172269912 26
7618 1759437726332269928 26
7619 1759437726484206448 1
7620 1759437726492269944 26
7621 1759437726550879504 1
7622 1759437726550893504 2
7623 1759437726587183600 3
7624 1759437726617548760 1
7625 1759437726617548768 9
7626 1759437726617548784 14
7627 1759437726617562768 2
7628 1759437726617880968 37
7629 1759437726617882144 6
7630 1759437726617882152 7
7631 1759437726617884144 5
7632 1759437726617884152 6
7633 1759437726617884968 38
7634 1759437726617886152 7
7635 1759437726617887032 8
7636 1759437726617887032 10
7637 1759437726652269960 26
7638 1759437726653851864 3
7639 1759437726684217032 1
7640 1759437726684217040 9
7641 1759437726684217056 14
7642 1759437726684231040 2
7643 1759437726684549240 37
7644 1759437726684550416 6
7645 1759437726684550424 7
7646 1759437726684552416 5
7647 1759437726684552424 6
7648 1759437726684553240 38
7649 1759437726684554424 7
7650 1759437726684555304 8
7651 1759437726684555304 10
7652 1759437726720523232 3
7653 1759437726750888408 1
7654 1759437726750888416 9
7655 1759437726750888432 14
7656 1759437726750902408 2
7657 1759437726751220616 37
7658 1759437726751221792 6
7659 1759437726751221800 7
7660 1759437726751223792 5
7661 1759437726751223800 6
7662 1759437726751224616 38
7663 1759437726751225800 7
7664 1759437726751226680 8
7665 1759437726751226680 10
7666 1759437726812269976 26
7667 1759437726972269992 26
7668 1759437727000000016 32
7669 1759437727000019992 34
7670 1759437727072346424 22
7671 1759437727132270008 26
7672 1759437727135885056 13
7673 1759437727295882792 26
7674 1759437727455882808 26
7675 1759437727550909344 1
7676 1759437727587217128 3
7677 1759437727615882824 26
7678 1759437727617582296 1
7679 1759437727617582304 9
7680 1759437727617582320 14
7681 1759437727617596296 2
7682 1759437727617914504 37
7683 1759437727617915680 6
7684 1759437727617915688 7
7685 1759437727617917680 5
7686 1759437727617917688 6
7687 1759437727617918504 38
7688 1759437727617919688 7
7689 1759437727617920568 8
7690 1759437727617920568 10
7691 1759437727653886496 3
7692 1759437727684251672 1
7693 1759437727684251680 9
7694 1759437727684251696 14
7695 1759437727684265664 2
7696 1759437727684583880 37
7697 1759437727684585056 6
7698 1759437727684585064 7
7699 1759437727684587056 5
7700 1759437727684587064 6
7701 1759437727684587880 38
7702 1759437727684589064 7
7703 1759437727684589944 8
7704 1759437727684589944 10
7705 1759437727720553760 3
7706 1759437727750918920 1
7707 1759437727750918928 9
7708 1759437727750918944 14
7709 1759437727750932936 2
7710 1759437727751251128 37
7711 1759437727751252304 6
7712 1759437727751252312 7
7713 1759437727751254304 5
7714 1759437727751254312 6
7715 1759437727751255128 38
7716 1759437727751256312 7
7717 1759437727751257192 8
7718 1759437727751257192 10
7719 1759437727775882840 26
7720 1759437727935882856 26
7721 1759437728000000016 32
7722 1759437728000020016 34
7723 1759437728095882872 26
7724 1759437728255882888 26
7725 1759437728415882904 26
7726 1759437728550934872 1
7727 1759437728575882920 26
7728 1759437728587241752 3
7729 1759437728617606928 1
7730 1759437728617606936 9
7731 1759437728617606952 14
7732 1759437728617620928 2
7733 1759437728617939136 37
7734 1759437728617940312 6
7735 1759437728617940320 7
7736 1759437728617942312 5
7737 1759437728617942320 6
7738 1759437728617943136 38
7739 1759437728617944320 7
7740 1759437728617945200 8
7741 1759437728617945200 10
7742 1759437728653907024 3
7743 1759437728684272192 1
7744 1759437728684272200 9
7745 1759437728684272216 14
7746 1759437728684286192 2
7747 1759437728684604400 37
7748 1759437728684605576 6
7749 1759437728684605584 7
7750 1759437728684607576 5
7751 1759437728684607584 6
7752 1759437728684608400 38
7753 1759437728684609584 7
7754 1759437728684610464 8
7755 1759437728684610464 10
7756 1759437728720578392 3
7757 1759437728735882936 26
7758 1759437728750943552 1
7759 1759437728750943560 9
7760 1759437728750943576 14
7761 1759437728750957560 2
7762 1759437728751275760 37
7763 1759437728751276936 6
7764 1759437728751276944 7
7765 1759437728751278936 5
7766 1759437728751278944 6
7767 1759437728751279760 38
7768 1759437728751280944 7
7769 1759437728751281824 8
7770 1759437728751281824 10
7771 1759437728895882952 26
7772 1759437729000000016 32
7773 1759437729000019944 34
7774 1759437729055882968 26
7775 1759437729215882984 26
7776 1759437729375883000 26
7777 1759437729535883016 26
7778 1759437729550955496 1
7779 1759437729587262280 3
7780 1759437729617627448 1
7781 1759437729617627456 9
7782 1759437729617627472 14
7783 1759437729617641448 2
7784 1759437729617959656 37
7785 1759437729617960832 6
7786 1759437729617960840 7
7787 1759437729617962832 5
7788 1759437729617962840 6
7789 1759437729617963656 38
7790 1759437729617964840 7
7791 1759437729617965720 8
7792 1759437729617965720 10
7793 1759437729653928648 3
7794 1759437729684293824 1
7795 1759437729684293832 9
7796 1759437729684293848 14
7797 1759437729684307824 2
7798 1759437729684626032 37
7799 1759437729684627208 6
7800 1759437729684627216 7
7801 1759437729684629208 5
7802 1759437729684629216 6
7803 1759437729684630032 38
7804 1759437729684631216 7
7805 1759437729684632096 8
7806 1759437729684632096 10
7807 1759437729695883032 26
7808 1759437729720599920 3
7809 1759437729750965080 1
7810 1759437729750965088 9
7811 1759437729750965104 14
7812 1759437729750979088 2
7813 1759437729751297288 37
7814 1759437729751298464 6
7815 1759437729751298472 7
7816 1759437729751300464 5
7817 1759437729751300472 6
7818 1759437729751301288 38
7819 1759437729751302472 7
7820 1759437729751303352 8
7821 1759437729751303352 10
7822 1759437729855883048 26
7823 1759437730000000016 32
7824 1759437730000019968 34
7825 1759437730015883064 26
7826 1759437730060635472 22
7827 1759437730175883080 26
7828 1759437730280417136 13
7829 1759437730440414872 26
7830 1759437730550992040 1
7831 1759437730587296904 3
7832 1759437730600414888 26
7833 1759437730617662072 1
7834 1759437730617662080 9
7835 1759437730617662096 14
7836 1759437730617676080 2
7837 1759437730617994280 37
7838 1759437730617995456 6
7839 1759437730617995464 7
7840 1759437730617997456 5
7841 1759437730617997464 6
7842 1759437730617998280 38
7843 1759437730617999464 7
7844 1759437730618000344 8
7845 1759437730618000344 10
7846 1759437730653969176 3
7847 1759437730684334344 1
7848 1759437730684334352 9
7849 1759437730684334368 14
7850 1759437730684348344 2
7851 1759437730684666552 37
7852 1759437730684667728 6
7853 1759437730684667736 7
7854 1759437730684669728 5
7855 1759437730684669736 6
7856 1759437730684670552 38
7857 1759437730684671736 7
7858 1759437730684672616 8
7859 1759437730684672616 10
7860 1759437730720636440 3
7861 1759437730751001616 1
7862 1759437730751001624 9
7863 1759437730751001640 14
7864 1759437730751015616 2
7865 1759437730751333824 37
7866 1759437730751335000 6
7867 1759437730751335008 7
7868 1759437730751337000 5
7869 1759437730751337008 6
7870 1759437730751337824 38
7871 1759437730751339008 7
7872 1759437730751339888 8
7873 1759437730751339888 10
7874 1759437730760414904 26
7875 1759437730920414920 26
7876 1759437731000000016 32
7877 1759437731000020000 34
7878 1759437731080414936 26
7879 1759437731240414952 26
7880 1759437731400414968 26
7881 1759437731551025656 1
7882 1759437731560414984 26
7883 1759437731587334432 3
7884 1759437731617699608 1
7885 1759437731617699616 9
7886 1759437731617699632 14
7887 1759437731617713608 2
7888 1759437731618031816 37
7889 1759437731618032992 6
7890 1759437731618033000 7
7891 1759437731618034992 5
7892 1759437731618035000 6
7893 1759437731618035816 38
7894 1759437731618037000 7
7895 1759437731618037880 8
7896 1759437731618037880 10
7897 1759437731654002704 3
7898 1759437731684367864 1
7899 1759437731684367872 9
7900 1759437731684367888 14
7901 1759437731684381872 2
7902 1759437731684700072 37
7903 1759437731684701248 6
7904 1759437731684701256 7
7905 1759437731684703248 5
7906 1759437731684703256 6
7907 1759437731684704072 38
7908 1759437731684705256 7
7909 1759437731684706136 8
7910 1759437731684706136 10
7911 1759437731720415000 26
7912 1759437731720671072 3
7913 1759437731751036240 1
7914 1759437731751036248 9
7915 1759437731751036264 14
7916 1759437731751050240 2
7917 1759437731751368448 37
7918 1759437731751369624 6
7919 1759437731751369632 7
7920 1759437731751371624 5
7921 1759437731751371632 6
7922 1759437731751372448 38
7923 1759437731751373632 7
7924 1759437731751374512 8
7925 1759437731751374512 10
7926 1759437731880415016 26
7927 1759437732000000016 32
7928 1759437732000020024 34
7929 1759437732040415032 26
7930 1759437732200415048 26
7931 1759437732360415064 26
7932 1759437732520415080 26
7933 1759437732551054192 1
7934 1759437732587363064 3
7935 1759437732617728224 1
7936 1759437732617728232 9
7937 1759437732617728248 14
7938 1759437732617742232 2
7939 1759437732618060432 37
7940 1759437732618061608 6
7941 1759437732618061616 7
7942 1759437732618063608 5
7943 1759437732618063616 6
7944 1759437732618064432 38
7945 1759437732618065616 7
7946 1759437732618066496 8
7947 1759437732618066496 10
7948 1759437732654030328 3
7949 1759437732680415096 26
7950 1759437732684395496 1
7951 1759437732684395504 9
7952 1759437732684395520 14
7953 1759437732684409504 2
7954 1759437732684727704 37
7955 1759437732684728880 6
7956 1759437732684728888 7
7957 1759437732684730880 5
7958 1759437732684730888 6
7959 1759437732684731704 38
7960 1759437732684732888 7
7961 1759437732684733768 8
7962 1759437732684733768 10
7963 1759437732720695600 3
7964 1759437732751060768 1
7965 1759437732751060776 9
7966 1759437732751060792 14
7967 1759437732751074768 2
7968 1759437732751392976 37
7969 1759437732751394152 6
7970 1759437732751394160 7
7971 1759437732751396152 5
7972 1759437732751396160 6
7973 1759437732751396976 38
7974 1759437732751398160 7
7975 1759437732751399040 8
7976 1759437732751399040 10
7977 1759437732840415112 26
7978 1759437732931087752 13
7979 1759437733000000016 32
7980 1759437733000019952 34
7981 1759437733048924520 22
7982 1759437733091085488 26
7983 1759437733251085504 26
7984 1759437733411085520 26
7985 1759437733551075816 1
7986 1759437733571085536 26
7987 1759437733587382592 3
7988 1759437733617747752 1
7989 1759437733617747760 9
7990 1759437733617747776 14
7991 1759437733617761760 2
7992 1759437733618079960 37
7993 1759437733618081136 6
7994 1759437733618081144 7
7995 1759437733618083136 5
7996 1759437733618083144 6
7997 1759437733618083960 38
7998 1759437733618085144 7
7999 1759437733618086024 8
8000 1759437733618086024 10
8001 1759437733654053856 3
8002 1759437733684419024 1
8003 1759437733684419032 9
8004 1759437733684419048 14
8005 1759437733684433032 2
8006 1759437733684751232 37
8007 1759437733684752408 6
8008 1759437733684752416 7
8009 1759437733684754408 5
8010 1759437733684754416 6
8011 1759437733684755232 38
8012 1759437733684756416 7
8013 1759437733684757296 8
8014 1759437733684757296 10
8015 1759437733720719224 3
8016 1759437733731085552 26
8017 1759437733751084400 1
8018 1759437733751084408 9
8019 1759437733751084424 14
8020 1759437733751098400 2
8021 1759437733751416608 37
8022 1759437733751417784 6
8023 1759437733751417792 7
8024 1759437733751419784 5
8025 1759437733751419792 6
8026 1759437733751420608 38
8027 1759437733751421792 7
8028 1759437733751422672 8
8029 1759437733751422672 10
8030 1759437733891085568 26
8031 1759437734000000016 32
8032 1759437734000019984 34
8033 1759437734051085584 26
8034 1759437734211085600 26
8035 1759437734371085616 26
8036 1759437734531085632 26
8037 1759437734551109336 1
8038 1759437734587418120 3
8039 1759437734617783288 1
8040 1759437734617783296 9
8041 1759437734617783312 14
8042 1759437734617797288 2
8043 1759437734618115496 37
8044 1759437734618116672 6
8045 1759437734618116680 7
8046 1759437734618118672 5
8047 1759437734618118680 6
8048 1759437734618119496 38
8049 1759437734618120680 7
8050 1759437734618121560 8
8051 1759437734618121560 10
8052 1759437734654084488 3
8053 1759437734684449664 1
8054 1759437734684449672 9
8055 1759437734684449688 14
8056 1759437734684463656 2
8057 1759437734684781872 37
8058 1759437734684783048 6
8059 1759437734684783056 7
8060 1759437734684785048 5
8061 1759437734684785056 6
8062 1759437734684785872 38
8063 1759437734684787056 7
8064 1759437734684787936 8
8065 1759437734684787936 10
8066 1759437734691085648 26
8067 1759437734720753752 3
8068 1759437734751118912 1
8069 1759437734751118920 9
8070 1759437734751118936 14
8071 1759437734751132928 2
8072 1759437734751451120 37
8073 1759437734751452296 6
8074 1759437734751452304 7
8075 1759437734751454296 5
8076 1759437734751454304 6
8077 1759437734751455120 38
8078 1759437734751456304 7
8079 1759437734751457184 8
8080 1759437734751457184 10
8081 1759437734851085664 26
8082 1759437735000000016 32
8083 1759437735000020008 34
8084 1759437735011085680 26
8085 1759437735171085696 26
8086 1759437735331085712 26
8087 1759437735491085728 26
8088 1759437735551146880 1
8089 1759437735587453744 3
8090 1759437735617818912 1
8091 1759437735617818920 9
8092 1759437735617818936 14
8093 1759437735617832920 2
8094 1759437735618151120 37
8095 1759437735618152296 6
8096 1759437735618152304 7
8097 1759437735618154296 5
8098 1759437735618154304 6
8099 1759437735618155120 38
8100 1759437735618156304 7
8101 1759437735618157184 8
8102 1759437735618157184 10
8103 1759437735651085744 26
8104 1759437735654126016 3
8105 1759437735684491184 1
8106 1759437735684491192 9
8107 1759437735684491208 14
8108 1759437735684505184 2
8109 1759437735684823392 37
8110 1759437735684824568 6
8111 1759437735684824576 7
8112 1759437735684826568 5
8113 1759437735684826576 6
8114 1759437735684827392 38
8115 1759437735684828576 7
8116 1759437735684829456 8
8117 1759437735684829456 10
8118 1759437735720795280 3
8119 1759437735751160456 1
8120 1759437735751160464 9
8121 1759437735751160480 14
8122 1759437735751174456 2
8123 1759437735751492664 37
8124 1759437735751493840 6
8125 1759437735751493848 7
8126 1759437735751495840 5
8127 1759437735751495848 6
8128 1759437735751496664 38
8129 1759437735751497848 7
8130 1759437735751498728 8
8131 1759437735751498728 10
8132 1759437735811085760 26
8133 1759437735971085776 26
8134 1759437736000000016 32
8135 1759437736000019936 34
8136 1759437736037213568 22
8137 1759437736131085792 26
8138 1759437736291085808 26
8139 1759437736451085824 26
8140 1759437736484536128 1
8141 1759437736551211184 1
8142 1759437736551225176 2
8143 1759437736587516272 3
8144 1759437736611085840 26
8145 1759437736617881440 1
8146 1759437736617881448 9
8147 1759437736617881464 14
8148 1759437736617895440 2
8149 1759437736618213648 37
8150 1759437736618214824 6
8151 1759437736618214832 7
8152 1759437736618216824 5
8153 1759437736618216832 6
8154 1759437736618217648 38
8155 1759437736618218832 7
8156 1759437736618219712 8
8157 1759437736618219712 10
8158 1759437736654186640 3
8159 1759437736684551816 1
8160 1759437736684551824 9
8161 1759437736684551840 14
8162 1759437736684565816 2
8163 1759437736684884024 37
8164 1759437736684885200 6
8165 1759437736684885208 7
8166 1759437736684887200 5
8167 1759437736684887208 6
8168 1759437736684888024 38
8169 1759437736684889208 7
8170 1759437736684890088 8
8171 1759437736684890088 10
8172 1759437736720858912 3
8173 1759437736751224072 1
8174 1759437736751224080 9
8175 1759437736751224096 14
8176 1759437736751238080 2
8177 1759437736751556280 37
8178 1759437736751557456 6
8179 1759437736751557464 7
8180 1759437736751559456 5
8181 1759437736751559464 6
8182 1759437736751560280 38
8183 1759437736751561464 7
8184 1759437736751562344 8
8185 1759437736751562344 10
8186 1759437736771085856 26
8187 1759437736931085872 26
8188 1759437737000000016 32
8189 1759437737000019960 34
8190 1759437737091085888 26
8191 1759437737251085904 26
8192 1759437737411085920 26
8193 1759437737551266024 1
8194 1759437737571085936 26
8195 1759437737587571896 3
8196 1759437737617937056 1
8197 1759437737617937064 9
8198 1759437737617937080 14
8199 1759437737617951072 2
8200 1759437737618269264 37
8201 1759437737618270440 6
8202 1759437737618270448 7
8203 1759437737618272440 5
8204 1759437737618272448 6
8205 1759437737618273264 38
8206 1759437737618274448 7
8207 1759437737618275328 8
8208 1759437737618275328 10
8209 1759437737654240168 3
8210 1759437737684605328 1
8211 1759437737684605336 9
8212 1759437737684605352 14
8213 1759437737684619336 2
8214 1759437737684937536 37
8215 1759437737684938712 6
8216 1759437737684938720 7
8217 1759437737684940712 5
8218 1759437737684940720 6
8219 1759437737684941536 38
8220 1759437737684942720 7
8221 1759437737684943600 8
8222 1759437737684943600 10
8223 1759437737720913432 3
8224 1759437737731085952 26
8225 1759437737751278608 1
8226 1759437737751278616 9
8227 1759437737751278632 14
8228 1759437737751292608 2
8229 1759437737751610816 37
8230 1759437737751611992 6
8231 1759437737751612000 7
8232 1759437737751613992 5
8233 1759437737751614000 6
8234 1759437737751614816 38
8235 1759437737751616000 7
8236 1759437737751616880 8
8237 1759437737751616880 10
8238 1759437737891085968 26
8239 1759437738000000016 32
8240 1759437738000019984 34
8241 1759437738051085984 26
8242 1759437738211086000 26
8243 1759437738371086016 26
8244 1759437738531086032 26
8245 1759437738551319648 1
8246 1759437738587632424 3
8247 1759437738617997584 1
8248 1759437738617997592 9
8249 1759437738617997608 14
8250 1759437738618011592 2
8251 1759437738618329792 37
8252 1759437738618330968 6
8253 1759437738618330976 7
8254 1759437738618332968 5
8255 1759437738618332976 6
8256 1759437738618333792 38
8257 1759437738618334976 7
8258 1759437738618335856 8
8259 1759437738618335856 10
8260 1759437738654301688 3
8261 1759437738684666856 1
8262 1759437738684666864 9
8263 1759437738684666880 14
8264 1759437738684680864 2
8265 1759437738684999064 37
8266 1759437738685000240 6
8267 1759437738685000248 7
8268 1759437738685002240 5
8269 1759437738685002248 6
8270 1759437738685003064 38
8271 1759437738685004248 7
8272 1759437738685005128 8
8273 1759437738685005128 10
8274 1759437738691086048 26
8275 1759437738720975056 3
8276 1759437738751340216 1
8277 1759437738751340224 9
8278 1759437738751340240 14
8279 1759437738751354232 2
8280 1759437738751672424 37
8281 1759437738751673600 6
8282 1759437738751673608 7
8283 1759437738751675600 5
8284 1759437738751675608 6
8285 1759437738751676424 38
8286 1759437738751677608 7
8287 1759437738751678488 8
8288 1759437738751678488 10
8289 1759437738851086064 26
8290 1759437739000000016 32
8291 1759437739000020016 34
8292 1759437739011086080 26
8293 1759437739025502616 22
8294 1759437739171086096 26
8295 1759437739331086112 26
8296 1759437739491086128 26
8297 1759437739551401176 1
8298 1759437739552193384 13
8299 1759437739587714048 3
8300 1759437739618079208 1
8301 1759437739618079216 9
8302 1759437739618079232 14
8303 1759437739618093216 2
8304 1759437739618411416 37
8305 1759437739618412592 6
8306 1759437739618412600 7
8307 1759437739618414592 5
8308 1759437739618414600 6
8309 1759437739618415416 38
8310 1759437739618416600 7
8311 1759437739618417480 8
8312 1759437739618417480 10
8313 1759437739654386312 3
8314 1759437739684751488 1
8315 1759437739684751496 9
8316 1759437739684751512 14
8317 1759437739684765488 2
8318 1759437739685083696 37
8319 1759437739685084872 6
8320 1759437739685084880 7
8321 1759437739685086872 5
8322 1759437739685086880 6
8323 1759437739685087696 38
8324 1759437739685088880 7
8325 1759437739685089760 8
8326 1759437739685089760 10
8327 1759437739712191120 26
8328 1759437739721056584 3
8329 1759437739751421744 1
8330 1759437739751421752 9
8331 1759437739751421768 14
8332 1759437739751435752 2
8333 1759437739751753952 37
8334 1759437739751755128 6
8335 1759437739751755136 7
8336 1759437739751757128 5
8337 1759437739751757136 6
8338 1759437739751757952 38
8339 1759437739751759136 7
8340 1759437739751760016 8
8341 1759437739751760016 10
8342 1759437739872191136 26
8343 1759437740000000016 32
8344 1759437740000020040 34
8345 1759437740032191152 26
8346 1759437740192191168 26
8347 1759437740352191184 26
8348 1759437740512191200 26
8349 1759437740551485808 1
8350 1759437740587796576 3
8351 1759437740618161736 1
8352 1759437740618161744 9
8353 1759437740618161760 14
8354 1759437740618175744 2
8355 1759437740618493944 37
8356 1759437740618495120 6
8357 1759437740618495128 7
8358 1759437740618497120 5
8359 1759437740618497128 6
8360 1759437740618497944 38
8361 1759437740618499128 7
8362 1759437740618500008 8
8363 1759437740618500008 10
8364 1759437740654469840 3
8365 1759437740672191216 26
8366 1759437740684835016 1
8367 1759437740684835024 9
8368 1759437740684835040 14
8369 1759437740684849016 2
8370 1759437740685167224 37
8371 1759437740685168400 6
8372 1759437740685168408 7
8373 1759437740685170400 5
8374 1759437740685170408 6
8375 1759437740685171224 38
8376 1759437740685172408 7
8377 1759437740685173288 8
8378 1759437740685173288 10
8379 1759437740721141208 3
8380 1759437740751506376 1
8381 1759437740751506384 9
8382 1759437740751506400 14
8383 1759437740751520384 2
8384 1759437740751838584 37
8385 1759437740751839760 6
8386 1759437740751839768 7
8387 1759437740751841760 5
8388 1759437740751841768 6
8389 1759437740751842584 38
8390 1759437740751843768 7
8391 1759437740751844648 8
8392 1759437740751844648 10
8393 1759437740832191232 26
8394 1759437740992191248 26
8395 1759437741000000016 32
8396 1759437741000019960 34
8397 1759437741152191264 26
8398 1759437741312191280 26
8399 1759437741472191296 26
8400 1759437741551577320 1
8401 1759437741587892096 3
8402 1759437741618257256 1
8403 1759437741618257264 9
8404 1759437741618257280 14
8405 1759437741618271264 2
8406 1759437741618589464 37
8407 1759437741618590640 6
8408 1759437741618590648 7
8409 1759437741618592640 5
8410 1759437741618592648 6
8411 1759437741618593464 38
8412 1759437741618594648 7
8413 1759437741618595528 8
8414 1759437741618595528 10
8415 1759437741632191312 26
8416 1759437741654565464 3
8417 1759437741684930640 1
8418 1759437741684930648 9
8419 1759437741684930664 14
8420 1759437741684944640 2
8421 1759437741685262848 37
8422 1759437741685264024 6
8423 1759437741685264032 7
8424 1759437741685266024 5
8425 1759437741685266032 6
8426 1759437741685266848 38
8427 1759437741685268032 7
8428 1759437741685268912 8
8429 1759437741685268912 10
8430 1759437741721238736 3
8431 1759437741751603896 1
8432 1759437741751603904 9
8433 1759437741751603920 14
8434 1759437741751617904 2
8435 1759437741751936104 37
8436 1759437741751937280 6
8437 1759437741751937288 7
8438 1759437741751939280 5
8439 1759437741751939288 6
8440 1759437741751940104 38
8441 1759437741751941288 7
8442 1759437741751942168 8
8443 1759437741751942168 10
8444 1759437741792191328 26
8445 1759437741952191344 26
8446 1759437742000000016 32
8447 1759437742000019984 34
8448 1759437742013791664 22
8449 1759437742112191360 26
8450 1759437742272191376 26
8451 1759437742432191392 26
8452 1759437742551670840 1
8453 1759437742587976720 3
8454 1759437742592191408 26
8455 1759437742618341888 1
8456 1759437742618341896 9
8457 1759437742618341912 14
8458 1759437742618355888 2
8459 1759437742618674096 37
8460 1759437742618675272 6
8461 1759437742618675280 7
8462 1759437742618677272 5
8463 1759437742618677280 6
8464 1759437742618678096 38
8465 1759437742618679280 7
8466 1759437742618680160 8
8467 1759437742618680160 10
8468 1759437742654648984 3
8469 1759437742685014144 1
8470 1759437742685014152 9
8471 1759437742685014168 14
8472 1759437742685028160 2
8473 1759437742685346352 37
8474 1759437742685347528 6
8475 1759437742685347536 7
8476 1759437742685349528 5
8477 1759437742685349536 6
8478 1759437742685350352 38
8479 1759437742685351536 7
8480 1759437742685352416 8
8481 1759437742685352416 10
8482 1759437742721322360 3
8483 1759437742751687528 1
8484 1759437742751687536 9
8485 1759437742751687552 14
8486 1759437742751701528 2
8487 1759437742752019736 37
8488 1759437742752020912 6
8489 1759437742752020920 7
8490 1759437742752022912 5
8491 1759437742752022920 6
8492 1759437742752023736 38
8493 1759437742752024920 7
8494 1759437742752025800 8
8495 1759437742752025800 10
8496 1759437742752191424 26
8497 1759437742912191440 26
8498 1759437743000000016 32
8499 1759437743000020008 34
8500 1759437743072191456 26
8501 1759437743232191472 26
8502 1759437743392191488 26
8503 1759437743551753472 1
8504 1759437743552191504 26
8505 1759437743588065248 3
8506 1759437743618430408 1
8507 1759437743618430416 9
8508 1759437743618430432 14
8509 1759437743618444416 2
8510 1759437743618762616 37
8511 1759437743618763792 6
8512 1759437743618763800 7
8513 1759437743618765792 5
8514 1759437743618765800 6
8515 1759437743618766616 38
8516 1759437743618767800 7
8517 1759437743618768680 8
8518 1759437743618768680 10
8519 1759437743654736616 3
8520 1759437743685101784 1
8521 1759437743685101792 9
8522 1759437743685101808 14
8523 1759437743685115784 2
8524 1759437743685433992 37
8525 1759437743685435168 6
8526 1759437743685435176 7
8527 1759437743685437168 5
8528 1759437743685437176 6
8529 1759437743685437992 38
8530 1759437743685439176 7
8531 1759437743685440056 8
8532 1759437743685440056 10
8533 1759437743712191520 26
8534 1759437743716128016 13
8535 1759437743721409880 3
8536 1759437743751775040 1
8537 1759437743751775048 9
8538 1759437743751775064 14
8539 1759437743751789056 2
8540 1759437743752107248 37
8541 1759437743752108424 6
8542 1759437743752108432 7
8543 1759437743752110424 5
8544 1759437743752110432 6
8545 1759437743752111248 38
8546 1759437743752112432 7
8547 1759437743752113312 8
8548 1759437743752113312 10
8549 1759437743876125752 26
8550 1759437744000000016 32
8551 1759437744000020040 34
8552 1759437744036125768 26
8553 1759437744196125784 26
8554 1759437744356125800 26
8555 1759437744516125816 26
8556 1759437744551849992 1
8557 1759437744588164872 3
8558 1759437744618530032 1
8559 1759437744618530040 9
8560 1759437744618530056 14
8561 1759437744618544040 2
8562 1759437744618862240 37
8563 1759437744618863416 6
8564 1759437744618863424 7
8565 1759437744618865416 5
8566 1759437744618865424 6
8567 1759437744618866240 38
8568 1759437744618867424 7
8569 1759437744618868304 8
8570 1759437744618868304 10
8571 1759437744654838136 3
8572 1759437744676125832 26
8573 1759437744685203312 1
8574 1759437744685203320 9
8575 1759437744685203336 14
8576 1759437744685217312 2
8577 1759437744685535520 37
8578 1759437744685536696 6
8579 1759437744685536704 7
8580 1759437744685538696 5
8581 1759437744685538704 6
8582 1759437744685539520 38
8583 1759437744685540704 7
8584 1759437744685541584 8
8585 1759437744685541584 10
8586 1759437744721512408 3
8587 1759437744751877568 1
8588 1759437744751877576 9
8589 1759437744751877592 14
8590 1759437744751891584 2
8591 1759437744752209776 37
8592 1759437744752210952 6
8593 1759437744752210960 7
8594 1759437744752212952 5
8595 1759437744752212960 6
8596 1759437744752213776 38
8597 1759437744752214960 7
8598 1759437744752215840 8
8599 1759437744752215840 10
8600 1759437744836125848 26
8601 1759437744996125864 26
8602 1759437745000000016 32
8603 1759437745000019960 34
8604 1759437745002080712 22
8605 1759437745156125880 26
8606 1759437745316125896 26
8607 1759437745476125912 26
8608 1759437745551960632 1
8609 1759437745588270400 3
8610 1759437745618635560 1
8611 1759437745618635568 9
8612 1759437745618635584 14
8613 1759437745618649568 2
8614 1759437745618967768 37
8615 1759437745618968944 6
8616 1759437745618968952 7
8617 1759437745618970944 5
8618 1759437745618970952 6
8619 1759437745618971768 38
8620 1759437745618972952 7
8621 1759437745618973832 8
8622 1759437745618973832 10
8623 1759437745636125928 26
8624 1759437745654946768 3
8625 1759437745685311928 1
8626 1759437745685311936 9
8627 1759437745685311952 14
8628 1759437745685325936 2
8629 1759437745685644136 37
8630 1759437745685645312 6
8631 1759437745685645320 7
8632 1759437745685647312 5
8633 1759437745685647320 6
8634 1759437745685648136 38
8635 1759437745685649320 7
8636 1759437745685650200 8
8637 1759437745685650200 10
8638 1759437745721621032 3
8639 1759437745751986208 1
8640 1759437745751986216 9
8641 1759437745751986232 14
8642 1759437745752000208 2
8643 1759437745752318416 37
8644 1759437745752319592 6
8645 1759437745752319600 7
8646 1759437745752321592 5
8647 1759437745752321600 6
8648 1759437745752322416 38
8649 1759437745752323600 7
8650 1759437745752324480 8
8651 1759437745752324480 10
8652 1759437745796125944 26
8653 1759437745956125960 26
8654 1759437746000000016 32
8655 1759437746000019992 34
8656 1759437746116125976 26
8657 1759437746276125992 26
8658 1759437746436126008 26
8659 1759437746485388880 1
8660 1759437746552064832 1
8661 1759437746552078824 2
8662 1759437746588373024 3
8663 1759437746596126024 26
8664 1759437746618738192 1
8665 1759437746618738200 9
8666 1759437746618738216 14
8667 1759437746618752200 2
8668 1759437746619070400 37
8669 1759437746619071576 6
8670 1759437746619071584 7
8671 1759437746619073576 5
8672 1759437746619073584 6
8673 1759437746619074400 38
8674 1759437746619075584 7
8675 1759437746619076464 8
8676 1759437746619076464 10
8677 1759437746655047296 3
8678 1759437746685412456 1
8679 1759437746685412464 9
8680 1759437746685412480 14
8681 1759437746685426464 2
8682 1759437746685744664 37
8683 1759437746685745840 6
8684 1759437746685745848 7
8685 1759437746685747840 5
8686 1759437746685747848 6
8687 1759437746685748664 38
8688 1759437746685749848 7
8689 1759437746685750728 8
8690 1759437746685750728 10
8691 1759437746721715560 3
8692 1759437746752080728 1
8693 1759437746752080736 9
8694 1759437746752080752 14
8695 1759437746752094736 2
8696 1759437746752412936 37
8697 1759437746752414112 6
8698 1759437746752414120 7
8699 1759437746752416112 5
8700 1759437746752416120 6
8701 1759437746752416936 38
8702 1759437746752418120 7
8703 1759437746752419000 8
8704 1759437746752419000 10
8705 1759437746756126040 26
8706 1759437746916126056 26
8707 1759437747000000016 32
8708 1759437747000020016 34
8709 1759437747076126072 26
8710 1759437747236126088 26
8711 1759437747396126104 26
8712 1759437747552147768 1
8713 1759437747556126120 26
8714 1759437747588462552 3
8715 1759437747618827728 1
8716 1759437747618827736 9
8717 1759437747618827752 14
8718 1759437747618841728 2
8719 1759437747619159936 37
8720 1759437747619161112 6
8721 1759437747619161120 7
8722 1759437747619163112 5
8723 1759437747619163120 6
8724 1759437747619163936 38
8725 1759437747619165120 7
8726 1759437747619166000 8
8727 1759437747619166000 10
8728 1759437747655128824 3
8729 1759437747685494000 1
8730 1759437747685494008 9
8731 1759437747685494024 14
8732 1759437747685507992 2
8733 1759437747685826208 37
8734 1759437747685827384 6
8735 1759437747685827392 7
8736 1759437747685829384 5
8737 1759437747685829392 6
8738 1759437747685830208 38
8739 1759437747685831392 7
8740 1759437747685832272 8
8741 1759437747685832272 10
8742 1759437747716126136 26
8743 1759437747721800192 3
8744 1759437747752165360 1
8745 1759437747752165368 9
8746 1759437747752165384 14
8747 1759437747752179360 2
8748 1759437747752497568 37
8749 1759437747752498744 6
8750 1759437747752498752 7
8751 1759437747752500744 5
8752 1759437747752500752 6
8753 1759437747752501568 38
8754 1759437747752502752 7
8755 1759437747752503632 8
8756 1759437747752503632 10
8757 1759437747876126152 26
8758 1759437747990369760 22
8759 1759437748000000016 32
8760 1759437748000019944 34
8761 1759437748036126168 26
8762 1759437748196126184 26
8763 1759437748356126200 26
8764 1759437748516126216 26
8765 1759437748552224312 1
8766 1759437748588537080 3
8767 1759437748618902248 1
8768 1759437748618902256 9
8769 1759437748618902272 14
8770 1759437748618916256 2
8771 1759437748619234456 37
8772 1759437748619235632 6
8773 1759437748619235640 7
8774 1759437748619237632 5
8775 1759437748619237640 6
8776 1759437748619238456 38
8777 1759437748619239640 7
8778 1759437748619240520 8
8779 1759437748619240520 10
8780 1759437748655209448 3
8781 1759437748676126232 26
8782 1759437748685574608 1
8783 1759437748685574616 9
8784 1759437748685574632 14
8785 1759437748685588624 2
8786 1759437748685906816 37
8787 1759437748685907992 6
8788 1759437748685908000 7
8789 1759437748685909992 5
8790 1759437748685910000 6
8791 1759437748685910816 38
8792 1759437748685912000 7
8793 1759437748685912880 8
8794 1759437748685912880 10
8795 1759437748721879720 3
8796 1759437748752244880 1
8797 1759437748752244888 9
8798 1759437748752244904 14
8799 1759437748752258888 2
8800 1759437748752577088 37
8801 1759437748752578264 6
8802 1759437748752578272 7
8803 1759437748752580264 5
8804 1759437748752580272 6
8805 1759437748752581088 38
8806 1759437748752582272 7
8807 1759437748752583152 8
8808 1759437748752583152 10
8809 1759437748836126248 26
8810 1759437748996126264 26
8811 1759437749000000016 32
8812 1759437749000019976 34
8813 1759437749156126280 26
8814 1759437749316126296 26
8815 1759437749476126312 26
8816 1759437749552309824 1
8817 1759437749588623704 3
8818 1759437749618988880 1
8819 1759437749618988888 9
8820 1759437749618988904 14
8821 1759437749619002880 2
8822 1759437749619321088 37
8823 1759437749619322264 6
8824 1759437749619322272 7
8825 1759437749619324264 5
8826 1759437749619324272 6
8827 1759437749619325088 38
8828 1759437749619326272 7
8829 1759437749619327152 8
8830 1759437749619327152 10
8831 1759437749636126328 26
8832 1759437749649685544 13
8833 1759437749655291976 3
8834 1759437749685657136 1
8835 1759437749685657144 9
8836 1759437749685657160 14
8837 1759437749685671152 2
8838 1759437749685989344 37
8839 1759437749685990520 6
8840 1759437749685990528 7
8841 1759437749685992520 5
8842 1759437749685992528 6
8843 1759437749685993344 38
8844 1759437749685994528 7
8845 1759437749685995408 8
8846 1759437749685995408 10
8847 1759437749721966344 3
8848 1759437749752331520 1
8849 1759437749752331528 9
8850 1759437749752331544 14
8851 1759437749752345520 2
8852 1759437749752663728 37
8853 1759437749752664904 6
8854 1759437749752664912 7
8855 1759437749752666904 5
8856 1759437749752666912 6
8857 1759437749752667728 38
8858 1759437749752668912 7
8859 1759437749752669792 8
8860 1759437749752669792 10
8861 1759437749809683280 26
8862 1759437749969683296 26
8863 1759437750000000016 32
8864 1759437750000020000 34
8865 1759437750129683312 26
8866 1759437750289683328 26
8867 1759437750449683344 26
8868 1759437750552388448 1
8869 1759437750588704232 3
8870 1759437750609683360 26
8871 1759437750619069408 1
8872 1759437750619069416 9
8873 1759437750619069432 14
8874 1759437750619083408 2
8875 1759437750619401616 37
8876 1759437750619402792 6
8877 1759437750619402800 7
8878 1759437750619404792 5
8879 1759437750619404800 6
8880 1759437750619405616 38
8881 1759437750619406800 7
8882 1759437750619407680 8
8883 1759437750619407680 10
8884 1759437750655377600 3
8885 1759437750685742768 1
8886 1759437750685742776 9
8887 1759437750685742792 14
8888 1759437750685756776 2
8889 1759437750686074976 37
8890 1759437750686076152 6
8891 1759437750686076160 7
8892 1759437750686078152 5
8893 1759437750686078160 6
8894 1759437750686078976 38
8895 1759437750686080160 7
8896 1759437750686081040 8
8897 1759437750686081040 10
8898 1759437750722048872 3
8899 1759437750752414048 1
8900 1759437750752414056 9
8901 1759437750752414072 14
8902 1759437750752428040 2
8903 1759437750752746256 37
8904 1759437750752747432 6
8905 1759437750752747440 7
8906 1759437750752749432 5
8907 1759437750752749440 6
8908 1759437750752750256 38
8909 1759437750752751440 7
8910 1759437750752752320 8
8911 1759437750752752320 10
8912 1759437750769683376 26
8913 1759437750929683392 26
8914 1759437750978658808 22
8915 1759437751000000016 32
8916 1759437751000020024 34
8917 1759437751089683408 26
8918 1759437751249683424 26
8919 1759437751409683440 26
8920 1759437751552479984 1
8921 1759437751569683456 26
8922 1759437751588789864 3
8923 1759437751619155024 1
8924 1759437751619155032 9
8925 1759437751619155048 14
8926 1759437751619169032 2
8927 1759437751619487232 37
8928 1759437751619488408 6
8929 1759437751619488416 7
8930 1759437751619490408 5
8931 1759437751619490416 6
8932 1759437751619491232 38
8933 1759437751619492416 7
8934 1759437751619493296 8
8935 1759437751619493296 10
8936 1759437751655462128 3
8937 1759437751685827304 1
8938 1759437751685827312 9
8939 1759437751685827328 14
8940 1759437751685841304 2
8941 1759437751686159512 37
8942 1759437751686160688 6
8943 1759437751686160696 7
8944 1759437751686162688 5
8945 1759437751686162696 6
8946 1759437751686163512 38
8947 1759437751686164696 7
8948 1759437751686165576 8
8949 1759437751686165576 10
8950 1759437751722133400 3
8951 1759437751729683472 26
8952 1759437751752498576 1
8953 1759437751752498584 9
8954 1759437751752498600 14
8955 1759437751752512568 2
8956 1759437751752830784 37
8957 1759437751752831960 6
8958 1759437751752831968 7
8959 1759437751752833960 5
8960 1759437751752833968 6
8961 1759437751752834784 38
8962 1759437751752835968 7
8963 1759437751752836848 8
8964 1759437751752836848 10
8965 1759437751889683488 26
8966 1759437751973253992 13
8967 1759437752000000016 32
8968 1759437752000019952 34
8969 1759437752133251728 26
8970 1759437752293251744 26
8971 1759437752453251760 26
8972 1759437752552570608 1
8973 1759437752588880392 3
8974 1759437752613251776 26
8975 1759437752619245560 1
8976 1759437752619245568 9
8977 1759437752619245584 14
8978 1759437752619259560 2
8979 1759437752619577768 37
8980 1759437752619578944 6
8981 1759437752619578952 7
8982 1759437752619580944 5
8983 1759437752619580952 6
8984 1759437752619581768 38
8985 1759437752619582952 7
8986 1759437752619583832 8
8987 1759437752619583832 10
8988 1759437752655554760 3
8989 1759437752685919920 1
8990 1759437752685919928 9
8991 1759437752685919944 14
8992 1759437752685933928 2
8993 1759437752686252128 37
8994 1759437752686253304 6
8995 1759437752686253312 7
8996 1759437752686255304 5
8997 1759437752686255312 6
8998 1759437752686256128 38
8999 1759437752686257312 7
9000 1759437752686258192 8
9001 1759437752686258192 10
9002 1759437752722228024 3
9003 1759437752752593200 1
9004 1759437752752593208 9
9005 1759437752752593224 14
9006 1759437752752607200 2
9007 1759437752752925408 37
9008 1759437752752926584 6
9009 1759437752752926592 7
9010 1759437752752928584 5
9011 1759437752752928592 6
9012 1759437752752929408 38
9013 1759437752752930592 7
9014 1759437752752931472 8
9015 1759437752752931472 10
9016 1759437752773251792 26
9017 1759437752933251808 26
9018 1759437753000000016 32
9019 1759437753000019984 34
9020 1759437753093251824 26
9021 1759437753253251840 26
9022 1759437753413251856 26
9023 1759437753552646144 1
9024 1759437753573251872 26
9025 1759437753588957016 3
9026 1759437753619322184 1
9027 1759437753619322192 9
9028 1759437753619322208 14
9029 1759437753619336192 2
9030 1759437753619654392 37
9031 1759437753619655568 6
9032 1759437753619655576 7
9033 1759437753619657568 5
9034 1759437753619657576 6
9035 1759437753619658392 38
9036 1759437753619659576 7
9037 1759437753619660456 8
9038 1759437753619660456 10
9039 1759437753655627288 3
9040 1759437753685992456 1
9041 1759437753685992464 9
9042 1759437753685992480 14
9043 1759437753686006456 2
9044 1759437753686324664 37
9045 1759437753686325840 6
9046 1759437753686325848 7
9047 1759437753686327840 5
9048 1759437753686327848 6
9049 1759437753686328664 38
9050 1759437753686329848 7
9051 1759437753686330728 8
9052 1759437753686330728 10
9053 1759437753722299552 3
9054 1759437753733251888 26
9055 1759437753752664712 1
9056 1759437753752664720 9
9057 1759437753752664736 14
9058 1759437753752678728 2
9059 1759437753752996920 37
9060 1759437753752998096 6
9061 1759437753752998104 7
9062 1759437753753000096 5
9063 1759437753753000104 6
9064 1759437753753000920 38
9065 1759437753753002104 7
9066 1759437753753002984 8
9067 1759437753753002984 10
9068 1759437753893251904 26
9069 1759437753966947856 22
9070 1759437754000000016 32
9071 1759437754000020008 34
9072 1759437754053251920 26
9073 1759437754133271648 13
9074 1759437754293269384 26
9075 1759437754453269400 26
9076 1759437754552719768 1
9077 1759437754589030544 3
9078 1759437754613269416 26
9079 1759437754619395704 1
9080 1759437754619395712 9
9081 1759437754619395728 14
9082 1759437754619409712 2
9083 1759437754619727912 37
9084 1759437754619729088 6
9085 1759437754619729096 7
9086 1759437754619731088 5
9087 1759437754619731096 6
9088 1759437754619731912 38
9089 1759437754619733096 7
9090 1759437754619733976 8
9091 1759437754619733976 10
9092 1759437754655700808 3
9093 1759437754686065976 1
9094 1759437754686065984 9
9095 1759437754686066000 14
9096 1759437754686079984 2
9097 1759437754686398184 37
9098 1759437754686399360 6
9099 1759437754686399368 7
9100 1759437754686401360 5
9101 1759437754686401368 6
9102 1759437754686402184 38
9103 1759437754686403368 7
9104 1759437754686404248 8
9105 1759437754686404248 10
9106 1759437754722372176 3
9107 1759437754752737352 1
9108 1759437754752737360 9
9109 1759437754752737376 14
9110 1759437754752751352 2
9111 1759437754753069560 37
9112 1759437754753070736 6
9113 1759437754753070744 7
9114 1759437754753072736 5
9115 1759437754753072744 6
9116 1759437754753073560 38
9117 1759437754753074744 7
9118 1759437754753075624 8
9119 1759437754753075624 10
9120 1759437754773269432 26
9121 1759437754933269448 26
9122 1759437755000000016 32
9123 1759437755000021832 34
9124 1759437755093269464 26
9125 1759437755253269480 26
9126 1759437755413269496 26
9127 1759437755552799288 1
9128 1759437755573269512 26
9129 1759437755589113168 3
9130 1759437755619478328 1
9131 1759437755619478336 9
9132 1759437755619478352 14
9133 1759437755619492336 2
9134 1759437755619810536 37
9135 1759437755619811712 6
9136 1759437755619811720 7
9137 1759437755619813712 5
9138 1759437755619813720 6
9139 1759437755619814536 38
9140 1759437755619815720 7
9141 1759437755619816600 8
9142 1759437755619816600 10
9143 1759437755655782432 3
9144 1759437755686147600 1
9145 1759437755686147608 9
9146 1759437755686147624 14
9147 1759437755686161608 2
9148 1759437755686479808 37
9149 1759437755686480984 6
9150 1759437755686480992 7
9151 1759437755686482984 5
9152 1759437755686482992 6
9153 1759437755686483808 38
9154 1759437755686484992 7
9155 1759437755686485872 8
9156 1759437755686485872 10
9157 1759437755722456704 3
9158 1759437755733269528 26
9159 1759437755752821864 1
9160 1759437755752821872 9
9161 1759437755752821888 14
9162 1759437755752835872 2
9163 1759437755753154072 37
9164 1759437755753155248 6
9165 1759437755753155256 7
9166 1759437755753157248 5
9167 1759437755753157256 6
9168 1759437755753158072 38
9169 1759437755753159256 7
9170 1759437755753160136 8
9171 1759437755753160136 10
9172 1759437755893269544 26
9173 1759437756000000016 32
9174 1759437756000019960 34
9175 1759437756053269560 26
9176 1759437756213269576 26
9177 1759437756373269592 26
9178 1759437756486208536 1
9179 1759437756533269608 26
9180 1759437756552885600 1
9181 1759437756552899592 2
9182 1759437756589193688 3
9183 1759437756619558856 1
9184 1759437756619558864 9
9185 1759437756619558880 14
9186 1759437756619572864 2
9187 1759437756619891064 37
9188 1759437756619892240 6
9189 1759437756619892248 7
9190 1759437756619894240 5
9191 1759437756619894248 6
9192 1759437756619895064 38
9193 1759437756619896248 7
9194 1759437756619897128 8
9195 1759437756619897128 10
9196 1759437756655866960 3
9197 1759437756686232128 1
9198 1759437756686232136 9
9199 1759437756686232152 14
9200 1759437756686246128 2
9201 1759437756686564336 37
9202 1759437756686565512 6
9203 1759437756686565520 7
9204 1759437756686567512 5
9205 1759437756686567520 6
9206 1759437756686568336 38
9207 1759437756686569520 7
9208 1759437756686570400 8
9209 1759437756686570400 10
9210 1759437756693269624 26
9211 1759437756722538328 3
9212 1759437756752903488 1
9213 1759437756752903496 9
9214 1759437756752903512 14
9215 1759437756752917496 2
9216 1759437756753235696 37
9217 1759437756753236872 6
9218 1759437756753236880 7
9219 1759437756753238872 5
9220 1759437756753238880 6
9221 1759437756753239696 38
9222 1759437756753240880 7
9223 1759437756753241760 8
9224 1759437756753241760 10
9225 1759437756853269640 26
9226 1759437756955236904 22
9227 1759437757000000016 32
9228 1759437757000019984 34
9229 1759437757013269656 26
9230 1759437757173269672 26
9231 1759437757209410792 13
9232 1759437757369408528 26
9233 1759437757529408544 26
9234 1759437757552967432 1
9235 1759437757589280216 3
9236 1759437757619645384 1
9237 1759437757619645392 9
9238 1759437757619645408 14
9239 1759437757619659384 2
9240 1759437757619977592 37
9241 1759437757619978768 6
9242 1759437757619978776 7
9243 1759437757619980768 5
9244 1759437757619980776 6
9245 1759437757619981592 38
9246 1759437757619982776 7
9247 1759437757619983656 8
9248 1759437757619983656 10
9249 1759437757655953584 3
9250 1759437757686318744 1
9251 1759437757686318752 9
9252 1759437757686318768 14
9253 1759437757686332752 2
9254 1759437757686650952 37
9255 1759437757686652128 6
9256 1759437757686652136 7
9257 1759437757686654128 5
9258 1759437757686654136 6
9259 1759437757686654952 38
9260 1759437757686656136 7
9261 1759437757686657016 8
9262 1759437757686657016 10
9263 1759437757689408560 26
9264 1759437757722626848 3
9265 1759437757752992024 1
9266 1759437757752992032 9
9267 1759437757752992048 14
9268 1759437757753006024 2
9269 1759437757753324232 37
9270 1759437757753325408 6
9271 1759437757753325416 7
9272 1759437757753327408 5
9273 1759437757753327416 6
9274 1759437757753328232 38
9275 1759437757753329416 7
9276 1759437757753330296 8
9277 1759437757753330296 10
9278 1759437757849408576 26
9279 1759437758000000016 32
9280 1759437758000020008 34
9281 1759437758009408592 26
9282 1759437758169408608 26
9283 1759437758329408624 26
9284 1759437758489408640 26
9285 1759437758553056064 1
9286 1759437758589368840 3
9287 1759437758619734000 1
9288 1759437758619734008 9
9289 1759437758619734024 14
9290 1759437758619748008 2
9291 1759437758620066208 37
9292 1759437758620067384 6
9293 1759437758620067392 7
9294 1759437758620069384 5
9295 1759437758620069392 6
9296 1759437758620070208 38
9297 1759437758620071392 7
9298 1759437758620072272 8
9299 1759437758620072272 10
9300 1759437758649408656 26
9301 1759437758656041104 3
9302 1759437758686406280 1
9303 1759437758686406288 9
9304 1759437758686406304 14
9305 1759437758686420280 2
9306 1759437758686738488 37
9307 1759437758686739664 6
9308 1759437758686739672 7
9309 1759437758686741664 5
9310 1759437758686741672 6
9311 1759437758686742488 38
9312 1759437758686743672 7
9313 1759437758686744552 8
9314 1759437758686744552 10
9315 1759437758722705472 3
9316 1759437758753070648 1
9317 1759437758753070656 9
9318 1759437758753070672 14
9319 1759437758753084648 2
9320 1759437758753402856 37
9321 1759437758753404032 6
9322 1759437758753404040 7
9323 1759437758753406032 5
9324 1759437758753406040 6
9325 1759437758753406856 38
9326 1759437758753408040 7
9327 1759437758753408920 8
9328 1759437758753408920 10
9329 1759437758809408672 26
9330 1759437758969408688 26
9331 1759437759000000016 32
9332 1759437759000020032 34
9333 1759437759129408704 26
9334 1759437759289408720 26
9335 1759437759449408736 26
9336 1759437759553122592 1
9337 1759437759589431360 3
9338 1759437759609408752 26
9339 1759437759619796528 1
9340 1759437759619796536 9
9341 1759437759619796552 14
9342 1759437759619810536 2
9343 1759437759620128736 37
9344 1759437759620129912 6
9345 1759437759620129920 7
9346 1759437759620131912 5
9347 1759437759620131920 6
9348 1759437759620132736 38
9349 1759437759620133920 7
9350 1759437759620134800 8
9351 1759437759620134800 10
9352 1759437759656102736 3
9353 1759437759686467904 1
9354 1759437759686467912 9
9355 1759437759686467928 14
9356 1759437759686481904 2
9357 1759437759686800112 37
9358 1759437759686801288 6
9359 1759437759686801296 7
9360 1759437759686803288 5
9361 1759437759686803296 6
9362 1759437759686804112 38
9363 1759437759686805296 7
9364 1759437759686806176 8
9365 1759437759686806176 10
9366 1759437759722776000 3
9367 1759437759753141160 1
9368 1759437759753141168 9
9369 1759437759753141184 14
9370 1759437759753155176 2
9371 1759437759753473368 37
9372 1759437759753474544 6
9373 1759437759753474552 7
9374 1759437759753476544 5
9375 1759437759753476552 6
9376 1759437759753477368 38
9377 1759437759753478552 7
9378 1759437759753479432 8
9379 1759437759753479432 10
9380 1759437759769408768 26
9381 1759437759929408784 26
9382 1759437759943525952 22
9383 1759437760000000016 32
9384 1759437760000019952 34
9385 1759437760009072632 17
9386 1759437760089408800 26
9387 1759437760249408816 26
9388 1759437760409408832 26
9389 1759437760553186208 1
9390 1759437760569408848 26
9391 1759437760589491992 3
9392 1759437760619857152 1
9393 1759437760619857160 9
9394 1759437760619857176 14
9395 1759437760619871160 2
9396 1759437760620189360 37
9397 1759437760620190536 6
9398 1759437760620190544 7
9399 1759437760620192536 5
9400 1759437760620192544 6
9401 1759437760620193360 38
9402 1759437760620194544 7
9403 1759437760620195424 8
9404 1759437760620195424 10
9405 1759437760656161256 3
9406 1759437760686526424 1
9407 1759437760686526432 9
9408 1759437760686526448 14
9409 1759437760686540432 2
9410 1759437760686858632 37
9411 1759437760686859808 6
9412 1759437760686859816 7
9413 1759437760686861808 5
9414 1759437760686861816 6
9415 1759437760686862632 38
9416 1759437760686863816 7
9417 1759437760686864696 8
9418 1759437760686864696 10
9419 1759437760722833624 3
9420 1759437760729408864 26
9421 1759437760753198792 1
9422 1759437760753198800 9
9423 1759437760753198816 14
9424 1759437760753212800 2
9425 1759437760753531000 37
9426 1759437760753532176 6
9427 1759437760753532184 7
9428 1759437760753534176 5
9429 1759437760753534184 6
9430 1759437760753535000 38
9431 1759437760753536184 7
9432 1759437760753537064 8
9433 1759437760753537064 10
9434 1759437760889408880 26
9435 1759437761000000016 32
9436 1759437761000019984 34
9437 1759437761037963552 13
9438 1759437761197961288 26
9439 1759437761357961304 26
9440 1759437761517961320 26
9441 1759437761553238744 1
9442 1759437761589547512 3
9443 1759437761619912688 1
9444 1759437761619912696 9
9445 1759437761619912712 14
9446 1759437761619926688 2
9447 1759437761620244896 37
9448 1759437761620246072 6
9449 1759437761620246080 7
9450 1759437761620248072 5
9451 1759437761620248080 6
9452 1759437761620248896 38
9453 1759437761620250080 7
9454 1759437761620250960 8
9455 1759437761620250960 10
9456 1759437761656217888 3
9457 1759437761677961336 26
9458 1759437761686583048 1
9459 1759437761686583056 9
9460 1759437761686583072 14
9461 1759437761686597056 2
9462 1759437761686915256 37
9463 1759437761686916432 6
9464 1759437761686916440 7
9465 1759437761686918432 5
9466 1759437761686918440 6
9467 1759437761686919256 38
9468 1759437761686920440 7
9469 1759437761686921320 8
9470 1759437761686921320 10
9471 1759437761722888152 3
9472 1759437761753253328 1
9473 1759437761753253336 9
9474 1759437761753253352 14
9475 1759437761753267328 2
9476 1759437761753585536 37
9477 1759437761753586712 6
9478 1759437761753586720 7
9479 1759437761753588712 5
9480 1759437761753588720 6
9481 1759437761753589536 38
9482 1759437761753590720 7
9483 1759437761753591600 8
9484 1759437761753591600 10
9485 1759437761837961352 26
9486 1759437761997961368 26
9487 1759437762000000016 32
9488 1759437762000020008 34
9489 1759437762157961384 26
9490 1759437762317961400 26
9491 1759437762477961416 26
9492 1759437762553285272 1
9493 1759437762589591144 3
9494 1759437762619956320 1
9495 1759437762619956328 9
9496 1759437762619956344 14
9497 1759437762619970312 2
9498 1759437762620288528 37
9499 1759437762620289704 6
9500 1759437762620289712 7
9501 1759437762620291704 5
9502 1759437762620291712 6
9503 1759437762620292528 38
9504 1759437762620293712 7
9505 1759437762620294592 8
9506 1759437762620294592 10
9507 1759437762637961432 26
9508 1759437762656265416 3
9509 1759437762686630584 1
9510 1759437762686630592 9
9511 1759437762686630608 14
9512 1759437762686644584 2
9513 1759437762686962792 37
9514 1759437762686963968 6
9515 1759437762686963976 7
9516 1759437762686965968 5
9517 1759437762686965976 6
9518 1759437762686966792 38
9519 1759437762686967976 7
9520 1759437762686968856 8
9521 1759437762686968856 10
9522 1759437762722932680 3
9523 1759437762753297848 1
9524 1759437762753297856 9
9525 1759437762753297872 14
9526 1759437762753311856 2
9527 1759437762753630056 37
9528 1759437762753631232 6
9529 1759437762753631240 7
9530 1759437762753633232 5
9531 1759437762753633240 6
9532 1759437762753634056 38
9533 1759437762753635240 7
9534 1759437762753636120 8
9535 1759437762753636120 10
9536 1759437762797961448 26
9537 1759437762931815000 22
9538 1759437762957961464 26
9539 1759437763000000016 32
9540 1759437763000020032 34
9541 1759437763117961480 26
9542 1759437763277961496 26
9543 1759437763437961512 26
9544 1759437763553311904 1
9545 1759437763589614672 3
9546 1759437763597961528 26
9547 1759437763619979848 1
9548 1759437763619979856 9
9549 1759437763619979872 14
9550 1759437763619993840 2
9551 1759437763620312056 37
9552 1759437763620313232 6
9553 1759437763620313240 7
9554 1759437763620315232 5
9555 1759437763620315240 6
9556 1759437763620316056 38
9557 1759437763620317240 7
9558 1759437763620318120 8
9559 1759437763620318120 10
9560 1759437763656286040 3
9561 1759437763686651208 1
9562 1759437763686651216 9
9563 1759437763686651232 14
9564 1759437763686665216 2
9565 1759437763686983416 37
9566 1759437763686984592 6
9567 1759437763686984600 7
9568 1759437763686986592 5
9569 1759437763686986600 6
9570 1759437763686987416 38
9571 1759437763686988600 7
9572 1759437763686989480 8
9573 1759437763686989480 10
9574 1759437763722951312 3
9575 1759437763753316480 1
9576 1759437763753316488 9
9577 1759437763753316504 14
9578 1759437763753330480 2
9579 1759437763753648688 37
9580 1759437763753649864 6
9581 1759437763753649872 7
9582 1759437763753651864 5
9583 1759437763753651872 6
9584 1759437763753652688 38
9585 1759437763753653872 7
9586 1759437763753654752 8
9587 1759437763753654752 10
9588 1759437763757961544 26
9589 1759437763823053528 13
9590 1759437763983051264 26
9591 1759437764000000016 32
9592 1759437764000019960 34
9593 1759437764143051280 26
9594 1759437764303051296 26
9595 1759437764463051312 26
9596 1759437764553328424 1
9597 1759437764589636296 3
9598 1759437764620001472 1
9599 1759437764620001480 9
9600 1759437764620001496 14
9601 1759437764620015472 2
9602 1759437764620333680 37
9603 1759437764620334856 6
9604 1759437764620334864 7
9605 1759437764620336856 5
9606 1759437764620336864 6
9607 1759437764620337680 38
9608 1759437764620338864 7
9609 1759437764620339744 8
9610 1759437764620339744 10
9611 1759437764623051328 26
9612 1759437764656303568 3
9613 1759437764686668728 1
9614 1759437764686668736 9
9615 1759437764686668752 14
9616 1759437764686682736 2
9617 1759437764687000936 37
9618 1759437764687002112 6
9619 1759437764687002120 7
9620 1759437764687004112 5
9621 1759437764687004120 6
9622 1759437764687004936 38
9623 1759437764687006120 7
9624 1759437764687007000 8
9625 1759437764687007000 10
9626 1759437764722970832 3
9627 1759437764753336000 1
9628 1759437764753336008 9
9629 1759437764753336024 14
9630 1759437764753350008 2
9631 1759437764753668208 37
9632 1759437764753669384 6
9633 1759437764753669392 7
9634 1759437764753671384 5
9635 1759437764753671392 6
9636 1759437764753672208 38
9637 1759437764753673392 7
9638 1759437764753674272 8
9639 1759437764753674272 10
9640 1759437764783051344 26
9641 1759437764943051360 26
9642 1759437765000000016 32
9643 1759437765000019992 34
9644 1759437765103051376 26
9645 1759437765263051392 26
9646 1759437765423051408 26
9647 1759437765553339056 1
9648 1759437765583051424 26
9649 1759437765589642824 3
9650 1759437765620008000 1
9651 1759437765620008008 9
9652 1759437765620008024 14
9653 1759437765620022000 2
9654 1759437765620340208 37
9655 1759437765620341384 6
9656 1759437765620341392 7
9657 1759437765620343384 5
9658 1759437765620343392 6
9659 1759437765620344208 38
9660 1759437765620345392 7
9661 1759437765620346272 8
9662 1759437765620346272 10
9663 1759437765656309096 3
9664 1759437765686674256 1
9665 1759437765686674264 9
9666 1759437765686674280 14
9667 1759437765686688264 2
9668 1759437765687006464 37
9669 1759437765687007640 6
9670 1759437765687007648 7
9671 1759437765687009640 5
9672 1759437765687009648 6
9673 1759437765687010464 38
9674 1759437765687011648 7
9675 1759437765687012528 8
9676 1759437765687012528 10
9677 1759437765722976464 3
9678 1759437765743051440 26
9679 1759437765753341632 1
9680 1759437765753341640 9
9681 1759437765753341656 14
9682 1759437765753355632 2
9683 1759437765753673840 37
9684 1759437765753675016 6
9685 1759437765753675024 7
9686 1759437765753677016 5
9687 1759437765753677024 6
9688 1759437765753677840 38
9689 1759437765753679024 7
9690 1759437765753679904 8
9691 1759437765753679904 10
9692 1759437765903051456 26
9693 1759437765920104048 22
9694 1759437766000000016 32
9695 1759437766000020016 34
9696 1759437766012515376 13
9697 1759437766172513112 26
9698 1759437766332513128 26
9699 1759437766486654312 1
9700 1759437766492513144 26
9701 1759437766553323256 1
9702 1759437766553337256 2
9703 1759437766589623456 3
9704 1759437766619988632 1
9705 1759437766619988640 9
9706 1759437766619988656 14
9707 1759437766620002624 2
9708 1759437766620320840 37
9709 1759437766620322016 6
9710 1759437766620322024 7
9711 1759437766620324016 5
9712 1759437766620324024 6
9713 1759437766620324840 38
9714 1759437766620326024 7
9715 1759437766620326904 8
9716 1759437766620326904 10
9717 1759437766652513160 26
9718 1759437766656285720 3
9719 1759437766686650896 1
9720 1759437766686650904 9
9721 1759437766686650920 14
9722 1759437766686664896 2
9723 1759437766686983104 37
9724 1759437766686984280 6
9725 1759437766686984288 7
9726 1759437766686986280 5
9727 1759437766686986288 6
9728 1759437766686987104 38
9729 1759437766686988288 7
9730 1759437766686989168 8
9731 1759437766686989168 10
9732 1759437766722950992 3
9733 1759437766753316160 1
9734 1759437766753316168 9
9735 1759437766753316184 14
9736 1759437766753330160 2
9737 1759437766753648368 37
9738 1759437766753649544 6
9739 1759437766753649552 7
9740 1759437766753651544 5
9741 1759437766753651552 6
9742 1759437766753652368 38
9743 1759437766753652368 40
9744 1759437766753653344 5
9745 1759437766753654432 8
9746 1759437766753654432 10
9747 1759437766753655344 5
9748 1759437766753657344 5
9749 1759437766753659344 5
9750 1759437766753661344 5
9751 1759437766753663344 5
9752 1759437766753665344 5
9753 1759437766753667344 5
9754 1759437766753669344 5
9755 1759437766753671344 5
9756 1759437766753673344 5
9757 1759437766753675344 5
9758 1759437766753677344 5
9759 1759437766753679344 5
9760 1759437766753681344 5
9761 1759437766753683344 5
9762 1759437766753685344 5
9763 1759437766753687344 5
9764 1759437766753689344 5
9765 1759437766753691344 5
9766 1759437766753693344 5
9767 1759437766753695344 5
9768 1759437766753697344 5
9769 1759437766753699344 5
9770 1759437766753701344 5
9771 1759437766753703344 5
9772 1759437766753705344 5
9773 1759437766753707344 5
9774 1759437766753709344 5
9775 1759437766753711344 5
9776 1759437766753713344 5
9777 1759437766753715344 5
9778 1759437766753717344 5
9779 1759437766753719344 5
9780 1759437766753721552 7
9781 1759437766812513176 26
9782 1759437766972513192 26
9783 1759437767000000016 32
9784 1759437767000019944 34
9785 1759437767132513208 26
9786 1759437767292513224 26
9787 1759437767452513240 26
9788 1759437767553286208 1
9789 1759437767589588976 3
9790 1759437767612513256 26
9791 1759437767619954152 1
9792 1759437767619954160 9
9793 1759437767619954176 14
9794 1759437767619968152 2
9795 1759437767620286360 37
9796 1759437767620287536 6
9797 1759437767620287544 7
9798 1759437767620289536 5
9799 1759437767620289544 6
9800 1759437767620290360 38
9801 1759437767620291544 7
9802 1759437767620292424 8
9803 1759437767620292424 10
9804 1759437767656257248 3
9805 1759437767686622408 1
9806 1759437767686622416 9
9807 1759437767686622432 14
9808 1759437767686636416 2
9809 1759437767686954616 37
9810 1759437767686955792 6
9811 1759437767686955800 7
9812 1759437767686957792 5
9813 1759437767686957800 6
9814 1759437767686958616 38
9815 1759437767686959800 7
9816 1759437767686960680 8
9817 1759437767686960680 10
9818 1759437767722919616 3
9819 1759437767753284776 1
9820 1759437767753284784 9
9821 1759437767753284800 14
9822 1759437767753298784 2
9823 1759437767753616984 37
9824 1759437767753618160 6
9825 1759437767753618168 7
9826 1759437767753620160 5
9827 1759437767753620168 6
9828 1759437767753620984 38
9829 1759437767753622168 7
9830 1759437767753623048 8
9831 1759437767753623048 10
9832 1759437767772513272 26
9833 1759437767932513288 26
9834 1759437768000000016 32
9835 1759437768000019968 34
9836 1759437768092513304 26
9837 1759437768101095816 13
9838 1759437768261093552 26
9839 1759437768421093568 26
9840 1759437768553265728 1
9841 1759437768581093584 26
9842 1759437768589565600 3
9843 1759437768619930776 1
9844 1759437768619930784 9
9845 1759437768619930800 14
9846 1759437768619944776 2
9847 1759437768620262984 37
9848 1759437768620264160 6
9849 1759437768620264168 7
9850 1759437768620266160 5
9851 1759437768620266168 6
9852 1759437768620266984 38
9853 1759437768620268168 7
9854 1759437768620269048 8
9855 1759437768620269048 10
9856 1759437768656233872 3
9857 1759437768686599048 1
9858 1759437768686599056 9
9859 1759437768686599072 14
9860 1759437768686613040 2
9861 1759437768686931256 37
9862 1759437768686932432 6
9863 1759437768686932440 7
9864 1759437768686934432 5
9865 1759437768686934440 6
9866 1759437768686935256 38
9867 1759437768686936440 7
9868 1759437768686937320 8
9869 1759437768686937320 10
9870 1759437768722900136 3
9871 1759437768741093600 26
9872 1759437768753265296 1
9873 1759437768753265304 9
9874 1759437768753265320 14
9875 1759437768753279312 2
9876 1759437768753597504 37
9877 1759437768753598680 6
9878 1759437768753598688 7
9879 1759437768753600680 5
9880 1759437768753600688 6
9881 1759437768753601504 38
9882 1759437768753602688 7
9883 1759437768753603568 8
9884 1759437768753603568 10
9885 1759437768901093616 26
9886 1759437768908393096 22
9887 1759437769000000016 32
9888 1759437769000019992 34
9889 1759437769061093632 26
9890 1759437769221093648 26
9891 1759437769381093664 26
9892 1759437769541093680 26
9893 1759437769553232360 1
9894 1759437769589536128 3
9895 1759437769619901288 1
9896 1759437769619901296 9
9897 1759437769619901312 14
9898 1759437769619915296 2
9899 1759437769620233496 37
9900 1759437769620234672 6
9901 1759437769620234680 7
9902 1759437769620236672 5
9903 1759437769620236680 6
9904 1759437769620237496 38
9905 1759437769620238680 7
9906 1759437769620239560 8
9907 1759437769620239560 10
9908 1759437769656201392 3
9909 1759437769686566552 1
9910 1759437769686566560 9
9911 1759437769686566576 14
9912 1759437769686580568 2
9913 1759437769686898760 37
9914 1759437769686899936 6
9915 1759437769686899944 7
9916 1759437769686901936 5
9917 1759437769686901944 6
9918 1759437769686902760 38
9919 1759437769686903944 7
9920 1759437769686904824 8
9921 1759437769686904824 10
9922 1759437769701093696 26
9923 1759437769722866760 3
9924 1759437769753231928 1
9925 1759437769753231936 9
9926 1759437769753231952 14
9927 1759437769753245936 2
9928 1759437769753564136 37
9929 1759437769753565312 6
9930 1759437769753565320 7
9931 1759437769753567312 5
9932 1759437769753567320 6
9933 1759437769753568136 38
9934 1759437769753569320 7
9935 1759437769753570200 8
9936 1759437769753570200 10
9937 1759437769861093712 26
9938 1759437770000000016 32
9939 1759437770000020016 34
9940 1759437770021093728 26
9941 1759437770181093744 26
9942 1759437770341093760 26
9943 1759437770501093776 26
9944 1759437770553186872 1
9945 1759437770589491752 3
9946 1759437770619856928 1
9947 1759437770619856936 9
9948 1759437770619856952 14
9949 1759437770619870920 2
9950 1759437770620189136 37
9951 1759437770620190312 6
9952 1759437770620190320 7
9953 1759437770620192312 5
9954 1759437770620192320 6
9955 1759437770620193136 38
9956 1759437770620194320 7
9957 1759437770620195200 8
9958 1759437770620195200 10
9959 1759437770656155016 3
9960 1759437770661093792 26
9961 1759437770686520192 1
9962 1759437770686520200 9
9963 1759437770686520216 14
9964 1759437770686534192 2
9965 1759437770686852400 37
9966 1759437770686853576 6
9967 1759437770686853584 7
9968 1759437770686855576 5
9969 1759437770686855584 6
9970 1759437770686856400 38
9971 1759437770686857584 7
9972 1759437770686858464 8
9973 1759437770686858464 10
9974 1759437770722819288 3
9975 1759437770753184456 1
9976 1759437770753184464 9
9977 1759437770753184480 14
9978 1759437770753198456 2
9979 1759437770753516664 37
9980 1759437770753517840 6
9981 1759437770753517848 7
9982 1759437770753519840 5
9983 1759437770753519848 6
9984 1759437770753520664 38
9985 1759437770753521848 7
9986 1759437770753522728 8
9987 1759437770753522728 10
9988 1759437770821093808 26
9989 1759437770981093824 26
9990 1759437771000000016 32
9991 1759437771000020040 34
9992 1759437771010874424 13
9993 1759437771170872160 26
9994 1759437771330872176 26
9995 1759437771490872192 26
9996 1759437771553154504 1
9997 1759437771589462272 3
9998 1759437771619827432 1
9999 1759437771619827440 9
10000 1759437771619827456 14
